BLV,2011-10-28,88.75,89.21,88.56,88.98,76600,88.98
BLV,2011-10-27,89.35,89.63,87.75,88.23,132800,88.23
BLV,2011-10-26,90.77,91.08,90.06,90.21,39700,90.21
BLV,2011-10-25,89.43,91.32,89.43,91.14,60500,91.14
BLV,2011-10-24,89.68,89.74,89.24,89.43,17900,89.43
BLV,2011-10-21,89.50,89.68,89.08,89.13,48800,89.13
BLV,2011-10-20,89.59,90.20,89.50,89.50,33400,89.50
BLV,2011-10-19,89.59,90.09,89.39,89.89,28000,89.89
BLV,2011-10-18,89.99,90.41,89.14,89.74,64700,89.74
BLV,2011-10-17,88.88,89.86,88.88,89.70,38000,89.70
BLV,2011-10-14,88.57,89.12,88.39,88.71,31400,88.71
BLV,2011-10-13,89.16,89.82,89.10,89.45,65500,89.45
BLV,2011-10-12,88.95,89.19,88.25,89.02,67600,89.02
BLV,2011-10-11,90.08,90.08,89.25,89.50,34900,89.50
BLV,2011-10-10,90.22,90.62,88.94,89.59,61900,89.59
BLV,2011-10-07,89.93,90.84,89.53,90.41,100600,90.41
BLV,2011-10-06,91.45,91.66,90.63,90.69,131000,90.69
BLV,2011-10-05,91.94,91.94,91.26,91.67,76700,91.67
BLV,2011-10-04,93.53,93.68,92.00,92.10,91300,92.10
BLV,2011-10-03,92.23,93.31,91.74,93.26,149600,93.26
BLV,2011-09-30,91.53,91.95,90.76,91.77,112000,91.46
BLV,2011-09-29,90.45,90.94,90.13,90.32,132000,90.02
BLV,2011-09-28,90.25,90.33,89.36,90.12,60800,89.82
BLV,2011-09-27,90.14,90.44,89.83,90.31,86600,90.01
BLV,2011-09-26,91.87,92.15,90.93,91.06,42100,90.76
BLV,2011-09-23,93.29,93.69,91.81,91.98,115700,91.67
BLV,2011-09-22,93.24,94.25,92.69,93.99,199000,93.68
BLV,2011-09-21,90.15,92.11,89.59,91.93,59800,91.62
BLV,2011-09-20,89.95,90.23,89.62,90.23,41600,89.93
BLV,2011-09-19,89.71,90.14,89.59,89.71,27000,89.41
BLV,2011-09-16,88.27,88.89,88.05,88.75,14100,88.46
BLV,2011-09-15,88.84,88.97,88.40,88.40,51400,88.11
BLV,2011-09-14,88.97,89.51,88.75,89.51,25600,89.21
BLV,2011-09-13,89.61,89.61,88.01,88.94,58600,88.64
BLV,2011-09-12,89.70,90.11,89.54,89.83,77000,89.53
BLV,2011-09-09,89.41,90.00,89.07,89.75,35700,89.45
BLV,2011-09-08,89.53,89.68,88.88,89.64,34300,89.34
BLV,2011-09-07,89.37,89.46,88.88,89.12,39600,88.82
BLV,2011-09-06,90.59,90.79,89.97,90.13,58300,89.83
BLV,2011-09-02,89.10,89.63,88.52,89.44,67200,89.14
BLV,2011-09-01,86.70,87.78,86.00,87.78,62200,87.49
BLV,2011-08-31,87.57,87.90,86.90,86.95,128900,86.33
BLV,2011-08-30,86.93,87.54,86.93,87.41,60300,86.79
BLV,2011-08-29,85.88,86.53,85.88,86.53,22900,85.91
BLV,2011-08-26,87.17,87.45,86.56,87.03,92600,86.41
BLV,2011-08-25,86.18,86.83,86.11,86.67,35100,86.05
BLV,2011-08-24,87.73,87.73,85.64,85.70,33200,85.09
BLV,2011-08-23,87.91,88.38,87.49,87.58,72000,86.96
BLV,2011-08-22,88.77,89.04,88.61,88.77,37500,88.14
BLV,2011-08-19,88.80,89.35,88.63,89.09,43400,88.46
BLV,2011-08-18,88.85,89.66,88.21,88.57,44400,87.94
BLV,2011-08-17,86.94,87.80,86.46,87.80,43600,87.18
BLV,2011-08-16,85.71,86.75,85.50,86.53,74600,85.91
BLV,2011-08-15,86.23,86.29,85.59,85.76,37000,85.15
BLV,2011-08-12,85.76,86.44,84.41,86.26,66600,85.65
BLV,2011-08-11,87.32,87.50,84.75,84.87,124000,84.27
BLV,2011-08-10,88.24,88.90,87.30,88.67,58300,88.04
BLV,2011-08-09,86.06,88.86,85.96,87.37,124200,86.75
BLV,2011-08-08,85.39,86.80,84.97,86.02,99400,85.41
BLV,2011-08-05,86.27,87.39,85.02,85.23,77900,84.62
BLV,2011-08-04,85.70,87.26,85.59,87.23,79100,86.61
BLV,2011-08-03,85.49,86.50,85.21,85.47,74000,84.86
BLV,2011-08-02,83.81,85.29,83.63,85.17,76200,84.56
BLV,2011-08-01,82.85,83.74,82.76,83.59,51700,83.00
BLV,2011-07-29,82.06,83.12,82.05,83.08,23900,82.15
BLV,2011-07-28,81.62,81.79,81.41,81.62,24100,80.70
BLV,2011-07-27,81.17,81.45,80.93,81.19,15400,80.28
BLV,2011-07-26,80.98,81.44,80.98,81.35,23800,80.44
BLV,2011-07-25,80.69,81.15,80.63,80.84,24300,79.93
BLV,2011-07-22,81.30,81.50,81.12,81.39,10300,80.48
BLV,2011-07-21,80.85,81.09,80.64,81.07,33500,80.16
BLV,2011-07-20,81.81,81.98,81.40,81.52,11300,80.60
BLV,2011-07-19,80.90,82.09,80.75,82.08,49000,81.16
BLV,2011-07-18,81.21,81.35,80.68,80.75,52100,79.84
BLV,2011-07-15,80.82,81.49,80.82,81.25,23900,80.34
BLV,2011-07-14,81.78,81.98,81.22,81.28,72100,80.37
BLV,2011-07-13,81.74,82.38,81.50,82.36,67200,81.44
BLV,2011-07-12,82.01,82.05,81.54,81.84,81000,80.92
BLV,2011-07-11,81.04,81.59,81.04,81.57,43700,80.65
BLV,2011-07-08,80.57,81.01,80.57,80.88,56200,79.97
BLV,2011-07-07,79.76,80.07,79.63,80.00,43100,79.10
BLV,2011-07-06,80.04,80.17,79.80,80.08,32400,79.18
BLV,2011-07-05,79.78,79.98,79.67,79.80,111100,78.90
BLV,2011-07-01,80.02,80.02,79.45,79.62,43500,78.73
BLV,2011-06-30,80.04,80.16,79.31,79.96,94700,78.74
BLV,2011-06-29,80.36,80.54,79.93,80.03,31300,78.81
BLV,2011-06-28,80.88,80.92,80.17,80.30,36000,79.08
BLV,2011-06-27,81.79,81.79,80.82,81.00,56500,79.76
BLV,2011-06-24,81.92,82.19,81.85,81.90,83600,80.65
BLV,2011-06-23,81.89,82.25,81.78,82.00,14400,80.75
BLV,2011-06-22,81.62,81.89,81.38,81.52,15500,80.28
BLV,2011-06-21,81.61,81.73,81.21,81.58,15200,80.34
BLV,2011-06-20,81.64,81.87,81.32,81.59,17100,80.35
BLV,2011-06-17,81.81,81.89,81.53,81.81,16900,80.56
BLV,2011-06-16,82.00,82.27,81.75,82.01,61900,80.76
BLV,2011-06-15,81.05,81.85,80.82,81.72,33600,80.47
BLV,2011-06-14,81.31,81.41,80.84,80.99,117600,79.76
BLV,2011-06-13,81.88,82.16,81.74,81.79,19100,80.54
BLV,2011-06-10,82.01,82.65,81.83,82.05,158400,80.80
BLV,2011-06-09,82.09,82.25,81.43,81.71,40800,80.46
BLV,2011-06-08,81.74,81.98,81.57,81.95,67000,80.70
BLV,2011-06-07,81.09,81.56,80.88,81.54,97900,80.30
BLV,2011-06-06,81.17,81.44,80.94,81.31,33800,80.07
BLV,2011-06-03,81.73,81.73,81.06,81.46,24000,80.22
BLV,2011-06-02,81.94,82.11,81.29,81.43,51400,80.19
BLV,2011-06-01,82.19,82.70,82.12,82.65,103000,81.39
BLV,2011-05-31,81.79,82.15,81.67,82.09,38800,80.52
BLV,2011-05-27,81.59,81.93,81.52,81.89,9600,80.33
BLV,2011-05-26,81.70,82.00,81.70,81.99,17100,80.42
BLV,2011-05-25,81.72,81.83,81.31,81.43,32100,79.87
BLV,2011-05-24,81.76,81.82,81.35,81.69,22200,80.13
BLV,2011-05-23,81.59,81.74,81.48,81.55,35900,79.99
BLV,2011-05-20,81.16,81.43,80.99,81.43,20100,79.87
BLV,2011-05-19,80.80,81.37,80.66,81.26,19200,79.71
BLV,2011-05-18,81.79,81.99,81.31,81.34,39800,79.79
BLV,2011-05-17,81.44,81.89,81.44,81.84,55900,80.28
BLV,2011-05-16,80.79,81.42,80.79,81.40,27500,79.85
BLV,2011-05-13,80.63,81.20,80.63,80.91,19500,79.36
BLV,2011-05-12,80.62,80.79,80.07,80.27,38000,78.74
BLV,2011-05-11,80.29,80.86,80.27,80.72,14300,79.18
BLV,2011-05-10,80.46,80.75,80.34,80.46,43800,78.92
BLV,2011-05-09,80.55,80.96,80.55,80.82,28000,79.28
BLV,2011-05-06,80.54,81.12,80.42,80.78,62800,79.24
BLV,2011-05-05,80.60,81.08,80.49,81.00,30700,79.45
BLV,2011-05-04,80.09,80.50,80.09,80.50,28000,78.96
BLV,2011-05-03,79.89,80.04,79.75,79.99,39000,78.46
BLV,2011-05-02,79.60,79.82,79.57,79.78,22000,78.26
BLV,2011-04-29,79.83,80.06,79.67,80.05,15000,78.20
BLV,2011-04-28,79.34,79.84,79.34,79.84,21500,77.99
BLV,2011-04-27,79.43,79.63,79.30,79.45,16700,77.61
BLV,2011-04-26,79.32,79.90,79.32,79.90,22300,78.05
BLV,2011-04-25,79.09,79.23,78.99,79.14,36200,77.31
BLV,2011-04-21,78.84,79.24,78.75,78.98,27100,77.15
BLV,2011-04-20,79.07,79.28,78.91,78.91,28100,77.09
BLV,2011-04-19,78.97,79.43,78.97,79.21,22800,77.38
BLV,2011-04-18,78.24,79.01,78.07,78.96,44400,77.13
BLV,2011-04-15,78.56,78.91,78.49,78.88,31900,77.06
BLV,2011-04-14,78.20,78.26,77.97,78.00,30300,76.20
BLV,2011-04-13,77.43,78.10,77.43,78.10,19600,76.29
BLV,2011-04-12,77.60,77.96,77.52,77.63,14900,75.84
BLV,2011-04-11,77.03,77.39,77.00,77.16,16800,75.38
BLV,2011-04-08,77.16,77.42,77.16,77.17,27400,75.39
BLV,2011-04-07,77.55,77.67,77.20,77.25,19200,75.46
BLV,2011-04-06,78.26,78.31,77.62,77.67,24200,75.87
BLV,2011-04-05,78.19,78.49,78.15,78.43,11300,76.62
BLV,2011-04-04,78.22,78.60,78.22,78.42,17200,76.61
BLV,2011-04-01,77.88,78.36,77.66,78.36,12100,76.55
BLV,2011-03-31,78.58,78.64,78.11,78.22,35500,76.08
BLV,2011-03-30,78.01,78.61,77.95,78.59,28900,76.44
BLV,2011-03-29,78.25,78.52,78.00,78.08,63300,75.95
BLV,2011-03-28,78.22,78.61,78.22,78.41,25100,76.27
BLV,2011-03-25,78.69,78.86,78.28,78.40,23600,76.26
BLV,2011-03-24,78.74,78.80,78.49,78.59,25300,76.44
BLV,2011-03-23,79.32,79.43,78.80,78.83,30200,76.68
BLV,2011-03-22,78.66,79.00,78.65,79.00,24000,76.84
BLV,2011-03-21,78.47,79.04,78.47,78.88,13000,76.72
BLV,2011-03-18,78.90,79.16,78.61,79.10,19600,76.94
BLV,2011-03-17,79.07,79.18,78.73,79.04,22900,76.88
BLV,2011-03-16,79.08,80.00,78.91,79.37,27800,77.20
BLV,2011-03-15,78.83,78.85,78.44,78.60,22100,76.45
BLV,2011-03-14,78.21,78.50,78.13,78.37,41000,76.23
BLV,2011-03-11,78.45,78.57,78.08,78.24,19000,76.10
BLV,2011-03-10,77.91,78.49,77.25,78.43,205200,76.29
BLV,2011-03-09,77.43,78.02,77.38,77.68,26900,75.56
BLV,2011-03-08,77.31,77.52,77.16,77.24,15400,75.13
BLV,2011-03-07,77.46,77.89,77.34,77.57,18000,75.45
BLV,2011-03-04,77.35,77.94,77.35,77.82,19100,75.69
BLV,2011-03-03,77.54,77.70,77.21,77.41,21400,75.29
BLV,2011-03-02,78.39,78.47,78.03,78.07,149100,75.94
BLV,2011-03-01,78.17,78.66,77.84,78.55,21200,76.40
BLV,2011-02-28,78.75,78.91,78.63,78.82,9900,76.37
BLV,2011-02-25,78.44,78.65,78.25,78.65,33400,76.21
BLV,2011-02-24,78.03,78.46,78.03,78.23,75100,75.80
BLV,2011-02-23,77.92,78.07,77.58,77.77,52200,75.35
BLV,2011-02-22,77.23,77.81,77.15,77.78,34900,75.36
BLV,2011-02-18,76.79,77.02,76.61,76.99,19400,74.60
BLV,2011-02-17,77.19,77.33,77.05,77.18,16800,74.78
BLV,2011-02-16,76.97,77.34,76.91,77.00,25000,74.61
BLV,2011-02-15,76.78,77.01,76.65,77.00,16700,74.61
BLV,2011-02-14,76.60,77.07,76.56,76.89,29700,74.50
BLV,2011-02-11,76.45,76.80,76.35,76.80,41800,74.41
BLV,2011-02-10,76.32,76.44,76.00,76.00,13200,73.64
BLV,2011-02-09,76.48,77.00,76.03,76.81,24600,74.42
BLV,2011-02-08,76.58,76.86,76.10,76.18,21100,73.81
BLV,2011-02-07,76.11,76.69,76.11,76.69,69500,74.31
BLV,2011-02-04,76.74,76.81,76.27,76.39,50700,74.02
BLV,2011-02-03,76.83,77.36,76.83,76.92,16000,74.53
BLV,2011-02-02,77.51,77.74,77.00,77.21,23000,74.81
BLV,2011-02-01,77.34,77.55,77.05,77.27,29000,74.87
BLV,2011-01-31,78.12,78.34,77.82,78.02,14900,75.27
BLV,2011-01-28,77.59,78.51,77.59,78.38,26000,75.62
BLV,2011-01-27,77.84,78.19,77.59,78.05,31200,75.30
BLV,2011-01-26,78.62,78.62,77.68,77.84,10300,75.10
BLV,2011-01-25,78.14,78.86,77.85,78.60,24200,75.83
BLV,2011-01-24,78.37,78.37,78.02,78.05,13400,75.30
BLV,2011-01-21,77.43,78.04,77.43,78.02,18100,75.27
BLV,2011-01-20,77.84,77.95,77.25,77.49,16000,74.76
BLV,2011-01-19,77.98,78.40,77.98,78.30,25600,75.54
BLV,2011-01-18,77.89,78.16,77.51,77.99,29700,75.24
BLV,2011-01-14,78.82,78.95,78.27,78.27,28400,75.51
BLV,2011-01-13,78.13,78.93,78.01,78.83,15800,76.05
BLV,2011-01-12,78.19,78.54,78.00,78.18,16800,75.43
BLV,2011-01-11,78.68,78.68,78.10,78.41,14500,75.65
BLV,2011-01-10,78.46,78.73,78.22,78.65,35700,75.88
BLV,2011-01-07,77.87,78.68,77.70,78.45,23900,75.69
BLV,2011-01-06,77.86,78.22,77.75,78.07,21800,75.32
BLV,2011-01-05,78.43,78.50,77.63,77.89,31300,75.15
BLV,2011-01-04,78.87,79.19,78.65,78.96,23700,76.18
BLV,2011-01-03,78.50,79.40,78.49,79.17,53100,76.38
BLV,2010-12-31,78.91,79.60,78.82,79.09,18900,76.30
BLV,2010-12-30,78.45,78.61,78.09,78.55,67100,75.78
BLV,2010-12-29,77.53,78.84,77.43,78.73,27600,75.96
BLV,2010-12-28,78.65,78.65,77.25,77.43,27800,74.70
BLV,2010-12-27,78.16,78.60,77.72,78.60,83600,75.83
BLV,2010-12-23,79.24,79.29,78.80,79.25,375000,75.49
BLV,2010-12-22,79.23,79.41,78.97,79.26,115800,75.50
BLV,2010-12-21,79.01,79.38,78.64,79.38,27500,75.61
BLV,2010-12-20,79.48,79.66,78.74,79.06,96500,75.31
BLV,2010-12-17,78.15,79.35,78.11,79.01,69200,75.26
BLV,2010-12-16,77.26,77.96,77.19,77.96,42900,74.26
BLV,2010-12-15,78.10,78.31,77.10,77.43,81200,73.76
BLV,2010-12-14,78.31,78.77,77.73,77.96,152400,74.26
BLV,2010-12-13,78.68,79.38,78.48,79.08,33500,75.33
BLV,2010-12-10,79.10,79.34,78.86,78.93,25700,75.18
BLV,2010-12-09,79.20,79.69,78.75,79.35,71600,75.58
BLV,2010-12-08,79.46,79.46,78.06,78.88,72600,75.14
BLV,2010-12-07,79.94,80.14,78.86,79.50,128700,75.73
BLV,2010-12-06,80.02,80.78,80.02,80.78,45300,76.95
BLV,2010-12-03,80.81,80.81,79.78,79.86,68000,76.07
BLV,2010-12-02,80.34,80.89,80.21,80.30,67400,76.49
BLV,2010-12-01,80.64,81.13,80.35,80.53,56600,76.71
BLV,2010-11-30,82.38,82.47,81.82,81.82,88600,77.62
BLV,2010-11-29,81.65,81.79,81.25,81.59,33300,77.40
BLV,2010-11-26,81.06,81.37,80.92,81.34,8300,77.16
BLV,2010-11-24,81.36,81.37,80.53,80.62,62400,76.48
BLV,2010-11-23,81.94,82.06,81.62,81.77,20700,77.57
BLV,2010-11-22,81.57,81.86,81.14,81.53,28000,77.34
BLV,2010-11-19,80.87,81.19,80.80,81.06,22400,76.89
BLV,2010-11-18,80.65,80.72,80.10,80.72,19300,76.57
BLV,2010-11-17,80.93,81.34,80.53,80.65,53200,76.51
BLV,2010-11-16,80.14,80.94,79.51,80.87,58500,76.71
BLV,2010-11-15,80.64,80.75,79.54,79.65,73100,75.56
BLV,2010-11-12,81.48,81.54,80.86,80.86,36700,76.71
BLV,2010-11-11,81.49,81.62,81.27,81.48,23700,77.29
BLV,2010-11-10,81.42,81.68,80.50,81.46,161500,77.27
BLV,2010-11-09,82.91,82.91,81.40,81.48,164500,77.29
BLV,2010-11-08,82.92,83.16,82.52,82.71,48700,78.46
BLV,2010-11-05,82.84,83.22,82.62,82.62,69200,78.37
BLV,2010-11-04,83.53,83.89,83.05,83.72,123100,79.42
BLV,2010-11-03,84.38,84.75,82.47,82.92,255700,78.66
BLV,2010-11-02,83.45,83.99,83.45,83.94,32400,79.63
BLV,2010-11-01,84.04,84.04,83.02,83.17,239400,78.90
BLV,2010-10-29,83.26,83.71,83.26,83.54,29200,78.92
BLV,2010-10-28,83.07,83.40,83.00,83.13,87100,78.53
BLV,2010-10-27,83.33,83.34,82.87,82.97,29300,78.38
BLV,2010-10-26,83.99,83.99,83.39,83.44,25800,78.83
BLV,2010-10-25,84.51,84.75,84.33,84.45,54800,79.78
BLV,2010-10-22,83.71,84.08,83.52,83.95,37900,79.31
BLV,2010-10-21,84.51,84.51,83.64,83.75,34100,79.12
BLV,2010-10-20,83.86,84.65,83.86,84.27,52500,79.61
BLV,2010-10-19,83.67,84.37,83.46,84.11,25700,79.46
BLV,2010-10-18,83.88,84.00,83.61,83.88,56900,79.24
BLV,2010-10-15,83.66,83.66,82.84,83.10,93600,78.51
BLV,2010-10-14,85.26,85.43,83.96,83.96,95200,79.32
BLV,2010-10-13,84.70,85.12,84.45,84.97,59600,80.27
BLV,2010-10-12,85.82,85.90,85.11,85.12,24600,80.41
BLV,2010-10-11,85.35,85.62,85.34,85.54,27300,80.81
BLV,2010-10-08,86.00,86.27,85.37,85.37,121400,80.65
BLV,2010-10-07,86.22,86.22,85.78,85.84,197800,81.09
BLV,2010-10-06,85.96,86.48,85.84,86.18,118500,81.42
BLV,2010-10-05,85.63,85.63,85.05,85.26,59100,80.55
BLV,2010-10-04,85.30,85.55,85.15,85.51,26200,80.78
BLV,2010-10-01,84.98,85.52,84.78,85.05,874300,80.35
BLV,2010-09-30,85.99,86.06,85.22,85.95,44700,80.89
BLV,2010-09-29,86.20,86.45,85.80,86.08,34000,81.02
BLV,2010-09-28,85.87,86.51,85.83,86.13,31100,81.06
BLV,2010-09-27,85.31,85.88,85.31,85.72,47800,80.68
BLV,2010-09-24,85.02,85.07,84.67,84.71,25100,79.73
BLV,2010-09-23,85.80,85.82,85.08,85.42,18200,80.39
BLV,2010-09-22,85.41,85.51,84.97,85.27,53000,80.25
BLV,2010-09-21,84.11,85.09,83.99,84.76,37600,79.77
BLV,2010-09-20,83.92,84.02,83.71,83.90,58900,78.96
BLV,2010-09-17,83.64,83.89,83.40,83.58,56100,78.66
BLV,2010-09-16,83.63,83.68,83.13,83.39,49100,78.48
BLV,2010-09-15,84.41,84.65,84.00,84.08,34200,79.13
BLV,2010-09-14,84.34,84.90,84.34,84.90,15200,79.90
BLV,2010-09-13,83.74,84.40,83.66,84.26,59700,79.30
BLV,2010-09-10,83.71,84.12,83.68,83.99,28300,79.05
BLV,2010-09-09,84.83,84.83,84.04,84.14,33000,79.19
BLV,2010-09-08,85.55,85.59,85.10,85.30,27500,80.28
BLV,2010-09-07,85.25,85.78,85.09,85.73,56900,80.69
BLV,2010-09-03,83.84,84.55,83.84,84.40,79100,79.43
BLV,2010-09-02,85.26,85.34,84.78,85.11,69300,80.10
BLV,2010-09-01,86.22,86.55,85.36,85.92,61600,80.86
BLV,2010-08-31,87.63,87.63,87.00,87.54,159800,82.09
BLV,2010-08-30,86.24,86.83,85.92,86.77,30600,81.37
BLV,2010-08-27,87.26,88.00,85.51,85.71,68100,80.38
BLV,2010-08-26,86.83,87.70,86.83,87.57,26200,82.12
BLV,2010-08-25,88.10,88.13,86.88,87.00,57300,81.59
BLV,2010-08-24,86.96,87.52,86.71,87.43,27900,81.99
BLV,2010-08-23,85.97,86.45,85.75,86.42,27700,81.04
BLV,2010-08-20,86.68,86.89,86.15,86.34,42800,80.97
BLV,2010-08-19,85.87,86.89,85.70,86.58,58600,81.19
BLV,2010-08-18,86.02,86.27,85.61,85.69,50600,80.36
BLV,2010-08-17,85.88,85.88,85.23,85.56,78700,80.24
BLV,2010-08-16,85.58,85.84,85.27,85.81,71900,80.47
BLV,2010-08-13,83.53,84.47,83.53,84.43,55500,79.18
BLV,2010-08-12,83.82,83.89,83.36,83.47,65700,78.28
BLV,2010-08-11,83.17,83.68,83.01,83.61,31700,78.41
BLV,2010-08-10,82.98,83.72,82.66,83.13,57300,77.96
BLV,2010-08-09,82.96,83.06,82.76,82.95,43900,77.79
BLV,2010-08-06,82.86,83.08,82.68,83.02,70300,77.85
BLV,2010-08-05,82.55,82.64,82.21,82.48,100600,77.35
BLV,2010-08-04,82.62,82.84,82.06,82.06,75600,76.95
BLV,2010-08-03,82.40,82.67,82.16,82.40,390700,77.27
BLV,2010-08-02,82.49,82.53,82.10,82.25,57200,77.13
BLV,2010-07-30,82.78,83.22,82.70,83.22,64200,77.72
BLV,2010-07-29,81.98,82.16,81.64,82.16,55500,76.73
BLV,2010-07-28,82.31,82.31,81.64,82.08,187600,76.66
BLV,2010-07-27,81.94,82.06,81.53,81.64,52300,76.25
BLV,2010-07-26,82.20,82.23,81.66,82.10,56900,76.67
BLV,2010-07-23,82.57,82.61,82.02,82.19,38500,76.76
BLV,2010-07-22,82.93,82.98,82.37,82.51,63500,77.06
BLV,2010-07-21,82.31,83.30,82.20,83.16,82600,77.66
BLV,2010-07-20,82.16,82.52,82.09,82.13,36900,76.70
BLV,2010-07-19,82.49,82.49,81.89,82.01,83700,76.59
BLV,2010-07-16,82.04,82.48,81.80,82.23,60100,76.80
BLV,2010-07-15,81.54,82.07,81.54,81.84,101700,76.43
BLV,2010-07-14,81.01,81.37,80.64,81.35,81100,75.97
BLV,2010-07-13,80.97,80.97,80.44,80.50,74100,75.18
BLV,2010-07-12,80.95,81.37,80.85,80.87,47000,75.53
BLV,2010-07-09,80.92,81.26,80.92,81.00,33600,75.65
BLV,2010-07-08,81.30,81.49,81.05,81.21,32800,75.84
BLV,2010-07-07,81.91,82.23,81.60,81.77,45300,76.37
BLV,2010-07-06,81.81,82.28,81.55,82.22,34000,76.79
BLV,2010-07-02,81.53,81.95,81.25,81.60,90600,76.21
BLV,2010-07-01,82.55,82.55,81.61,81.67,1278100,76.27
BLV,2010-06-30,82.50,82.75,82.07,82.69,51500,76.92
BLV,2010-06-29,82.09,82.24,81.73,82.24,32100,76.50
BLV,2010-06-28,81.50,81.77,81.29,81.73,27400,76.03
BLV,2010-06-25,80.61,81.22,80.54,81.05,21500,75.40
BLV,2010-06-24,80.83,81.44,80.71,80.88,27600,75.24
BLV,2010-06-23,81.02,81.50,80.61,81.25,31800,75.58
BLV,2010-06-22,80.38,80.74,80.28,80.74,35500,75.11
BLV,2010-06-21,79.79,80.32,79.35,80.29,26600,74.69
BLV,2010-06-18,80.36,80.41,80.03,80.21,28500,74.62
BLV,2010-06-17,79.90,80.40,79.87,80.31,33600,74.71
BLV,2010-06-16,79.55,79.69,79.27,79.52,53600,73.97
BLV,2010-06-15,79.80,79.80,79.12,79.20,19100,73.68
BLV,2010-06-14,79.25,79.66,79.11,79.66,72800,74.10
BLV,2010-06-11,79.38,79.93,79.26,79.80,56900,74.23
BLV,2010-06-10,79.69,79.71,78.96,78.96,47700,73.45
BLV,2010-06-09,80.25,80.31,79.73,80.22,42800,74.63
BLV,2010-06-08,80.11,80.46,80.00,80.22,72200,74.63
BLV,2010-06-07,80.17,80.57,79.83,80.49,64900,74.88
BLV,2010-06-04,79.71,80.00,79.51,79.89,47100,74.32
BLV,2010-06-03,79.90,79.90,78.65,78.93,37300,73.43
BLV,2010-06-02,79.45,79.66,78.91,79.08,43800,73.57
BLV,2010-06-01,79.93,79.93,79.22,79.59,48300,74.04
BLV,2010-05-28,79.76,79.79,79.40,79.67,24500,73.82
BLV,2010-05-27,79.97,79.98,79.28,79.55,82900,73.71
BLV,2010-05-26,80.92,80.93,80.16,80.73,68200,74.80
BLV,2010-05-25,81.58,81.59,80.81,80.96,72400,75.01
BLV,2010-05-24,81.46,81.46,80.93,81.00,102300,75.05
BLV,2010-05-21,81.26,81.48,80.51,81.15,91100,75.19
BLV,2010-05-20,81.22,81.22,80.36,80.50,70600,74.59
BLV,2010-05-19,79.94,80.52,79.75,80.07,111900,74.19
BLV,2010-05-18,79.21,80.17,79.21,80.05,38100,74.17
BLV,2010-05-17,79.45,80.01,79.13,79.13,27300,73.32
BLV,2010-05-14,79.24,79.56,78.96,78.97,46700,73.17
BLV,2010-05-13,78.44,78.80,78.11,78.56,26900,72.79
BLV,2010-05-12,78.58,78.77,78.25,78.34,29400,72.58
BLV,2010-05-11,78.59,78.82,78.22,78.58,22100,72.81
BLV,2010-05-10,78.50,78.85,78.00,78.62,31200,72.84
BLV,2010-05-07,78.88,80.56,78.61,79.09,69100,73.28
BLV,2010-05-06,79.25,81.00,78.21,80.15,63900,74.26
BLV,2010-05-05,79.18,79.78,78.71,78.96,46400,73.16
BLV,2010-05-04,78.83,79.10,78.56,79.00,18700,73.20
BLV,2010-05-03,78.30,78.33,77.96,78.33,21900,72.57
BLV,2010-04-30,78.16,78.81,78.10,78.79,15900,72.70
BLV,2010-04-29,77.74,78.16,77.70,78.10,16600,72.06
BLV,2010-04-28,78.15,78.15,77.75,77.93,33000,71.90
BLV,2010-04-27,77.98,78.54,77.79,78.23,38600,72.18
BLV,2010-04-26,77.67,77.88,77.36,77.48,28000,71.49
BLV,2010-04-23,77.65,77.65,77.26,77.48,15400,71.49
BLV,2010-04-22,77.86,78.19,77.58,77.73,15900,71.72
BLV,2010-04-21,77.53,77.94,77.53,77.93,19900,71.90
BLV,2010-04-20,77.50,77.50,77.27,77.39,18200,71.40
BLV,2010-04-19,77.47,77.56,77.13,77.21,20500,71.24
BLV,2010-04-16,77.29,77.44,77.18,77.42,16400,71.43
BLV,2010-04-15,76.59,77.23,76.59,77.06,22500,71.10
BLV,2010-04-14,77.11,77.33,76.80,76.82,21200,70.88
BLV,2010-04-13,77.08,77.22,76.90,77.17,28800,71.20
BLV,2010-04-12,76.51,77.04,76.51,76.83,56800,70.89
BLV,2010-04-09,76.55,76.74,76.23,76.66,18600,70.73
BLV,2010-04-08,76.52,76.62,76.22,76.26,23800,70.36
BLV,2010-04-07,75.66,76.52,75.56,76.46,73000,70.55
BLV,2010-04-06,75.90,75.90,75.53,75.64,28500,69.79
BLV,2010-04-05,76.03,76.03,75.37,75.51,40500,69.67
BLV,2010-04-01,76.35,76.53,76.13,76.50,234600,70.58
BLV,2010-03-31,76.59,76.93,76.59,76.93,20000,70.66
BLV,2010-03-30,76.45,76.52,76.11,76.52,20600,70.28
BLV,2010-03-29,76.49,76.49,76.20,76.39,18200,70.16
BLV,2010-03-26,76.20,76.61,76.20,76.53,20000,70.29
BLV,2010-03-25,76.72,76.72,76.08,76.39,23200,70.16
BLV,2010-03-24,76.99,77.16,76.52,76.60,25500,70.36
BLV,2010-03-23,77.72,77.84,77.51,77.62,27700,71.29
BLV,2010-03-22,77.91,78.07,77.67,77.75,16000,71.41
BLV,2010-03-19,77.58,78.05,77.58,77.86,23200,71.51
BLV,2010-03-18,78.04,78.14,77.72,77.74,22800,71.40
BLV,2010-03-17,77.88,78.07,77.75,77.98,11400,71.63
BLV,2010-03-16,77.34,77.68,77.32,77.58,15800,71.26
BLV,2010-03-15,77.11,77.23,76.84,77.11,26000,70.83
BLV,2010-03-12,76.58,77.23,76.58,77.07,32700,70.79
BLV,2010-03-11,76.46,76.80,76.34,76.53,29500,70.29
BLV,2010-03-10,76.53,76.74,76.30,76.69,31000,70.44
BLV,2010-03-09,76.85,76.85,76.47,76.65,12900,70.40
BLV,2010-03-08,76.72,76.87,76.54,76.57,16400,70.33
BLV,2010-03-05,77.20,77.41,76.45,76.62,70400,70.38
BLV,2010-03-04,77.19,77.52,76.98,77.44,18800,71.13
BLV,2010-03-03,77.13,77.18,76.87,77.03,17100,70.75
BLV,2010-03-02,77.10,77.26,76.86,77.26,16600,70.96
BLV,2010-03-01,77.25,77.31,76.90,77.11,28000,70.83
BLV,2010-02-26,77.21,77.66,77.21,77.50,21700,70.91
BLV,2010-02-25,77.38,77.38,76.76,77.10,20200,70.54
BLV,2010-02-24,76.82,76.97,76.46,76.90,14400,70.36
BLV,2010-02-23,76.16,76.76,76.16,76.66,23900,70.14
BLV,2010-02-22,75.93,76.10,75.78,76.01,28400,69.54
BLV,2010-02-19,75.77,76.00,75.59,75.92,18300,69.46
BLV,2010-02-18,75.98,75.99,75.13,75.66,23100,69.22
BLV,2010-02-17,76.15,76.26,75.69,75.79,16100,69.34
BLV,2010-02-16,75.95,76.45,75.85,76.28,20000,69.79
BLV,2010-02-12,76.21,76.42,76.02,76.18,34100,69.70
BLV,2010-02-11,76.27,76.30,75.60,75.90,27400,69.44
BLV,2010-02-10,76.88,77.09,76.07,76.19,19300,69.71
BLV,2010-02-09,77.21,77.48,76.77,76.86,30000,70.32
BLV,2010-02-08,77.46,77.46,76.62,77.37,24500,70.79
BLV,2010-02-05,77.04,77.69,76.96,77.13,55100,70.57
BLV,2010-02-04,77.09,77.50,76.83,77.33,21700,70.75
BLV,2010-02-03,76.84,77.02,76.51,76.67,28400,70.15
BLV,2010-02-02,77.10,77.32,77.01,77.30,15400,70.72
BLV,2010-02-01,77.49,77.49,76.83,76.98,24500,70.43
BLV,2010-01-29,77.43,77.94,77.35,77.68,39000,70.76
BLV,2010-01-28,77.58,77.58,76.89,77.08,35500,70.21
BLV,2010-01-27,77.58,77.69,76.54,77.35,30600,70.46
BLV,2010-01-26,77.79,77.79,77.30,77.51,26400,70.60
BLV,2010-01-25,77.27,77.75,77.19,77.32,33400,70.43
BLV,2010-01-22,77.87,78.02,77.60,77.88,30400,70.94
BLV,2010-01-21,77.80,78.14,77.34,77.99,25500,71.04
BLV,2010-01-20,77.26,77.70,77.08,77.51,25300,70.60
BLV,2010-01-19,76.84,77.07,76.47,77.07,28800,70.20
BLV,2010-01-15,77.05,77.31,76.95,76.95,32300,70.09
BLV,2010-01-14,76.25,76.96,76.14,76.89,16200,70.04
BLV,2010-01-13,76.72,77.12,76.07,76.13,30600,69.34
BLV,2010-01-12,76.55,76.93,76.47,76.65,38100,69.82
BLV,2010-01-11,76.29,76.34,76.05,76.19,17400,69.40
BLV,2010-01-08,76.13,76.43,75.90,76.24,23400,69.45
BLV,2010-01-07,76.21,76.39,76.04,76.15,32700,69.36
BLV,2010-01-06,76.72,76.73,75.90,76.01,25000,69.24
BLV,2010-01-05,76.31,76.72,76.30,76.50,54600,69.68
BLV,2010-01-04,76.06,76.54,76.00,76.54,231600,69.72
BLV,2009-12-31,75.93,76.16,75.51,76.16,20500,69.37
BLV,2009-12-30,76.33,76.33,75.79,76.22,13800,69.43
BLV,2009-12-29,75.59,75.85,75.36,75.78,27000,69.03
BLV,2009-12-28,75.26,75.57,75.20,75.37,23200,68.65
BLV,2009-12-24,75.95,75.95,75.37,75.37,64000,68.65
BLV,2009-12-23,76.56,76.78,76.39,76.49,49000,69.67
BLV,2009-12-22,76.42,76.54,76.03,76.17,45900,69.38
BLV,2009-12-21,77.30,77.36,76.66,76.70,33600,69.86
BLV,2009-12-18,77.70,78.00,77.39,77.50,31400,70.59
BLV,2009-12-17,77.36,77.70,77.19,77.70,49400,70.78
BLV,2009-12-16,77.18,77.36,76.93,77.09,49700,70.22
BLV,2009-12-15,76.80,77.24,76.65,76.79,48000,69.95
BLV,2009-12-14,77.33,77.57,77.28,77.40,28100,70.50
BLV,2009-12-11,76.96,77.26,76.76,77.13,46500,70.26
BLV,2009-12-10,77.30,77.52,77.12,77.15,28700,70.27
BLV,2009-12-09,78.24,78.24,77.42,77.85,21300,70.91
BLV,2009-12-08,78.19,78.40,77.86,78.09,49500,71.13
BLV,2009-12-07,77.91,77.91,77.39,77.74,35900,70.81
BLV,2009-12-04,77.94,78.03,77.50,77.50,24200,70.59
BLV,2009-12-03,78.24,78.33,77.70,78.27,58600,71.29
BLV,2009-12-02,78.55,78.88,78.29,78.60,51100,71.59
BLV,2009-12-01,78.55,78.77,78.36,78.58,111300,71.58
BLV,2009-11-30,78.78,79.25,78.78,79.25,51800,71.88
BLV,2009-11-27,78.32,79.00,78.32,79.00,7200,71.65
BLV,2009-11-25,78.45,78.86,78.04,78.71,50300,71.39
BLV,2009-11-24,78.10,78.29,77.80,78.19,66900,70.92
BLV,2009-11-23,78.19,78.19,77.31,78.03,83800,70.77
BLV,2009-11-20,78.12,78.18,77.73,78.07,71100,70.81
BLV,2009-11-19,78.09,78.27,77.77,78.15,55100,70.88
BLV,2009-11-18,78.41,78.41,77.75,77.97,64400,70.72
BLV,2009-11-17,78.53,78.53,78.02,78.19,82300,70.92
BLV,2009-11-16,77.78,78.15,77.52,78.00,109700,70.75
BLV,2009-11-13,77.57,77.60,77.17,77.60,28300,70.38
BLV,2009-11-12,77.19,77.40,76.62,77.15,52800,69.98
BLV,2009-11-11,77.53,77.65,77.14,77.36,35000,70.17
BLV,2009-11-10,77.60,77.60,76.85,77.09,35700,69.92
BLV,2009-11-09,77.52,77.52,76.95,77.18,49600,70.00
BLV,2009-11-06,76.99,77.59,76.80,77.12,25100,69.95
BLV,2009-11-05,77.03,77.19,76.85,76.97,71100,69.81
BLV,2009-11-04,77.88,77.88,75.81,77.10,88700,69.93
BLV,2009-11-03,78.38,78.39,77.58,77.70,27900,70.47
BLV,2009-11-02,78.55,78.75,78.15,78.29,33600,71.01
BLV,2009-10-30,78.38,78.75,78.20,78.75,37700,71.12
BLV,2009-10-29,78.24,78.31,77.38,78.01,52700,70.45
BLV,2009-10-28,78.42,78.80,78.00,78.65,21700,71.03
BLV,2009-10-27,77.75,78.37,77.40,78.37,140600,70.78
BLV,2009-10-26,77.83,77.91,77.30,77.30,44400,69.81
BLV,2009-10-23,78.11,78.48,78.00,78.17,37300,70.60
BLV,2009-10-22,78.41,78.53,78.12,78.33,21200,70.74
BLV,2009-10-21,78.65,78.81,78.27,78.64,50800,71.02
BLV,2009-10-20,78.93,79.27,78.93,79.10,25300,71.44
BLV,2009-10-19,78.19,78.34,77.81,78.22,116800,70.64
BLV,2009-10-16,77.73,77.85,77.37,77.85,121100,70.31
BLV,2009-10-15,77.46,77.55,76.90,77.14,96600,69.67
BLV,2009-10-14,78.11,78.39,77.69,77.82,50800,70.28
BLV,2009-10-13,78.54,78.82,78.36,78.55,91400,70.94
BLV,2009-10-12,78.23,78.24,77.77,78.24,93300,70.66
BLV,2009-10-09,79.34,79.39,77.94,78.06,106500,70.50
BLV,2009-10-08,80.48,80.48,79.35,79.73,62100,72.01
BLV,2009-10-07,79.88,80.12,79.56,80.12,80200,72.36
BLV,2009-10-06,79.92,80.00,79.55,79.55,45600,71.84
BLV,2009-10-05,80.13,80.20,79.76,80.00,62100,72.25
BLV,2009-10-02,80.48,80.50,79.66,79.99,122100,72.24
BLV,2009-10-01,79.98,80.23,79.53,80.13,1574100,72.37
BLV,2009-09-30,79.93,80.43,79.75,79.92,99700,71.91
BLV,2009-09-29,79.91,80.20,79.81,80.18,94200,72.14
BLV,2009-09-28,79.98,80.26,79.68,80.19,84300,72.15
BLV,2009-09-25,79.50,79.78,79.12,79.75,71100,71.75
BLV,2009-09-24,78.91,79.35,78.40,79.09,74500,71.16
BLV,2009-09-23,78.82,79.09,78.37,78.81,34400,70.91
BLV,2009-09-22,78.56,78.94,78.22,78.87,15000,70.96
BLV,2009-09-21,78.53,78.84,78.26,78.56,13600,70.68
BLV,2009-09-18,78.65,78.94,78.38,78.58,18300,70.70
BLV,2009-09-17,78.50,79.12,78.20,79.12,23400,71.19
BLV,2009-09-16,78.35,78.67,77.96,78.33,21000,70.48
BLV,2009-09-15,78.13,78.36,77.82,78.12,20200,70.29
BLV,2009-09-14,78.55,78.91,78.26,78.26,33500,70.41
BLV,2009-09-11,78.99,79.44,78.71,79.02,69400,71.10
BLV,2009-09-10,77.73,78.70,77.50,78.52,51900,70.65
BLV,2009-09-09,76.94,77.31,76.66,77.30,28200,69.55
BLV,2009-09-08,77.20,77.62,77.00,77.20,41900,69.46
BLV,2009-09-04,77.97,77.97,77.24,77.33,40900,69.58
BLV,2009-09-03,78.32,78.42,78.01,78.06,10800,70.23
BLV,2009-09-02,77.98,78.63,77.71,78.57,29100,70.69
BLV,2009-09-01,77.69,77.89,76.91,77.36,30100,69.60
BLV,2009-08-31,77.97,78.25,77.61,78.10,25200,69.96
BLV,2009-08-28,77.47,77.99,77.41,77.99,17000,69.87
BLV,2009-08-27,77.98,77.98,77.45,77.57,10100,69.49
BLV,2009-08-26,78.18,78.18,77.43,78.04,21600,69.91
BLV,2009-08-25,77.49,78.04,77.29,78.02,14100,69.89
BLV,2009-08-24,76.34,77.14,76.10,77.10,38600,69.07
BLV,2009-08-21,77.40,77.40,76.40,76.40,22700,68.44
BLV,2009-08-20,77.41,77.44,76.89,77.40,17600,69.34
BLV,2009-08-19,77.00,77.44,76.70,77.12,21200,69.09
BLV,2009-08-18,76.82,77.26,76.71,76.84,19400,68.84
BLV,2009-08-17,76.88,77.00,76.59,77.00,24200,68.98
BLV,2009-08-14,76.61,76.99,76.30,76.56,28500,68.59
BLV,2009-08-13,75.69,76.43,75.38,76.25,17600,68.31
BLV,2009-08-12,76.25,76.57,75.25,75.43,39500,67.57
BLV,2009-08-11,75.86,76.26,75.58,76.23,36100,68.29
BLV,2009-08-10,75.08,75.51,74.47,75.44,14500,67.58
BLV,2009-08-07,75.02,75.09,74.52,74.74,39900,66.95
BLV,2009-08-06,75.10,75.51,74.82,75.29,18900,67.45
BLV,2009-08-05,74.54,75.89,74.54,75.06,13200,67.24
BLV,2009-08-04,76.20,76.37,75.16,75.75,31300,67.86
BLV,2009-08-03,76.38,76.49,75.59,75.71,21300,67.82
BLV,2009-07-31,76.24,76.51,74.89,76.50,12100,68.24
BLV,2009-07-30,74.74,75.51,74.38,75.49,24200,67.34
BLV,2009-07-29,75.02,75.02,74.51,74.68,32600,66.61
BLV,2009-07-28,73.77,74.46,73.70,74.07,22000,66.07
BLV,2009-07-27,73.51,73.94,73.48,73.94,20600,65.95
BLV,2009-07-24,73.81,74.18,73.66,73.77,4100,65.80
BLV,2009-07-23,74.79,74.80,73.62,74.00,37600,66.01
BLV,2009-07-22,75.17,75.22,74.45,74.60,17800,66.54
BLV,2009-07-21,73.81,74.92,73.35,74.72,24300,66.65
BLV,2009-07-20,73.68,74.35,73.17,73.95,10600,65.96
BLV,2009-07-17,73.72,73.88,73.50,73.54,16200,65.60
BLV,2009-07-16,74.19,74.41,73.77,73.79,32500,65.82
BLV,2009-07-15,74.06,74.18,73.51,73.51,33500,65.57
BLV,2009-07-14,75.13,75.19,74.50,74.53,12100,66.48
BLV,2009-07-13,75.78,76.04,75.12,75.17,26300,67.05
BLV,2009-07-10,75.03,75.90,74.74,75.89,6300,67.69
BLV,2009-07-09,75.15,75.35,74.67,74.68,35400,66.61
BLV,2009-07-08,74.79,75.87,74.79,75.55,50700,67.39
BLV,2009-07-07,74.08,74.91,74.08,74.70,17300,66.63
BLV,2009-07-06,74.36,74.38,73.94,74.10,46200,66.10
BLV,2009-07-02,74.53,75.34,74.32,74.74,12400,66.67
BLV,2009-07-01,74.21,74.50,73.80,73.91,24800,65.93
BLV,2009-06-30,74.54,74.86,74.09,74.78,40200,66.40
BLV,2009-06-29,74.91,75.03,74.39,74.50,35300,66.16
BLV,2009-06-26,74.52,74.74,74.19,74.55,10700,66.20
BLV,2009-06-25,73.99,74.27,73.09,74.16,18200,65.85
BLV,2009-06-24,74.31,74.31,73.46,73.70,21500,65.44
BLV,2009-06-23,73.66,74.28,73.45,74.00,36300,65.71
BLV,2009-06-22,73.60,73.61,72.96,73.40,17100,65.18
BLV,2009-06-19,72.26,72.94,72.01,72.89,15300,64.73
BLV,2009-06-18,73.06,73.07,71.89,72.00,40700,63.94
BLV,2009-06-17,73.00,73.50,72.57,72.97,35100,64.80
BLV,2009-06-16,72.92,72.96,72.46,72.96,15200,64.79
BLV,2009-06-15,72.49,72.70,71.71,72.21,10600,64.12
BLV,2009-06-12,71.73,72.67,71.73,72.00,22000,63.94
BLV,2009-06-11,71.15,72.25,71.12,71.76,52000,63.72
BLV,2009-06-10,71.57,72.11,71.31,71.57,24400,63.55
BLV,2009-06-09,71.62,72.05,71.26,71.57,31200,63.55
BLV,2009-06-08,71.58,71.90,71.33,71.44,31500,63.44
BLV,2009-06-05,71.53,72.09,71.25,71.26,33600,63.28
BLV,2009-06-04,72.29,72.65,71.75,71.99,13600,63.93
BLV,2009-06-03,71.97,72.81,71.97,72.43,9900,64.32
BLV,2009-06-02,71.78,72.28,71.74,72.28,12200,64.18
BLV,2009-06-01,71.94,72.49,71.00,71.65,20500,63.62
BLV,2009-05-29,71.76,72.86,71.60,72.70,44600,64.26
BLV,2009-05-28,71.41,71.67,70.83,71.62,17000,63.31
BLV,2009-05-27,71.98,71.99,70.67,70.77,40000,62.56
BLV,2009-05-26,72.62,72.64,71.80,71.80,12600,63.47
BLV,2009-05-22,72.55,72.56,72.12,72.23,17200,63.85
BLV,2009-05-21,74.19,74.25,72.52,72.54,27100,64.12
BLV,2009-05-20,73.53,74.00,73.18,73.94,25900,65.36
BLV,2009-05-19,73.87,73.87,72.71,73.11,21400,64.63
BLV,2009-05-18,74.18,74.18,73.30,73.38,22700,64.86
BLV,2009-05-15,73.89,73.90,73.31,73.67,18200,65.12
BLV,2009-05-14,73.79,73.82,73.20,73.57,18500,65.03
BLV,2009-05-13,73.19,73.75,72.93,73.27,22200,64.77
BLV,2009-05-12,73.19,73.19,72.60,72.93,4500,64.47
BLV,2009-05-11,72.90,73.03,72.12,72.62,11300,64.19
BLV,2009-05-08,72.32,72.50,71.52,71.64,9400,63.33
BLV,2009-05-07,72.47,72.80,71.53,71.96,38400,63.61
BLV,2009-05-06,72.78,72.80,72.17,72.25,15000,63.87
BLV,2009-05-05,71.92,72.65,71.71,71.88,10300,63.54
BLV,2009-05-04,71.75,72.16,71.34,71.70,21100,63.38
BLV,2009-05-01,72.01,72.17,71.56,71.76,9600,63.43
BLV,2009-04-30,72.51,72.51,71.75,72.00,10700,63.35
BLV,2009-04-29,72.83,73.29,72.00,72.46,9700,63.75
BLV,2009-04-28,72.78,73.35,72.10,72.16,12400,63.49
BLV,2009-04-27,73.23,73.31,72.65,73.31,23200,64.50
BLV,2009-04-24,72.85,73.13,72.71,73.03,9200,64.26
BLV,2009-04-23,73.15,73.40,72.76,73.14,23500,64.35
BLV,2009-04-22,73.45,73.46,71.75,72.75,81500,64.01
BLV,2009-04-21,73.98,74.02,72.80,73.33,17200,64.52
BLV,2009-04-20,72.87,73.92,72.80,73.08,23900,64.30
BLV,2009-04-17,73.42,73.47,72.43,72.67,11400,63.94
BLV,2009-04-16,73.18,73.67,73.01,73.53,14600,64.70
BLV,2009-04-15,73.83,73.95,73.25,73.95,10800,65.07
BLV,2009-04-14,73.07,73.70,73.07,73.57,7100,64.73
BLV,2009-04-13,72.64,73.31,72.64,72.82,18500,64.07
BLV,2009-04-09,71.97,72.74,71.92,72.22,28500,63.54
BLV,2009-04-08,72.15,72.77,72.15,72.62,12700,63.90
BLV,2009-04-07,72.56,72.64,71.89,72.45,16100,63.75
BLV,2009-04-06,72.84,72.88,72.18,72.25,10700,63.57
BLV,2009-04-03,72.84,73.06,71.70,72.11,29700,63.45
BLV,2009-04-02,73.42,73.84,72.88,73.06,10900,64.28
BLV,2009-04-01,74.07,74.10,73.34,73.35,24600,64.54
BLV,2009-03-31,73.89,74.22,73.72,74.22,7200,65.00
BLV,2009-03-30,74.13,74.16,73.35,73.72,13700,64.56
BLV,2009-03-27,73.47,73.77,73.29,73.76,7200,64.60
BLV,2009-03-26,72.50,73.48,72.03,73.00,14400,63.93
BLV,2009-03-25,73.29,73.29,72.50,72.70,11500,63.67
BLV,2009-03-24,72.89,73.80,72.50,73.46,12000,64.34
BLV,2009-03-23,73.36,73.93,73.04,73.15,22100,64.06
BLV,2009-03-20,72.38,73.71,72.38,72.88,16100,63.83
BLV,2009-03-19,73.71,74.90,72.80,72.81,45900,63.77
BLV,2009-03-18,70.76,73.98,70.76,72.46,29100,63.46
BLV,2009-03-17,71.55,72.28,70.94,71.45,23700,62.58
BLV,2009-03-16,71.54,71.99,71.35,71.46,22500,62.58
BLV,2009-03-13,72.24,72.68,72.00,72.24,35300,63.27
BLV,2009-03-12,72.00,72.68,71.89,72.48,7500,63.48
BLV,2009-03-11,71.35,72.11,71.35,72.11,14600,63.15
BLV,2009-03-10,71.96,73.05,71.35,71.35,15800,62.49
BLV,2009-03-09,72.97,72.97,72.00,72.67,13700,63.64
BLV,2009-03-06,72.87,73.69,72.50,72.61,32500,63.59
BLV,2009-03-05,72.31,73.42,72.25,73.33,28600,64.22
BLV,2009-03-04,71.37,71.72,71.16,71.43,12500,62.56
BLV,2009-03-03,71.73,72.34,71.65,72.01,67000,63.07
BLV,2009-03-02,72.52,72.74,71.65,71.93,52200,63.00
BLV,2009-02-27,73.18,73.18,72.66,72.91,9000,63.55
BLV,2009-02-26,73.34,73.34,72.86,72.86,8400,63.51
BLV,2009-02-25,74.11,74.11,73.24,73.28,28600,63.88
BLV,2009-02-24,74.42,74.76,73.67,73.70,37600,64.24
BLV,2009-02-23,74.99,74.99,73.43,73.84,18600,64.37
BLV,2009-02-20,74.00,74.07,73.41,73.41,13200,63.99
BLV,2009-02-19,73.40,73.55,72.55,73.01,37500,63.64
BLV,2009-02-18,75.33,75.33,74.04,74.07,32200,64.57
BLV,2009-02-17,75.12,75.50,74.05,74.48,106900,64.92
BLV,2009-02-13,74.37,74.37,73.82,73.82,9600,64.35
BLV,2009-02-12,75.48,75.60,74.26,74.26,66400,64.73
BLV,2009-02-11,75.25,75.55,74.57,74.64,61900,65.06
BLV,2009-02-10,75.38,75.38,74.34,74.53,62000,64.97
BLV,2009-02-09,73.68,74.14,73.56,74.14,19300,64.63
BLV,2009-02-06,74.80,74.87,73.68,73.85,49400,64.37
BLV,2009-02-05,74.86,75.27,74.66,75.08,13700,65.45
BLV,2009-02-04,74.75,74.85,74.13,74.78,13500,65.18
BLV,2009-02-03,75.29,75.29,74.48,74.54,12700,64.98
BLV,2009-02-02,75.39,75.59,74.79,75.57,6300,65.87
BLV,2009-01-30,75.49,75.49,74.79,75.10,21300,65.16
BLV,2009-01-29,75.94,76.06,74.74,74.99,50200,65.07
BLV,2009-01-28,77.13,77.59,76.00,76.38,15700,66.27
BLV,2009-01-27,75.57,77.00,75.47,77.00,19800,66.81
BLV,2009-01-26,76.01,76.37,73.62,75.25,25200,65.29
BLV,2009-01-23,76.12,76.27,75.18,75.92,24500,65.88
BLV,2009-01-22,76.83,76.83,75.66,76.19,19200,66.11
BLV,2009-01-21,77.33,78.25,76.81,76.88,19100,66.71
BLV,2009-01-20,77.27,78.86,76.97,78.39,13000,68.02
BLV,2009-01-16,78.70,79.17,78.13,79.11,10300,68.64
BLV,2009-01-15,79.22,79.66,79.14,79.37,24000,68.87
BLV,2009-01-14,78.25,79.34,78.00,79.06,30600,68.60
BLV,2009-01-13,77.65,77.79,77.56,77.79,6100,67.50
BLV,2009-01-12,77.76,78.49,77.34,77.80,39800,67.51
BLV,2009-01-09,77.28,78.14,77.28,77.74,8800,67.45
BLV,2009-01-08,77.59,77.91,77.44,77.91,10300,67.60
BLV,2009-01-07,77.15,77.52,76.79,77.52,19300,67.26
BLV,2009-01-06,77.25,77.25,75.99,76.85,35800,66.68
BLV,2009-01-05,77.82,78.40,77.38,77.52,42800,67.26
BLV,2009-01-02,80.27,80.71,78.20,78.43,40100,68.05
BLV,2008-12-31,81.13,81.15,79.69,80.27,15100,69.65
BLV,2008-12-30,80.64,81.10,80.00,81.10,19100,70.37
BLV,2008-12-29,81.02,81.11,80.61,80.70,12700,70.02
BLV,2008-12-26,80.54,81.12,80.42,81.00,14100,70.28
BLV,2008-12-24,79.99,80.73,79.60,80.35,18900,69.72
BLV,2008-12-23,80.31,80.88,79.00,80.65,25400,69.69
BLV,2008-12-22,80.36,81.36,79.74,80.41,56900,69.48
BLV,2008-12-19,80.59,81.12,80.50,81.02,31300,70.01
BLV,2008-12-18,80.30,81.31,79.95,81.03,19200,70.02
BLV,2008-12-17,79.44,79.51,78.69,78.93,22400,68.20
BLV,2008-12-16,75.86,77.43,75.72,77.29,46100,66.79
BLV,2008-12-15,74.75,75.78,74.75,75.67,19700,65.39
BLV,2008-12-12,75.13,75.15,73.92,74.84,13300,64.67
BLV,2008-12-11,75.04,75.25,74.28,75.14,10300,64.93
BLV,2008-12-10,73.94,74.36,73.79,74.29,18900,64.19
BLV,2008-12-09,73.65,74.62,73.65,74.57,13200,64.43
BLV,2008-12-08,74.02,74.14,73.39,73.57,9200,63.57
BLV,2008-12-05,73.96,75.00,73.89,74.14,23500,64.06
BLV,2008-12-04,74.11,74.86,73.57,74.85,18600,64.68
BLV,2008-12-03,73.62,73.94,73.20,73.74,7100,63.72
BLV,2008-12-02,72.78,73.55,72.65,73.38,8300,63.41
BLV,2008-12-01,72.54,73.50,72.46,73.46,22300,63.48
BLV,2008-11-28,71.58,71.83,71.36,71.67,4000,61.65
BLV,2008-11-26,72.02,72.20,71.82,71.93,10400,61.87
BLV,2008-11-25,71.54,72.02,71.45,71.63,7600,61.61
BLV,2008-11-24,70.26,70.86,70.11,70.42,12600,60.57
BLV,2008-11-21,71.06,71.25,70.02,70.70,30900,60.81
BLV,2008-11-20,71.00,71.90,70.39,71.89,38400,61.84
BLV,2008-11-19,68.91,70.28,68.82,70.04,23800,60.25
BLV,2008-11-18,68.43,69.19,68.37,68.92,7600,59.28
BLV,2008-11-17,68.23,68.78,68.23,68.54,11900,58.96
BLV,2008-11-14,68.03,68.26,67.91,68.21,10600,58.67
BLV,2008-11-13,67.74,67.95,67.32,67.44,18700,58.01
BLV,2008-11-12,68.30,68.32,67.80,68.00,13500,58.49
BLV,2008-11-11,67.95,68.75,67.38,68.47,15500,58.90
BLV,2008-11-10,67.49,67.77,66.94,67.77,8300,58.29
BLV,2008-11-07,67.59,67.59,66.92,67.37,13900,57.95
BLV,2008-11-06,67.79,68.12,66.96,67.98,12700,58.47
BLV,2008-11-05,67.05,67.94,67.05,67.83,31900,58.35
BLV,2008-11-04,66.09,67.01,65.83,66.83,21900,57.48
BLV,2008-11-03,65.97,65.97,65.50,65.78,12500,56.58
BLV,2008-10-31,66.70,66.78,65.88,66.11,11900,56.58
BLV,2008-10-30,66.66,66.76,66.40,66.45,22400,56.87
BLV,2008-10-29,66.75,67.33,66.02,66.44,15200,56.87
BLV,2008-10-28,67.32,67.40,66.50,66.77,36000,57.15
BLV,2008-10-27,67.99,67.99,67.12,67.12,33100,57.45
BLV,2008-10-24,68.29,68.77,67.54,68.30,18000,58.46
BLV,2008-10-23,68.05,68.58,67.81,68.38,14800,58.53
BLV,2008-10-22,67.19,68.67,66.82,68.04,21100,58.23
BLV,2008-10-21,67.09,67.94,67.09,67.45,11200,57.73
BLV,2008-10-20,66.50,66.96,66.30,66.82,10400,57.19
BLV,2008-10-17,66.90,66.95,65.79,66.50,32200,56.92
BLV,2008-10-16,67.74,67.81,67.05,67.15,10700,57.47
BLV,2008-10-15,67.92,68.01,67.18,67.96,10800,58.17
BLV,2008-10-14,68.00,69.02,68.00,68.61,24100,58.72
BLV,2008-10-13,65.36,66.71,65.36,66.63,24600,57.03
BLV,2008-10-10,67.13,68.50,65.54,66.25,34500,56.70
BLV,2008-10-09,70.32,70.33,69.39,69.49,16500,59.48
BLV,2008-10-08,73.12,73.12,70.00,70.30,43500,60.17
BLV,2008-10-07,71.80,72.24,71.62,71.79,20800,61.44
BLV,2008-10-06,71.56,73.00,71.56,72.52,58400,62.07
BLV,2008-10-03,71.33,71.67,70.20,71.41,8100,61.12
BLV,2008-10-02,71.00,71.72,70.70,71.25,5100,60.98
BLV,2008-10-01,70.90,72.12,70.57,71.23,43200,60.96
BLV,2008-09-30,72.73,72.73,71.38,71.38,9300,60.82
BLV,2008-09-29,72.44,72.92,71.50,72.65,17900,61.90
BLV,2008-09-26,71.68,72.54,71.60,71.68,17400,61.07
BLV,2008-09-25,73.10,73.10,71.81,72.06,13400,61.40
BLV,2008-09-24,73.00,73.33,72.21,72.55,34600,61.81
BLV,2008-09-23,73.10,73.17,71.50,72.04,14300,61.38
BLV,2008-09-22,72.65,73.00,71.23,73.00,19600,62.20
BLV,2008-09-19,74.01,74.40,73.00,74.25,25400,63.26
BLV,2008-09-18,75.92,75.92,74.01,74.50,23000,63.47
BLV,2008-09-17,75.26,75.61,74.08,74.54,13200,63.51
BLV,2008-09-16,77.79,77.79,75.35,75.35,13500,64.20
BLV,2008-09-15,74.78,76.46,74.78,76.08,22100,64.82
BLV,2008-09-12,75.80,75.80,74.86,74.95,8200,63.86
BLV,2008-09-11,76.14,76.14,75.39,75.94,4800,64.70
BLV,2008-09-10,75.85,76.18,75.59,76.03,7100,64.78
BLV,2008-09-09,75.70,76.16,75.60,75.84,9600,64.62
BLV,2008-09-08,74.80,75.65,74.50,75.35,12400,64.20
BLV,2008-09-05,75.70,75.74,75.09,75.19,8000,64.06
BLV,2008-09-04,75.16,75.52,75.15,75.41,23600,64.25
BLV,2008-09-03,75.09,75.17,75.07,75.15,3600,64.03
BLV,2008-09-02,74.82,74.99,74.10,74.93,24200,63.84
BLV,2008-08-29,75.20,75.20,74.44,74.68,3300,63.35
BLV,2008-08-28,74.80,75.03,74.55,74.98,10100,63.60
BLV,2008-08-27,74.48,74.95,74.45,74.95,9500,63.57
BLV,2008-08-26,74.81,74.92,74.57,74.87,7000,63.51
BLV,2008-08-25,74.97,75.05,74.71,74.90,14900,63.53
BLV,2008-08-22,74.34,74.37,74.15,74.37,5300,63.08
BLV,2008-08-21,74.40,74.48,74.20,74.40,4900,63.11
BLV,2008-08-20,74.65,74.74,74.34,74.74,5900,63.40
BLV,2008-08-19,74.69,74.69,74.10,74.12,9500,62.87
BLV,2008-08-18,74.12,74.79,74.12,74.70,5400,63.36
BLV,2008-08-15,74.55,74.55,74.35,74.53,5200,63.22
BLV,2008-08-14,74.34,74.34,74.02,74.17,2400,62.91
BLV,2008-08-13,74.27,74.27,73.57,73.81,9000,62.61
BLV,2008-08-12,73.94,73.98,73.69,73.96,6400,62.73
BLV,2008-08-11,73.93,73.93,73.15,73.54,5000,62.38
BLV,2008-08-08,73.76,73.93,73.53,73.93,4600,62.71
BLV,2008-08-07,73.31,73.88,73.22,73.85,3200,62.64
BLV,2008-08-06,73.11,73.11,72.62,72.70,4900,61.67
BLV,2008-08-05,73.50,73.85,73.00,73.00,27000,61.92
BLV,2008-08-04,73.57,73.79,73.17,73.42,6100,62.28
BLV,2008-08-01,74.39,74.39,73.63,73.84,5000,62.63
BLV,2008-07-31,74.09,74.09,73.81,74.07,3500,62.55
BLV,2008-07-30,73.02,73.66,72.94,73.43,3500,62.01
BLV,2008-07-29,73.16,73.39,73.01,73.39,1200,61.98
BLV,2008-07-28,73.33,73.84,73.33,73.51,6600,62.08
BLV,2008-07-25,73.37,73.37,72.96,72.96,5600,61.61
BLV,2008-07-24,73.28,73.68,73.08,73.68,13000,62.22
BLV,2008-07-23,72.66,72.91,72.33,72.84,15100,61.51
BLV,2008-07-22,73.38,73.38,72.83,73.05,9000,61.69
BLV,2008-07-21,73.00,73.24,72.86,73.24,4000,61.85
BLV,2008-07-18,73.49,73.49,73.01,73.14,5200,61.76
BLV,2008-07-17,73.06,73.58,72.98,73.07,20000,61.71
BLV,2008-07-16,73.94,73.94,73.29,73.30,7400,61.90
BLV,2008-07-15,74.67,74.78,74.49,74.50,13600,62.91
BLV,2008-07-14,74.12,75.04,74.12,74.82,16700,63.18
BLV,2008-07-11,74.89,74.89,73.93,74.15,12800,62.62
BLV,2008-07-10,74.87,74.95,74.54,74.91,12600,63.26
BLV,2008-07-09,74.70,75.01,74.63,74.91,4500,63.26
BLV,2008-07-08,74.23,74.78,74.23,74.69,3700,63.07
BLV,2008-07-07,74.36,74.47,74.08,74.45,3900,62.87
BLV,2008-07-03,73.80,74.32,73.80,74.32,1000,62.76
BLV,2008-07-02,74.24,74.48,74.16,74.46,9000,62.88
BLV,2008-07-01,74.46,74.58,74.15,74.15,7000,62.62
BLV,2008-06-30,74.88,74.91,74.60,74.75,4700,62.84
BLV,2008-06-27,74.25,74.83,74.04,74.60,2100,62.71
BLV,2008-06-26,74.49,74.50,74.16,74.35,5800,62.50
BLV,2008-06-25,74.20,74.20,73.36,74.16,24000,62.34
BLV,2008-06-24,73.79,74.14,73.79,74.10,7000,62.29
BLV,2008-06-23,73.76,73.84,73.61,73.79,1700,62.03
BLV,2008-06-20,73.82,74.11,73.64,73.85,7400,62.08
BLV,2008-06-19,73.58,73.84,73.24,73.51,5200,61.79
BLV,2008-06-18,73.24,74.03,73.24,74.03,1400,62.23
BLV,2008-06-17,73.28,73.59,73.03,73.12,28400,61.47
BLV,2008-06-16,73.33,73.48,72.95,73.36,7100,61.67
BLV,2008-06-13,73.48,73.67,72.99,73.31,9600,61.63
BLV,2008-06-12,73.60,73.60,73.20,73.33,4400,61.64
BLV,2008-06-11,74.17,74.27,73.63,73.63,5000,61.90
BLV,2008-06-10,74.33,74.50,73.87,74.06,8600,62.26
BLV,2008-06-09,74.47,74.74,74.20,74.51,7600,62.64
BLV,2008-06-06,74.42,74.73,74.36,74.47,7800,62.60
BLV,2008-06-05,74.01,74.01,73.50,73.56,7700,61.84
BLV,2008-06-04,74.93,74.93,74.15,74.30,6300,62.46
BLV,2008-06-03,74.25,74.92,73.99,74.92,7600,62.98
BLV,2008-06-02,74.17,76.11,73.95,74.45,10800,62.58
BLV,2008-05-30,74.35,74.41,73.98,74.22,7200,62.10
BLV,2008-05-29,74.33,74.43,73.63,73.63,10700,61.61
BLV,2008-05-28,75.20,75.20,74.09,74.41,8600,62.26
BLV,2008-05-27,75.13,75.27,74.95,75.09,1900,62.83
BLV,2008-05-23,75.15,75.80,75.15,75.61,5000,63.26
BLV,2008-05-22,75.58,75.60,74.96,75.32,15300,63.02
BLV,2008-05-21,76.06,76.30,75.69,75.84,18000,63.46
BLV,2008-05-20,76.57,76.57,75.98,76.31,5500,63.85
BLV,2008-05-19,76.36,76.36,75.64,75.91,25200,63.51
BLV,2008-05-16,75.62,76.53,75.62,75.68,9300,63.32
BLV,2008-05-15,75.56,76.27,75.56,76.27,8600,63.81
BLV,2008-05-14,75.80,75.88,75.04,75.39,12900,63.08
BLV,2008-05-13,75.88,75.88,75.21,75.21,3400,62.93
BLV,2008-05-12,76.30,76.52,76.00,76.11,9700,63.68
BLV,2008-05-09,76.63,76.63,76.12,76.46,16700,63.97
BLV,2008-05-08,75.73,76.16,75.52,76.16,31400,63.72
BLV,2008-05-07,75.20,75.36,75.18,75.31,28200,63.01
BLV,2008-05-06,76.00,76.00,75.29,75.29,15200,63.00
BLV,2008-05-05,75.74,76.19,75.50,76.13,6700,63.70
BLV,2008-05-02,75.66,76.29,75.66,75.98,19600,63.57
BLV,2008-05-01,76.89,76.89,76.15,76.51,18200,64.02
BLV,2008-04-30,76.22,76.65,75.55,76.65,5800,63.85
BLV,2008-04-29,76.69,76.69,75.80,76.23,9300,63.50
BLV,2008-04-28,75.17,76.02,75.17,75.97,7000,63.29
BLV,2008-04-25,75.50,75.59,75.12,75.58,52500,62.96
BLV,2008-04-24,75.82,75.82,75.20,75.79,11300,63.14
BLV,2008-04-23,76.22,76.22,75.86,76.16,2000,63.44
BLV,2008-04-22,76.00,76.36,76.00,76.04,2100,63.34
BLV,2008-04-21,75.38,76.00,75.38,75.72,5400,63.08
BLV,2008-04-18,75.86,75.86,74.86,75.75,73400,63.10
BLV,2008-04-17,75.93,75.93,75.25,75.39,2900,62.80
BLV,2008-04-16,75.91,76.14,75.08,75.68,8200,63.04
BLV,2008-04-15,76.44,76.44,75.90,76.28,1500,63.54
BLV,2008-04-14,76.87,76.95,76.41,76.41,4400,63.65
BLV,2008-04-11,77.14,77.30,76.85,76.85,3300,64.02
BLV,2008-04-10,77.10,77.12,76.31,76.86,7300,64.03
BLV,2008-04-09,76.63,77.21,76.63,77.11,1900,64.23
BLV,2008-04-08,76.89,76.95,76.35,76.41,6000,63.65
BLV,2008-04-07,76.52,76.59,75.90,76.44,6900,63.68
BLV,2008-04-04,76.75,76.83,76.49,76.70,4400,63.89
BLV,2008-04-03,76.20,76.30,75.68,75.90,7400,63.23
BLV,2008-04-02,75.91,76.22,75.58,76.14,23500,63.43
BLV,2008-04-01,75.93,76.16,75.47,75.50,14500,62.89
BLV,2008-03-31,77.39,77.39,76.80,77.09,3500,63.93
BLV,2008-03-28,76.70,76.76,76.38,76.76,400,63.66
BLV,2008-03-27,77.28,77.28,76.21,76.40,4000,63.36
BLV,2008-03-26,76.80,77.23,76.74,77.10,7600,63.94
BLV,2008-03-25,76.42,77.25,76.42,77.25,13700,64.06
BLV,2008-03-24,76.76,77.30,76.76,76.76,24300,63.66
BLV,2008-03-20,77.67,78.00,77.51,77.97,32300,64.66
BLV,2008-03-19,77.09,77.76,77.09,77.57,16400,64.33
BLV,2008-03-18,77.33,77.33,76.37,76.45,4700,63.40
BLV,2008-03-17,76.54,76.81,76.17,76.63,7500,63.55
BLV,2008-03-14,76.15,76.80,73.12,76.45,37600,63.40
BLV,2008-03-13,76.80,76.80,75.50,76.25,12900,63.23
BLV,2008-03-12,75.58,76.80,75.48,76.80,11700,63.69
BLV,2008-03-11,75.10,75.45,75.08,75.41,15600,62.54
BLV,2008-03-10,75.61,76.22,75.34,75.95,13200,62.98
BLV,2008-03-07,75.36,75.61,75.36,75.45,2600,62.57
BLV,2008-03-06,75.40,75.62,75.19,75.41,47400,62.54
BLV,2008-03-05,76.07,76.07,74.92,74.92,8100,62.13
BLV,2008-03-04,76.57,76.75,75.82,75.87,34700,62.92
BLV,2008-03-03,76.54,76.74,76.40,76.62,75100,63.54
BLV,2008-02-29,76.77,77.34,76.64,77.24,63800,63.79
BLV,2008-02-28,76.21,76.37,75.98,76.33,9000,63.04
BLV,2008-02-27,75.33,75.44,74.98,75.26,10000,62.16
BLV,2008-02-26,75.07,75.35,75.07,75.33,4900,62.22
BLV,2008-02-25,75.67,75.72,74.95,75.04,27700,61.98
BLV,2008-02-22,76.24,76.30,75.60,75.73,29600,62.55
BLV,2008-02-21,75.71,76.14,75.54,76.00,48200,62.77
BLV,2008-02-20,74.80,75.17,74.76,75.17,10500,62.08
BLV,2008-02-19,74.72,75.61,74.72,75.12,17300,62.04
BLV,2008-02-15,75.05,75.89,75.05,75.89,1700,62.68
BLV,2008-02-14,75.97,75.97,75.13,75.40,76300,62.27
BLV,2008-02-13,76.65,76.83,76.24,76.24,12600,62.97
BLV,2008-02-12,76.53,76.85,76.38,76.80,6400,63.43
BLV,2008-02-11,77.21,77.36,77.17,77.24,47400,63.79
BLV,2008-02-08,76.54,76.91,76.42,76.91,17100,63.52
BLV,2008-02-07,77.47,77.47,76.00,76.03,24000,62.79
BLV,2008-02-06,77.60,77.64,77.31,77.49,10800,64.00
BLV,2008-02-05,77.90,78.00,77.47,77.65,8700,64.13
BLV,2008-02-04,77.33,77.52,77.23,77.40,14400,63.93
BLV,2008-02-01,77.85,77.91,77.40,77.91,36700,64.35
BLV,2008-01-31,77.87,77.99,77.70,77.99,12900,64.13
BLV,2008-01-30,77.70,77.72,77.15,77.15,4300,63.43
BLV,2008-01-29,77.98,78.00,77.64,77.86,7500,64.02
BLV,2008-01-28,78.41,78.41,78.00,78.25,14700,64.34
BLV,2008-01-25,77.33,78.27,76.96,78.20,25800,64.30
BLV,2008-01-24,77.93,78.11,77.34,77.38,53500,63.62
BLV,2008-01-23,79.00,79.41,78.29,78.30,33400,64.38
BLV,2008-01-22,78.30,78.30,77.76,77.91,8400,64.06
BLV,2008-01-18,77.96,78.08,77.80,77.82,4700,63.99
BLV,2008-01-17,77.72,78.49,77.72,78.43,9800,64.49
BLV,2008-01-16,78.00,78.24,77.57,77.57,13600,63.78
BLV,2008-01-15,77.86,77.99,77.69,77.99,9100,64.13
BLV,2008-01-14,79.78,79.78,77.24,77.28,14100,63.54
BLV,2008-01-11,77.03,77.54,76.85,77.54,16000,63.76
BLV,2008-01-10,77.60,77.60,76.72,76.95,5300,63.27
BLV,2008-01-09,77.70,77.87,77.46,77.46,11000,63.69
BLV,2008-01-08,77.63,77.88,77.42,77.88,10300,64.03
BLV,2008-01-07,77.65,77.93,77.43,77.93,15200,64.08
BLV,2008-01-04,77.80,77.98,77.65,77.74,10600,63.92
BLV,2008-01-03,77.38,77.61,77.19,77.61,19600,63.81
BLV,2008-01-02,76.89,77.63,76.89,77.56,31600,63.77
BLV,2007-12-31,76.66,76.83,76.55,76.80,3900,63.15
BLV,2007-12-28,75.75,76.44,75.75,76.35,30800,62.78
BLV,2007-12-27,75.25,75.55,75.14,75.46,19200,62.05
BLV,2007-12-26,75.12,75.37,74.67,74.68,10900,61.40
BLV,2007-12-24,75.20,75.30,75.19,75.23,4000,61.86
BLV,2007-12-21,76.49,76.49,75.86,75.91,7300,62.14
BLV,2007-12-20,76.87,77.27,76.66,76.80,49800,62.87
BLV,2007-12-19,76.38,76.75,75.85,76.62,35200,62.72
BLV,2007-12-18,75.80,76.10,75.77,76.03,12300,62.24
BLV,2007-12-17,75.28,75.58,75.15,75.58,19100,61.87
BLV,2007-12-14,75.16,75.16,74.98,75.00,3700,61.40
BLV,2007-12-13,75.66,75.81,75.31,75.33,8600,61.67
BLV,2007-12-12,75.55,76.21,75.53,75.97,17900,62.19
BLV,2007-12-11,75.37,76.60,75.37,76.60,19300,62.71
BLV,2007-12-10,75.68,75.68,75.02,75.35,3600,61.69
BLV,2007-12-07,76.12,76.12,75.40,75.65,11100,61.93
BLV,2007-12-06,76.76,77.03,76.31,76.45,34700,62.59
BLV,2007-12-05,77.45,77.65,77.01,77.01,10700,63.04
BLV,2007-12-04,77.90,78.00,77.46,77.89,66600,63.76
BLV,2007-12-03,77.92,77.94,77.65,77.94,61600,63.81
BLV,2007-11-30,77.51,77.88,77.48,77.88,50900,63.48
BLV,2007-11-29,78.08,78.23,78.02,78.02,2100,63.60
BLV,2007-11-28,77.71,77.88,77.45,77.57,10500,63.23
BLV,2007-11-27,78.12,78.19,77.42,77.69,36300,63.33
BLV,2007-11-26,78.14,78.82,77.42,78.71,29000,64.16
BLV,2007-11-23,77.22,77.37,77.21,77.21,2300,62.94
BLV,2007-11-21,77.34,77.34,76.97,77.20,4300,62.93
BLV,2007-11-20,77.15,77.20,76.94,77.04,20600,62.80
BLV,2007-11-19,76.73,77.29,76.65,77.17,14900,62.90
BLV,2007-11-16,76.64,76.84,76.64,76.67,3800,62.50
BLV,2007-11-15,76.60,76.74,76.30,76.72,27200,62.54
BLV,2007-11-14,76.11,76.38,76.11,76.38,17000,62.26
BLV,2007-11-13,76.50,76.56,76.32,76.34,6900,62.23
BLV,2007-11-12,76.30,76.49,76.24,76.39,7600,62.27
BLV,2007-11-09,76.00,76.32,76.00,76.18,22700,62.10
BLV,2007-11-08,76.07,76.15,75.92,75.93,5300,61.89
BLV,2007-11-07,76.19,76.19,75.74,75.85,10800,61.83
BLV,2007-11-06,76.01,76.33,75.95,76.05,22500,61.99
BLV,2007-11-05,76.58,76.58,76.30,76.30,15200,62.20
BLV,2007-11-02,76.07,76.75,76.06,76.39,42500,62.27
BLV,2007-11-01,76.23,76.49,76.15,76.35,8800,62.24
BLV,2007-10-31,76.38,76.47,75.90,76.12,5800,61.79
BLV,2007-10-30,76.57,76.68,76.39,76.58,3000,62.16
BLV,2007-10-29,76.18,76.65,76.18,76.62,3500,62.19
BLV,2007-10-26,76.41,76.77,76.40,76.40,8400,62.01
BLV,2007-10-25,76.80,76.82,76.64,76.64,3800,62.21
BLV,2007-10-24,76.42,76.88,76.42,76.71,10600,62.26
BLV,2007-10-23,76.28,76.39,76.17,76.33,6500,61.96
BLV,2007-10-22,76.32,76.33,75.99,76.29,2800,61.92
BLV,2007-10-19,75.94,76.41,75.89,76.37,17500,61.99
BLV,2007-10-18,75.49,75.62,75.43,75.58,13300,61.35
BLV,2007-10-17,74.69,75.37,74.59,75.26,89500,61.09
BLV,2007-10-16,74.60,74.70,74.49,74.63,32900,60.58
BLV,2007-10-15,74.35,74.61,74.35,74.49,3600,60.46
BLV,2007-10-12,74.27,74.68,74.27,74.39,1700,60.38
BLV,2007-10-11,74.31,74.74,74.31,74.74,12200,60.66
BLV,2007-10-10,74.70,74.87,74.60,74.73,5300,60.66
BLV,2007-10-09,74.70,74.72,74.33,74.61,34700,60.56
BLV,2007-10-08,74.49,74.80,74.41,74.80,8200,60.71
BLV,2007-10-05,74.68,74.72,74.30,74.65,49400,60.59
BLV,2007-10-04,75.14,75.26,75.14,75.26,1000,61.09
BLV,2007-10-03,75.32,75.32,74.86,75.07,32500,60.93
BLV,2007-10-02,74.93,75.23,74.87,75.19,5000,61.03
BLV,2007-10-01,74.76,74.76,74.71,74.76,1900,60.68
BLV,2007-09-28,75.16,75.23,74.55,74.76,18700,60.41
BLV,2007-09-27,74.50,74.88,74.50,74.88,4100,60.51
BLV,2007-09-26,74.12,74.31,74.11,74.31,2600,60.05
BLV,2007-09-25,74.80,74.88,74.36,74.36,3000,60.09
BLV,2007-09-24,74.31,74.52,74.30,74.52,11800,60.22
BLV,2007-09-21,73.94,74.42,73.94,74.42,19600,60.13
BLV,2007-09-20,74.35,74.47,73.57,73.70,17700,59.55
BLV,2007-09-19,74.72,74.77,74.43,74.77,24700,60.42
BLV,2007-09-18,75.20,75.28,74.67,75.21,4400,60.77
BLV,2007-09-17,75.13,75.36,75.06,75.36,6200,60.89
BLV,2007-09-14,75.57,75.69,75.13,75.23,13100,60.79
BLV,2007-09-13,75.45,75.45,74.99,75.04,5200,60.64
BLV,2007-09-12,75.87,75.87,75.50,75.60,16500,61.09
BLV,2007-09-11,75.90,75.90,75.76,75.76,700,61.22
BLV,2007-09-10,75.75,76.13,75.72,75.98,37500,61.40
BLV,2007-09-07,75.24,75.65,75.14,75.54,30700,61.04
BLV,2007-09-06,75.10,75.10,74.73,74.89,2200,60.51
BLV,2007-09-05,74.66,75.10,74.66,74.98,9600,60.59
BLV,2007-09-04,74.67,74.67,74.09,74.34,11800,60.07
BLV,2007-08-31,74.72,75.25,74.61,75.25,3600,60.53
BLV,2007-08-30,74.62,74.84,74.62,74.77,2700,60.14
BLV,2007-08-29,74.66,74.79,74.33,74.48,16600,59.91
BLV,2007-08-28,74.54,74.74,74.38,74.71,4200,60.09
BLV,2007-08-27,74.22,74.55,74.22,74.55,6700,59.96
BLV,2007-08-24,74.16,74.23,74.00,74.18,9700,59.67
BLV,2007-08-23,73.63,73.99,73.63,73.90,2700,59.44
BLV,2007-08-22,73.52,73.77,73.27,73.66,16600,59.25
BLV,2007-08-21,73.71,73.84,73.42,73.84,3000,59.39
BLV,2007-08-20,73.34,73.76,73.34,73.55,12100,59.16
BLV,2007-08-17,73.06,73.42,73.06,73.42,9700,59.05
BLV,2007-08-16,73.40,73.83,73.27,73.27,8100,58.93
BLV,2007-08-15,73.45,73.45,73.11,73.26,10100,58.93
BLV,2007-08-14,73.00,73.50,73.00,73.43,5000,59.06
BLV,2007-08-13,72.75,73.15,72.75,72.99,53400,58.71
BLV,2007-08-10,73.43,73.48,73.09,73.12,2800,58.81
BLV,2007-08-09,73.14,73.41,72.89,73.05,2300,58.76
BLV,2007-08-08,73.14,73.21,72.91,73.20,15100,58.88
BLV,2007-08-07,73.91,73.96,73.72,73.76,3900,59.33
BLV,2007-08-06,74.05,74.11,73.72,73.72,5600,59.30
BLV,2007-08-03,73.74,74.17,73.74,74.17,8800,59.66
BLV,2007-08-02,73.59,73.66,73.48,73.65,8000,59.24
BLV,2007-08-01,73.65,73.68,73.32,73.51,24900,59.13
BLV,2007-07-31,73.57,73.67,73.57,73.67,16700,59.03
BLV,2007-07-30,73.58,73.60,73.48,73.51,2600,58.90
BLV,2007-07-27,73.86,74.00,72.95,73.50,39400,58.89
BLV,2007-07-26,73.84,74.21,73.76,73.95,19900,59.25
BLV,2007-07-25,73.53,73.70,73.52,73.63,21800,59.00
BLV,2007-07-24,73.55,73.55,73.17,73.48,16600,58.88
BLV,2007-07-23,73.24,73.45,73.21,73.38,8600,58.80
BLV,2007-07-20,73.17,73.57,73.16,73.44,42400,58.84
BLV,2007-07-19,72.70,72.97,72.70,72.96,313900,58.46
BLV,2007-07-18,72.90,73.18,72.90,72.99,7000,58.48
BLV,2007-07-17,72.69,72.85,72.57,72.81,8600,58.34
BLV,2007-07-16,72.52,72.97,72.48,72.97,12800,58.47
BLV,2007-07-13,72.55,72.59,72.10,72.49,13100,58.08
BLV,2007-07-12,72.60,72.60,72.13,72.27,10000,57.91
BLV,2007-07-11,72.87,72.93,72.55,72.55,3200,58.13
BLV,2007-07-10,72.71,72.78,72.58,72.77,11300,58.31
BLV,2007-07-09,72.27,72.27,72.14,72.15,2500,57.81
BLV,2007-07-06,72.00,72.02,71.84,71.94,14200,57.64
BLV,2007-07-05,72.51,72.51,72.13,72.22,9000,57.87
BLV,2007-07-03,72.96,72.96,72.84,72.84,3300,58.36
BLV,2007-07-02,72.86,73.22,72.85,73.19,11300,58.64
BLV,2007-06-29,72.89,73.18,72.85,73.15,99100,58.42
BLV,2007-06-28,72.74,72.74,72.63,72.63,5500,58.01
BLV,2007-06-27,72.85,72.92,72.63,72.63,11100,58.01
BLV,2007-06-26,72.70,72.70,72.45,72.56,6800,57.95
BLV,2007-06-25,72.55,72.62,72.44,72.58,6900,57.97
BLV,2007-06-22,71.97,72.22,71.69,72.22,12200,57.68
BLV,2007-06-21,72.29,72.29,71.98,71.98,18800,57.49
BLV,2007-06-20,72.48,72.50,72.32,72.34,28100,57.78
BLV,2007-06-19,72.32,72.70,72.32,72.70,10600,58.06
BLV,2007-06-18,72.11,72.27,71.98,72.27,9100,57.72
BLV,2007-06-15,72.15,72.28,72.11,72.28,1000,57.73
BLV,2007-06-14,72.03,72.03,71.71,71.71,13000,57.27
BLV,2007-06-13,71.49,71.83,71.48,71.73,26700,57.29
BLV,2007-06-12,71.70,71.71,71.27,71.33,24500,56.97
BLV,2007-06-11,72.12,72.30,72.10,72.14,17100,57.62
BLV,2007-06-08,72.29,72.47,72.03,72.41,43200,57.83
BLV,2007-06-07,73.08,73.09,72.34,72.49,58500,57.90
BLV,2007-06-06,73.46,73.57,73.46,73.53,10400,58.73
BLV,2007-06-05,73.76,73.82,73.53,73.56,11100,58.75
BLV,2007-06-04,73.77,73.88,73.71,73.88,11400,59.01
BLV,2007-06-01,73.85,73.85,73.56,73.58,21500,58.77
BLV,2007-05-31,74.29,74.29,74.03,74.26,24000,59.11
BLV,2007-05-30,74.48,74.48,74.28,74.28,21600,59.12
BLV,2007-05-29,74.32,74.32,74.19,74.19,42500,59.05
BLV,2007-05-25,74.20,74.26,74.14,74.19,80500,59.05
BLV,2007-05-24,74.20,74.31,73.93,74.31,6700,59.15
BLV,2007-05-23,74.46,74.48,74.13,74.20,26800,59.06
BLV,2007-05-22,74.73,74.78,74.45,74.48,35200,59.28
BLV,2007-05-21,74.57,74.70,74.53,74.70,6200,59.46
BLV,2007-05-18,74.84,74.95,74.55,74.61,19800,59.38
BLV,2007-05-17,75.04,75.08,74.93,74.94,3900,59.65
BLV,2007-05-16,75.23,75.28,75.23,75.23,2200,59.88
BLV,2007-05-15,75.43,75.43,75.10,75.24,5500,59.89
BLV,2007-05-14,75.50,75.50,75.32,75.32,7600,59.95
BLV,2007-05-11,75.75,75.75,75.42,75.42,5700,60.03
BLV,2007-05-10,75.58,75.66,75.52,75.58,39800,60.16
BLV,2007-05-09,75.70,75.74,75.50,75.54,5900,60.12
BLV,2007-05-08,75.83,75.92,75.80,75.81,4600,60.34
BLV,2007-05-07,75.80,75.87,75.77,75.83,15400,60.36
BLV,2007-05-04,75.53,75.75,75.53,75.72,11200,60.27
BLV,2007-05-03,75.58,75.58,75.32,75.39,10800,60.01
BLV,2007-05-02,75.57,75.68,75.57,75.67,7800,60.23
BLV,2007-05-01,75.74,75.87,75.22,75.60,28700,60.17
BLV,2007-04-30,75.56,75.92,75.56,75.92,13000,60.19
BLV,2007-04-27,75.47,75.49,75.30,75.33,8000,59.72
BLV,2007-04-26,75.67,75.67,75.40,75.44,37100,59.81
BLV,2007-04-25,75.85,75.92,75.73,75.82,34300,60.11
BLV,2007-04-24,75.81,75.99,75.81,75.97,25300,60.23
BLV,2007-04-23,75.51,75.75,75.51,75.72,3800,60.03
BLV,2007-04-20,75.70,75.70,75.48,75.56,6800,59.90
BLV,2007-04-19,75.76,75.76,75.55,75.61,11800,59.94
BLV,2007-04-18,75.60,75.76,75.60,75.65,12000,59.97
BLV,2007-04-17,75.36,75.43,75.31,75.41,17900,59.78
BLV,2007-04-16,75.03,75.03,75.03,75.03,300,59.48
BLV,2007-04-13,74.90,74.90,74.73,74.78,16400,59.28
BLV,2007-04-12,74.92,74.93,74.84,74.93,1900,59.40
BLV,2007-04-11,74.85,74.94,74.81,74.84,25900,59.33
BLV,2007-04-10,74.82,74.95,74.82,74.95,7800,59.42
