BSV,2011-10-28,81.23,81.30,81.16,81.30,525100,81.30
BSV,2011-10-27,81.17,81.35,81.15,81.25,494700,81.25
BSV,2011-10-26,81.30,81.37,81.24,81.29,964400,81.29
BSV,2011-10-25,81.18,81.35,81.16,81.30,462700,81.30
BSV,2011-10-24,81.07,81.20,81.07,81.18,599900,81.18
BSV,2011-10-21,81.21,81.25,81.11,81.13,889100,81.13
BSV,2011-10-20,81.17,81.24,81.12,81.21,363200,81.21
BSV,2011-10-19,81.20,81.20,81.07,81.13,3941400,81.13
BSV,2011-10-18,81.25,81.26,81.08,81.16,857300,81.16
BSV,2011-10-17,81.15,81.21,81.06,81.17,482100,81.17
BSV,2011-10-14,81.10,81.15,81.06,81.14,362400,81.14
BSV,2011-10-13,81.06,81.16,80.96,81.09,795300,81.09
BSV,2011-10-12,81.05,81.06,80.83,80.93,3617200,80.93
BSV,2011-10-11,80.95,81.07,80.93,81.05,519200,81.05
BSV,2011-10-10,81.13,81.13,80.86,80.88,360100,80.88
BSV,2011-10-07,81.09,81.14,80.96,81.12,1909700,81.12
BSV,2011-10-06,81.14,81.15,81.00,81.01,1008800,81.01
BSV,2011-10-05,81.20,81.20,81.10,81.17,981800,81.17
BSV,2011-10-04,81.40,81.42,81.16,81.23,718800,81.23
BSV,2011-10-03,81.33,81.40,81.23,81.39,1472400,81.39
BSV,2011-09-30,81.41,81.42,81.32,81.42,543800,81.31
BSV,2011-09-29,81.36,81.38,81.33,81.36,715800,81.25
BSV,2011-09-28,81.41,81.48,81.35,81.47,548200,81.36
BSV,2011-09-27,81.42,81.53,81.41,81.50,676600,81.39
BSV,2011-09-26,81.45,81.56,81.45,81.51,616400,81.40
BSV,2011-09-23,81.61,81.61,81.47,81.53,519700,81.42
BSV,2011-09-22,81.63,81.68,81.58,81.67,10049900,81.56
BSV,2011-09-21,81.63,81.76,81.58,81.65,1178300,81.54
BSV,2011-09-20,81.70,81.70,81.60,81.62,567600,81.51
BSV,2011-09-19,81.66,81.69,81.63,81.65,271900,81.54
BSV,2011-09-16,81.47,81.63,81.47,81.62,370000,81.51
BSV,2011-09-15,81.54,81.58,81.49,81.58,430500,81.47
BSV,2011-09-14,81.55,81.67,81.55,81.62,661900,81.51
BSV,2011-09-13,81.60,81.65,81.53,81.56,483000,81.45
BSV,2011-09-12,81.66,81.73,81.62,81.62,685700,81.51
BSV,2011-09-09,81.71,81.77,81.63,81.67,344000,81.56
BSV,2011-09-08,81.72,81.75,81.56,81.71,759100,81.60
BSV,2011-09-07,81.57,81.69,81.50,81.67,580600,81.56
BSV,2011-09-06,81.60,81.71,81.60,81.70,527900,81.59
BSV,2011-09-02,81.71,81.74,81.57,81.68,485300,81.57
BSV,2011-09-01,81.73,81.79,81.57,81.77,801500,81.66
BSV,2011-08-31,81.88,81.88,81.70,81.78,485200,81.54
BSV,2011-08-30,81.69,81.88,81.66,81.78,399300,81.54
BSV,2011-08-29,81.58,81.72,81.55,81.67,553400,81.43
BSV,2011-08-26,81.79,81.79,81.68,81.68,323500,81.44
BSV,2011-08-25,81.54,81.74,81.52,81.70,737700,81.46
BSV,2011-08-24,81.61,81.63,81.50,81.56,600200,81.32
BSV,2011-08-23,81.60,81.66,81.53,81.61,180100,81.37
BSV,2011-08-22,81.68,81.73,81.62,81.69,506900,81.45
BSV,2011-08-19,81.62,81.77,81.60,81.76,542100,81.52
BSV,2011-08-18,81.81,81.84,81.65,81.73,495700,81.49
BSV,2011-08-17,81.74,81.81,81.66,81.80,477800,81.56
BSV,2011-08-16,81.56,81.73,81.56,81.67,548300,81.43
BSV,2011-08-15,81.62,81.72,81.54,81.57,688100,81.33
BSV,2011-08-12,81.73,81.78,81.57,81.60,616900,81.36
BSV,2011-08-11,81.67,81.70,81.42,81.65,970500,81.41
BSV,2011-08-10,81.86,81.93,81.79,81.87,838600,81.63
BSV,2011-08-09,81.45,81.94,81.40,81.77,1020900,81.53
BSV,2011-08-08,81.48,81.57,81.33,81.54,886200,81.30
BSV,2011-08-05,81.52,81.62,81.40,81.42,789400,81.18
BSV,2011-08-04,81.48,81.66,81.48,81.65,1042200,81.41
BSV,2011-08-03,81.42,81.53,81.42,81.50,929100,81.26
BSV,2011-08-02,81.40,81.53,81.37,81.53,351200,81.29
BSV,2011-08-01,81.25,81.42,81.23,81.35,497400,81.11
BSV,2011-07-29,81.32,81.41,81.27,81.40,539100,81.03
BSV,2011-07-28,81.18,81.25,81.18,81.21,374400,80.84
BSV,2011-07-27,81.18,81.23,81.08,81.13,554100,80.76
BSV,2011-07-26,81.15,81.23,81.13,81.21,411600,80.84
BSV,2011-07-25,81.16,81.27,81.13,81.14,710300,80.77
BSV,2011-07-22,81.19,81.25,81.17,81.18,463400,80.81
BSV,2011-07-21,81.24,81.26,81.12,81.15,538700,80.78
BSV,2011-07-20,81.26,81.31,81.21,81.28,486800,80.91
BSV,2011-07-19,81.28,81.33,81.20,81.31,559900,80.94
BSV,2011-07-18,81.26,81.32,81.24,81.27,434800,80.90
BSV,2011-07-15,81.20,81.31,81.20,81.26,534700,80.89
BSV,2011-07-14,81.22,81.30,81.22,81.26,427700,80.89
BSV,2011-07-13,81.26,81.35,81.23,81.32,301700,80.95
BSV,2011-07-12,81.30,81.32,81.23,81.23,755100,80.86
BSV,2011-07-11,81.16,81.31,81.16,81.27,292300,80.90
BSV,2011-07-08,81.14,81.19,81.08,81.12,407400,80.75
BSV,2011-07-07,80.93,80.96,80.89,80.95,776800,80.58
BSV,2011-07-06,81.02,81.08,81.01,81.07,443200,80.70
BSV,2011-07-05,80.93,81.00,80.90,80.97,534600,80.60
BSV,2011-07-01,80.94,80.94,80.75,80.82,426900,80.45
BSV,2011-06-30,81.13,81.14,80.92,81.03,415400,80.53
BSV,2011-06-29,81.09,81.13,81.00,81.08,512000,80.58
BSV,2011-06-28,81.25,81.27,81.08,81.13,301100,80.63
BSV,2011-06-27,81.41,81.43,81.29,81.31,447700,80.81
BSV,2011-06-24,81.33,81.43,81.29,81.40,309100,80.90
BSV,2011-06-23,81.30,81.37,81.27,81.32,375200,80.82
BSV,2011-06-22,81.25,81.31,81.22,81.25,325000,80.75
BSV,2011-06-21,81.29,81.29,81.17,81.23,370500,80.73
BSV,2011-06-20,81.28,81.30,81.19,81.26,333800,80.76
BSV,2011-06-17,81.24,81.30,81.20,81.26,498200,80.76
BSV,2011-06-16,81.25,81.28,81.18,81.23,326800,80.73
BSV,2011-06-15,81.09,81.23,81.09,81.23,393000,80.73
BSV,2011-06-14,81.08,81.09,81.00,81.02,464100,80.52
BSV,2011-06-13,81.15,81.21,81.12,81.19,324300,80.69
BSV,2011-06-10,81.15,81.25,81.15,81.21,439300,80.71
BSV,2011-06-09,81.19,81.25,81.10,81.16,250700,80.66
BSV,2011-06-08,81.25,81.27,81.18,81.27,473200,80.77
BSV,2011-06-07,81.13,81.18,81.10,81.18,353200,80.68
BSV,2011-06-06,81.09,81.13,81.08,81.13,199200,80.63
BSV,2011-06-03,81.15,81.17,81.07,81.13,393900,80.63
BSV,2011-06-02,81.13,81.13,81.03,81.05,437100,80.55
BSV,2011-06-01,81.09,81.15,81.06,81.13,321700,80.63
BSV,2011-05-31,81.02,81.18,81.02,81.15,472300,80.52
BSV,2011-05-27,81.08,81.16,81.04,81.15,407600,80.52
BSV,2011-05-26,80.97,81.07,80.97,81.07,393600,80.44
BSV,2011-05-25,80.96,80.99,80.92,80.98,455000,80.35
BSV,2011-05-24,80.90,80.93,80.86,80.92,612700,80.29
BSV,2011-05-23,80.99,80.99,80.88,80.89,582900,80.26
BSV,2011-05-20,80.89,80.93,80.86,80.88,558800,80.25
BSV,2011-05-19,80.73,80.88,80.71,80.87,552100,80.24
BSV,2011-05-18,80.91,80.95,80.81,80.84,859400,80.21
BSV,2011-05-17,80.92,80.95,80.89,80.93,968900,80.30
BSV,2011-05-16,80.81,80.90,80.81,80.90,562200,80.27
BSV,2011-05-13,80.82,80.90,80.79,80.84,354700,80.21
BSV,2011-05-12,80.82,80.82,80.70,80.75,479000,80.12
BSV,2011-05-11,80.72,80.83,80.67,80.80,309500,80.17
BSV,2011-05-10,80.81,80.81,80.72,80.73,298000,80.10
BSV,2011-05-09,80.86,80.87,80.81,80.85,288000,80.22
BSV,2011-05-06,80.68,80.82,80.68,80.78,506800,80.15
BSV,2011-05-05,80.65,80.75,80.65,80.71,240500,80.08
BSV,2011-05-04,80.61,80.71,80.60,80.67,291000,80.04
BSV,2011-05-03,80.66,80.68,80.61,80.65,538300,80.02
BSV,2011-05-02,80.66,80.68,80.58,80.65,404400,80.02
BSV,2011-04-29,80.70,80.78,80.68,80.78,323000,80.02
BSV,2011-04-28,80.69,80.74,80.66,80.71,380900,79.95
BSV,2011-04-27,80.56,80.63,80.48,80.62,420000,79.86
BSV,2011-04-26,80.57,80.60,80.53,80.59,350600,79.83
BSV,2011-04-25,80.48,80.56,80.47,80.54,281100,79.78
BSV,2011-04-21,80.45,80.54,80.43,80.52,532800,79.76
BSV,2011-04-20,80.46,80.49,80.43,80.43,1393400,79.67
BSV,2011-04-19,80.45,80.51,80.42,80.51,1501800,79.75
BSV,2011-04-18,80.40,80.48,80.39,80.40,436700,79.64
BSV,2011-04-15,80.29,80.37,80.28,80.34,464900,79.58
BSV,2011-04-14,80.27,80.30,80.20,80.24,423700,79.48
BSV,2011-04-13,80.18,80.29,80.15,80.26,702700,79.50
BSV,2011-04-12,80.10,80.24,80.08,80.23,384900,79.47
BSV,2011-04-11,80.00,80.04,79.96,79.98,298500,79.23
BSV,2011-04-08,80.00,80.06,79.95,80.03,257100,79.28
BSV,2011-04-07,80.01,80.08,79.97,80.03,264800,79.28
BSV,2011-04-06,80.04,80.04,79.93,79.94,639100,79.19
BSV,2011-04-05,80.14,80.15,79.97,79.97,636300,79.22
BSV,2011-04-04,80.13,80.18,80.10,80.14,285000,79.39
BSV,2011-04-01,79.94,80.08,79.88,80.03,1099700,79.28
BSV,2011-03-31,80.29,80.30,80.16,80.16,1504100,79.27
BSV,2011-03-30,80.22,80.26,80.18,80.21,484700,79.32
BSV,2011-03-29,80.25,80.26,80.16,80.21,815700,79.32
BSV,2011-03-28,80.23,80.27,80.19,80.25,629700,79.36
BSV,2011-03-25,80.40,80.42,80.21,80.27,682200,79.38
BSV,2011-03-24,80.43,80.45,80.33,80.33,298400,79.43
BSV,2011-03-23,80.51,80.55,80.45,80.48,399200,79.58
BSV,2011-03-22,80.49,80.56,80.47,80.52,320300,79.62
BSV,2011-03-21,80.56,80.63,80.52,80.54,443300,79.64
BSV,2011-03-18,80.73,80.73,80.62,80.71,476300,79.81
BSV,2011-03-17,80.71,80.75,80.64,80.73,807000,79.83
BSV,2011-03-16,80.65,80.79,80.61,80.68,1132600,79.78
BSV,2011-03-15,80.74,80.74,80.59,80.59,366900,79.69
BSV,2011-03-14,80.59,80.68,80.56,80.56,321100,79.66
BSV,2011-03-11,80.56,80.57,80.48,80.49,284800,79.59
BSV,2011-03-10,80.38,80.53,80.38,80.50,250400,79.60
BSV,2011-03-09,80.34,80.40,80.30,80.34,525100,79.44
BSV,2011-03-08,80.26,80.28,80.19,80.25,382000,79.36
BSV,2011-03-07,80.27,80.36,80.22,80.29,316200,79.40
BSV,2011-03-04,80.19,80.36,80.19,80.36,564100,79.46
BSV,2011-03-03,80.22,80.22,80.09,80.09,1243500,79.20
BSV,2011-03-02,80.39,80.44,79.75,80.35,469100,79.45
BSV,2011-03-01,80.30,80.40,80.27,80.36,510300,79.46
BSV,2011-02-28,80.42,80.48,80.40,80.43,462200,79.41
BSV,2011-02-25,80.33,80.42,80.28,80.42,1036000,79.40
BSV,2011-02-24,80.31,80.41,80.28,80.28,481900,79.26
BSV,2011-02-23,80.38,80.40,80.31,80.33,339100,79.31
BSV,2011-02-22,80.21,80.37,80.20,80.35,880600,79.33
BSV,2011-02-18,80.10,80.22,80.07,80.22,530500,79.20
BSV,2011-02-17,80.09,80.16,80.06,80.13,422700,79.11
BSV,2011-02-16,80.00,80.06,79.96,80.00,473500,78.98
BSV,2011-02-15,79.93,80.04,79.93,80.03,413600,79.01
BSV,2011-02-14,79.96,80.01,79.94,79.95,513300,78.93
BSV,2011-02-11,80.01,80.05,79.92,79.95,899700,78.93
BSV,2011-02-10,79.99,80.01,79.91,79.94,495200,78.92
BSV,2011-02-09,79.93,80.06,79.92,80.04,1283300,79.02
BSV,2011-02-08,80.04,80.06,79.90,79.92,678400,78.90
BSV,2011-02-07,80.00,80.09,79.94,80.08,877700,79.06
BSV,2011-02-04,80.18,80.19,80.05,80.06,645400,79.04
BSV,2011-02-03,80.27,80.31,80.22,80.24,571600,79.22
BSV,2011-02-02,80.45,80.51,80.35,80.39,472600,79.37
BSV,2011-02-01,80.54,80.55,80.45,80.50,554400,79.48
BSV,2011-01-31,80.75,80.80,80.71,80.75,397900,79.58
BSV,2011-01-28,80.63,80.78,80.60,80.76,694200,79.59
BSV,2011-01-27,80.63,80.65,80.55,80.61,447300,79.45
BSV,2011-01-26,80.59,80.65,80.50,80.57,614000,79.41
BSV,2011-01-25,80.50,80.61,80.47,80.54,349900,79.38
BSV,2011-01-24,80.50,80.55,80.46,80.49,478100,79.33
BSV,2011-01-21,80.45,80.52,80.43,80.52,359200,79.36
BSV,2011-01-20,80.57,80.57,80.45,80.49,683200,79.33
BSV,2011-01-19,80.52,80.66,80.52,80.63,578400,79.47
BSV,2011-01-18,80.57,80.59,80.47,80.53,330400,79.37
BSV,2011-01-14,80.56,80.64,80.51,80.62,423700,79.46
BSV,2011-01-13,80.50,80.60,80.44,80.57,392100,79.41
BSV,2011-01-12,80.48,80.55,80.35,80.47,486600,79.31
BSV,2011-01-11,80.56,80.61,80.50,80.54,606400,79.38
BSV,2011-01-10,80.55,80.59,80.51,80.59,273900,79.43
BSV,2011-01-07,80.40,80.54,80.36,80.54,1839200,79.38
BSV,2011-01-06,80.22,80.31,80.21,80.31,693600,79.15
BSV,2011-01-05,80.24,80.29,80.17,80.21,969900,79.05
BSV,2011-01-04,80.45,80.49,80.36,80.40,430400,79.24
BSV,2011-01-03,80.34,80.42,80.27,80.42,566100,79.26
BSV,2010-12-31,80.32,80.48,80.28,80.46,362500,79.30
BSV,2010-12-30,80.35,80.37,80.24,80.31,384900,79.15
BSV,2010-12-29,80.10,80.36,80.07,80.35,522500,79.19
BSV,2010-12-28,80.22,80.30,80.10,80.16,423100,79.00
BSV,2010-12-27,80.23,80.34,80.10,80.33,330000,79.17
BSV,2010-12-23,80.67,80.73,80.62,80.69,534800,79.08
BSV,2010-12-22,80.77,80.82,80.69,80.74,354400,79.13
BSV,2010-12-21,80.77,80.84,80.74,80.77,493900,79.16
BSV,2010-12-20,80.78,80.87,80.74,80.82,377700,79.21
BSV,2010-12-17,80.65,80.80,80.59,80.74,890300,79.13
BSV,2010-12-16,80.55,80.58,80.46,80.57,624600,78.96
BSV,2010-12-15,80.59,80.67,80.46,80.50,952100,78.89
BSV,2010-12-14,80.72,80.75,80.52,80.59,516500,78.98
BSV,2010-12-13,80.61,80.75,80.50,80.75,442200,79.14
BSV,2010-12-10,80.71,80.74,80.62,80.63,506000,79.02
BSV,2010-12-09,80.77,80.79,80.69,80.71,481400,79.10
BSV,2010-12-08,80.86,80.86,80.65,80.75,736600,79.14
BSV,2010-12-07,81.24,81.25,80.96,80.98,465500,79.36
BSV,2010-12-06,81.22,81.33,81.22,81.28,935700,79.66
BSV,2010-12-03,81.16,81.26,81.09,81.22,701800,79.60
BSV,2010-12-02,81.11,81.11,80.99,81.04,1043800,79.42
BSV,2010-12-01,81.18,81.23,81.08,81.08,516600,79.46
BSV,2010-11-30,81.44,81.54,81.44,81.51,261400,79.75
BSV,2010-11-29,81.37,81.44,81.32,81.44,632400,79.68
BSV,2010-11-26,81.35,81.40,81.32,81.39,98400,79.63
BSV,2010-11-24,81.46,81.48,81.30,81.35,411800,79.59
BSV,2010-11-23,81.59,81.64,81.52,81.53,625000,79.77
BSV,2010-11-22,81.38,81.54,81.33,81.53,732800,79.77
BSV,2010-11-19,81.34,81.42,81.32,81.35,550000,79.59
BSV,2010-11-18,81.30,81.42,81.27,81.41,266200,79.65
BSV,2010-11-17,81.41,81.49,81.38,81.38,490200,79.62
BSV,2010-11-16,81.34,81.41,81.24,81.41,575200,79.65
BSV,2010-11-15,81.45,81.45,81.22,81.22,958800,79.46
BSV,2010-11-12,81.65,81.65,81.49,81.51,669400,79.75
BSV,2010-11-11,81.77,81.78,81.56,81.66,378700,79.89
BSV,2010-11-10,81.68,81.71,81.53,81.66,416200,79.89
BSV,2010-11-09,81.90,81.90,81.70,81.71,822400,79.94
BSV,2010-11-08,81.88,81.92,81.85,81.89,373400,80.12
BSV,2010-11-05,81.97,82.02,81.91,81.94,454800,80.17
BSV,2010-11-04,81.95,82.06,81.94,82.01,586400,80.24
BSV,2010-11-03,81.90,81.98,81.88,81.97,292400,80.20
BSV,2010-11-02,81.88,81.91,81.83,81.90,353100,80.13
BSV,2010-11-01,81.83,82.00,81.82,81.82,447500,80.05
BSV,2010-10-29,81.87,81.99,81.87,81.98,377000,80.06
BSV,2010-10-28,81.84,81.90,81.80,81.90,428500,79.99
BSV,2010-10-27,81.79,81.79,81.71,81.72,289000,79.81
BSV,2010-10-26,81.86,81.88,81.77,81.82,802500,79.91
BSV,2010-10-25,81.99,81.99,81.87,81.93,329100,80.02
BSV,2010-10-22,81.90,81.93,81.86,81.90,364500,79.99
BSV,2010-10-21,81.95,81.97,81.91,81.94,292100,80.03
BSV,2010-10-20,81.96,82.00,81.90,81.97,345500,80.05
BSV,2010-10-19,81.92,81.96,81.88,81.94,306400,80.03
BSV,2010-10-18,81.87,81.95,81.81,81.93,373400,80.02
BSV,2010-10-15,81.88,81.88,81.75,81.76,505900,79.85
BSV,2010-10-14,81.79,81.86,81.79,81.81,338900,79.90
BSV,2010-10-13,81.89,81.93,81.83,81.91,503500,80.00
BSV,2010-10-12,81.94,81.96,81.83,81.84,411100,79.93
BSV,2010-10-11,81.97,81.99,81.81,81.98,368800,80.06
BSV,2010-10-08,81.95,81.95,81.85,81.85,804500,79.94
BSV,2010-10-07,81.83,81.91,81.83,81.91,316800,80.00
BSV,2010-10-06,81.77,81.84,81.76,81.81,307700,79.90
BSV,2010-10-05,81.74,81.78,81.70,81.73,350700,79.82
BSV,2010-10-04,81.72,81.74,81.65,81.72,336700,79.81
BSV,2010-10-01,81.60,81.68,81.58,81.68,354400,79.77
BSV,2010-09-30,81.81,81.81,81.65,81.75,518300,79.70
BSV,2010-09-29,81.79,81.80,81.71,81.71,375100,79.66
BSV,2010-09-28,81.73,81.80,81.69,81.79,351100,79.74
BSV,2010-09-27,81.67,81.70,81.63,81.70,393700,79.65
BSV,2010-09-24,81.65,81.66,81.57,81.60,294400,79.55
BSV,2010-09-23,81.71,81.71,81.62,81.67,354100,79.62
BSV,2010-09-22,81.68,81.73,81.64,81.69,523500,79.64
BSV,2010-09-21,81.53,81.64,81.48,81.63,795800,79.58
BSV,2010-09-20,81.50,81.53,81.45,81.49,443600,79.45
BSV,2010-09-17,81.53,81.53,81.43,81.43,396100,79.39
BSV,2010-09-16,81.47,81.47,81.40,81.46,317700,79.42
BSV,2010-09-15,81.47,81.50,81.39,81.39,727500,79.35
BSV,2010-09-14,81.37,81.49,81.35,81.46,524500,79.42
BSV,2010-09-13,81.25,81.40,81.24,81.37,544600,79.33
BSV,2010-09-10,81.23,81.29,81.20,81.27,487800,79.23
BSV,2010-09-09,81.40,81.40,81.27,81.30,307700,79.26
BSV,2010-09-08,81.43,81.45,81.36,81.42,765900,79.38
BSV,2010-09-07,81.46,81.47,81.37,81.38,573800,79.34
BSV,2010-09-03,81.35,81.41,81.29,81.41,421600,79.37
BSV,2010-09-02,81.40,81.46,81.36,81.45,398000,79.41
BSV,2010-09-01,81.57,81.57,81.38,81.38,620800,79.34
BSV,2010-08-31,81.66,81.73,81.61,81.67,333800,79.48
BSV,2010-08-30,81.52,81.66,81.48,81.63,459600,79.44
BSV,2010-08-27,81.62,81.63,81.44,81.48,552000,79.29
BSV,2010-08-26,81.62,81.65,81.56,81.63,428800,79.44
BSV,2010-08-25,81.71,81.74,81.57,81.61,457000,79.42
BSV,2010-08-24,81.73,81.74,81.61,81.69,414400,79.50
BSV,2010-08-23,81.59,81.61,81.52,81.61,280400,79.42
BSV,2010-08-20,81.57,81.62,81.53,81.58,506600,79.39
BSV,2010-08-19,81.57,81.64,81.52,81.62,287700,79.43
BSV,2010-08-18,81.59,81.61,81.54,81.57,337000,79.38
BSV,2010-08-17,81.55,81.58,81.52,81.57,259500,79.38
BSV,2010-08-16,81.58,81.62,81.51,81.59,535400,79.40
BSV,2010-08-13,81.38,81.49,81.38,81.48,325000,79.29
BSV,2010-08-12,81.53,81.53,81.41,81.44,212900,79.26
BSV,2010-08-11,81.55,81.56,81.47,81.50,300300,79.31
BSV,2010-08-10,81.37,81.48,81.25,81.41,563100,79.23
BSV,2010-08-09,81.42,81.45,81.34,81.37,500900,79.19
BSV,2010-08-06,81.47,81.47,81.32,81.45,420700,79.26
BSV,2010-08-05,81.31,81.37,81.28,81.36,299500,79.18
BSV,2010-08-04,81.34,81.34,81.25,81.28,555500,79.10
BSV,2010-08-03,81.37,81.37,81.25,81.31,834300,79.13
BSV,2010-08-02,81.29,81.29,81.20,81.26,854900,79.08
BSV,2010-07-30,81.45,81.45,81.37,81.43,510500,79.10
BSV,2010-07-29,81.27,81.34,81.23,81.34,404700,79.01
BSV,2010-07-28,81.13,81.24,81.07,81.24,289400,78.92
BSV,2010-07-27,81.06,81.11,81.05,81.05,1241200,78.73
BSV,2010-07-26,81.12,81.16,81.06,81.15,656000,78.83
BSV,2010-07-23,81.21,81.23,81.12,81.16,455700,78.84
BSV,2010-07-22,81.19,81.25,81.14,81.21,621300,78.89
BSV,2010-07-21,81.17,81.23,81.08,81.23,656800,78.91
BSV,2010-07-20,81.18,81.21,81.15,81.18,380700,78.86
BSV,2010-07-19,81.15,81.17,81.12,81.16,369700,78.84
BSV,2010-07-16,81.06,81.17,81.04,81.14,635300,78.82
BSV,2010-07-15,81.05,81.08,80.95,81.05,719900,78.73
BSV,2010-07-14,80.85,81.00,80.85,80.97,392700,78.65
BSV,2010-07-13,80.89,80.89,80.82,80.86,349700,78.55
BSV,2010-07-12,80.93,80.93,80.86,80.91,281300,78.60
BSV,2010-07-09,80.88,80.89,80.80,80.88,879700,78.57
BSV,2010-07-08,80.79,80.91,80.78,80.90,522200,78.59
BSV,2010-07-07,80.94,80.97,80.87,80.89,718700,78.58
BSV,2010-07-06,80.75,80.95,80.75,80.87,675100,78.56
BSV,2010-07-02,80.74,80.83,80.70,80.83,573000,78.52
BSV,2010-07-01,80.85,80.90,80.78,80.78,598600,78.47
BSV,2010-06-30,81.02,81.02,80.93,81.02,458100,78.56
BSV,2010-06-29,80.93,81.02,80.90,80.96,620800,78.50
BSV,2010-06-28,80.83,80.94,80.83,80.89,452600,78.43
BSV,2010-06-25,80.77,80.86,80.76,80.86,297600,78.40
BSV,2010-06-24,80.82,80.83,80.72,80.78,354300,78.33
BSV,2010-06-23,80.70,80.78,80.66,80.78,396200,78.33
BSV,2010-06-22,80.61,80.69,80.56,80.67,324200,78.22
BSV,2010-06-21,80.47,80.57,80.44,80.57,481200,78.12
BSV,2010-06-18,80.53,80.58,80.48,80.54,372900,78.09
BSV,2010-06-17,80.52,80.62,80.48,80.60,476800,78.15
BSV,2010-06-16,80.46,80.46,80.37,80.46,377900,78.02
BSV,2010-06-15,80.47,80.47,80.36,80.40,766100,77.96
BSV,2010-06-14,80.42,80.46,80.34,80.46,333400,78.02
BSV,2010-06-11,80.32,80.47,80.32,80.45,329000,78.01
BSV,2010-06-10,80.42,80.43,80.33,80.35,828000,77.91
BSV,2010-06-09,80.42,80.49,80.40,80.49,722500,78.04
BSV,2010-06-08,80.52,80.54,80.44,80.50,958000,78.05
BSV,2010-06-07,80.53,80.54,80.42,80.54,721500,78.09
BSV,2010-06-04,80.38,80.49,80.32,80.49,346900,78.04
BSV,2010-06-03,80.28,80.31,80.19,80.19,572900,77.75
BSV,2010-06-02,80.29,80.37,80.27,80.32,317900,77.88
BSV,2010-06-01,80.33,80.37,80.25,80.37,300600,77.93
BSV,2010-05-28,80.32,80.56,80.32,80.37,381600,77.78
BSV,2010-05-27,80.25,80.32,80.21,80.30,574600,77.71
BSV,2010-05-26,80.46,80.47,80.30,80.44,403700,77.85
BSV,2010-05-25,80.55,80.64,80.50,80.53,582600,77.93
BSV,2010-05-24,80.61,80.62,80.51,80.58,477900,77.98
BSV,2010-05-21,80.71,80.71,80.48,80.59,654900,77.99
BSV,2010-05-20,80.69,80.69,80.48,80.48,563200,77.88
BSV,2010-05-19,80.46,80.60,80.46,80.57,431000,77.97
BSV,2010-05-18,80.42,80.55,80.37,80.55,689900,77.95
BSV,2010-05-17,80.42,80.49,80.30,80.39,454000,77.80
BSV,2010-05-14,80.35,80.41,80.32,80.40,280100,77.81
BSV,2010-05-13,80.27,80.30,80.15,80.30,499500,77.71
BSV,2010-05-12,80.26,80.27,80.19,80.24,262300,77.65
BSV,2010-05-11,80.29,80.32,80.17,80.26,595200,77.67
BSV,2010-05-10,80.36,80.50,80.16,80.19,432800,77.60
BSV,2010-05-07,80.21,80.45,80.17,80.34,643200,77.75
BSV,2010-05-06,80.25,81.00,80.16,80.42,491100,77.83
BSV,2010-05-05,80.14,80.29,80.14,80.14,338900,77.56
BSV,2010-05-04,80.13,80.13,80.05,80.10,431500,77.52
BSV,2010-05-03,80.06,80.13,79.95,80.02,341800,77.44
BSV,2010-04-30,80.19,80.24,80.12,80.20,303600,77.46
BSV,2010-04-29,80.10,80.14,79.97,80.14,587000,77.41
BSV,2010-04-28,80.10,80.14,79.96,80.07,404800,77.34
BSV,2010-04-27,80.03,80.17,79.95,80.15,475700,77.42
BSV,2010-04-26,79.96,79.99,79.89,79.94,273900,77.21
BSV,2010-04-23,79.88,79.97,79.88,79.94,355700,77.21
BSV,2010-04-22,80.07,80.13,79.96,80.00,358800,77.27
BSV,2010-04-21,80.01,80.08,79.98,80.07,521400,77.34
BSV,2010-04-20,80.03,80.04,79.98,80.03,615600,77.30
BSV,2010-04-19,80.11,80.11,80.00,80.04,448100,77.31
BSV,2010-04-16,80.00,80.14,79.93,80.11,369900,77.38
BSV,2010-04-15,79.84,79.93,79.81,79.87,360400,77.14
BSV,2010-04-14,79.80,79.90,79.79,79.84,324600,77.12
BSV,2010-04-13,79.85,79.88,79.77,79.85,426400,77.13
BSV,2010-04-12,79.70,79.83,79.70,79.80,352600,77.08
BSV,2010-04-09,79.73,79.76,79.64,79.76,360600,77.04
BSV,2010-04-08,79.75,79.79,79.67,79.71,379100,76.99
BSV,2010-04-07,79.55,79.71,79.54,79.64,843100,76.92
BSV,2010-04-06,79.51,79.55,79.45,79.50,729600,76.79
BSV,2010-04-05,79.63,79.67,79.45,79.47,1683000,76.76
BSV,2010-04-01,79.86,79.86,79.77,79.79,434500,77.07
BSV,2010-03-31,80.00,80.06,79.93,80.00,440100,77.07
BSV,2010-03-30,79.98,79.99,79.87,79.96,402700,77.03
BSV,2010-03-29,79.99,79.99,79.87,79.92,453400,76.99
BSV,2010-03-26,79.91,79.97,79.85,79.97,714600,77.04
BSV,2010-03-25,79.93,79.93,79.81,79.91,518600,76.98
BSV,2010-03-24,80.05,80.06,79.89,79.93,870300,77.00
BSV,2010-03-23,80.19,80.20,80.11,80.17,464900,77.23
BSV,2010-03-22,80.13,80.14,80.08,80.14,445900,77.20
BSV,2010-03-19,80.12,80.15,80.05,80.08,516600,77.14
BSV,2010-03-18,80.24,80.24,80.13,80.18,386000,77.24
BSV,2010-03-17,80.24,80.24,80.17,80.24,344800,77.30
BSV,2010-03-16,80.18,80.22,80.07,80.21,514000,77.27
BSV,2010-03-15,80.11,80.12,80.04,80.11,416200,77.17
BSV,2010-03-12,80.06,80.11,80.01,80.11,567000,77.17
BSV,2010-03-11,80.11,80.14,80.03,80.11,417300,77.17
BSV,2010-03-10,80.20,80.20,80.11,80.17,672800,77.23
BSV,2010-03-09,80.20,80.24,80.15,80.20,429900,77.26
BSV,2010-03-08,80.14,80.24,80.12,80.22,721200,77.28
BSV,2010-03-05,80.20,80.20,80.11,80.19,554100,77.25
BSV,2010-03-04,80.27,80.28,80.20,80.27,586500,77.33
BSV,2010-03-03,80.31,80.32,80.22,80.27,470800,77.33
BSV,2010-03-02,80.26,80.35,80.23,80.35,612200,77.40
BSV,2010-03-01,80.30,80.33,80.21,80.29,401600,77.34
BSV,2010-02-26,80.36,80.44,80.30,80.40,441000,77.31
BSV,2010-02-25,80.35,80.40,80.31,80.36,481000,77.27
BSV,2010-02-24,80.26,80.29,80.20,80.28,462900,77.20
BSV,2010-02-23,80.16,80.24,80.09,80.24,363700,77.16
BSV,2010-02-22,80.05,80.12,80.05,80.11,452400,77.03
BSV,2010-02-19,80.07,80.07,79.96,80.06,517400,76.98
BSV,2010-02-18,80.24,80.24,80.05,80.12,830800,77.04
BSV,2010-02-17,80.22,80.26,80.15,80.16,469800,77.08
BSV,2010-02-16,80.20,80.26,80.15,80.25,430700,77.17
BSV,2010-02-12,80.20,80.30,80.14,80.23,457100,77.15
BSV,2010-02-11,80.12,80.14,80.06,80.12,637500,77.04
BSV,2010-02-10,80.22,80.24,80.09,80.12,352200,77.04
BSV,2010-02-09,80.32,80.32,80.16,80.21,471100,77.13
BSV,2010-02-08,80.33,80.33,80.15,80.27,694800,77.19
BSV,2010-02-05,80.26,80.39,80.21,80.35,842600,77.26
BSV,2010-02-04,80.13,80.24,80.10,80.22,393000,77.14
BSV,2010-02-03,80.15,80.15,80.01,80.05,1317300,76.97
BSV,2010-02-02,80.16,80.17,80.09,80.16,486400,77.08
BSV,2010-02-01,80.17,80.18,80.06,80.13,670500,77.05
BSV,2010-01-29,80.17,80.34,80.13,80.34,665900,77.10
BSV,2010-01-28,80.19,80.25,80.11,80.25,480500,77.01
BSV,2010-01-27,80.31,80.33,80.14,80.19,353900,76.95
BSV,2010-01-26,80.29,80.31,80.17,80.26,465900,77.02
BSV,2010-01-25,80.26,80.31,80.20,80.26,413900,77.02
BSV,2010-01-22,80.26,80.28,80.15,80.27,423800,77.03
BSV,2010-01-21,80.13,80.26,80.07,80.26,396400,77.02
BSV,2010-01-20,80.13,80.20,80.11,80.15,585900,76.91
BSV,2010-01-19,80.12,80.15,80.03,80.12,440400,76.89
BSV,2010-01-15,80.18,80.23,80.13,80.19,563300,76.95
BSV,2010-01-14,80.08,80.10,80.00,80.07,294600,76.84
BSV,2010-01-13,79.97,80.11,79.92,79.94,331700,76.71
BSV,2010-01-12,80.00,80.09,79.97,80.05,409300,76.82
BSV,2010-01-11,80.00,80.00,79.81,79.96,419100,76.73
BSV,2010-01-08,79.82,79.95,79.75,79.75,360100,76.53
BSV,2010-01-07,79.89,79.89,79.69,79.77,414500,76.55
BSV,2010-01-06,79.88,79.90,79.69,79.75,349600,76.53
BSV,2010-01-05,79.69,79.83,79.65,79.81,471500,76.59
BSV,2010-01-04,79.67,79.67,79.51,79.61,613000,76.40
BSV,2009-12-31,79.55,79.62,79.36,79.54,391500,76.33
BSV,2009-12-30,79.67,79.71,79.61,79.67,664000,76.45
BSV,2009-12-29,79.61,79.68,79.51,79.67,667500,76.45
BSV,2009-12-28,79.69,79.69,79.58,79.60,529900,76.39
BSV,2009-12-24,79.83,79.85,79.64,79.68,305600,76.46
BSV,2009-12-23,80.00,80.04,79.88,80.00,987000,76.77
BSV,2009-12-22,80.04,80.13,79.88,79.99,624400,76.76
BSV,2009-12-21,80.18,80.22,80.05,80.11,374500,76.88
BSV,2009-12-18,80.30,80.32,80.21,80.29,424900,77.05
BSV,2009-12-17,80.25,80.40,80.21,80.39,623500,77.14
BSV,2009-12-16,80.21,80.24,80.08,80.17,711200,76.93
BSV,2009-12-15,80.12,80.15,80.03,80.14,300000,76.90
BSV,2009-12-14,80.27,80.28,80.14,80.19,315800,76.95
BSV,2009-12-11,80.20,80.28,80.14,80.25,470100,77.01
BSV,2009-12-10,80.31,80.35,80.20,80.30,507000,77.06
BSV,2009-12-09,80.42,80.45,80.26,80.34,341400,77.10
BSV,2009-12-08,80.29,80.41,80.29,80.38,398700,77.13
BSV,2009-12-07,80.18,80.29,80.05,80.29,451000,77.05
BSV,2009-12-04,80.21,80.21,79.98,80.13,478300,76.90
BSV,2009-12-03,80.27,80.32,80.21,80.31,365400,77.07
BSV,2009-12-02,80.45,80.49,80.27,80.33,367800,77.09
BSV,2009-12-01,80.55,80.55,80.41,80.44,658300,77.19
BSV,2009-11-30,80.60,80.68,80.56,80.56,533800,77.15
BSV,2009-11-27,80.65,80.65,80.33,80.61,86300,77.20
BSV,2009-11-25,80.50,80.52,80.37,80.51,399000,77.11
BSV,2009-11-24,80.39,80.48,80.33,80.46,563900,77.06
BSV,2009-11-23,80.35,80.35,80.11,80.32,882900,76.92
BSV,2009-11-20,80.44,80.44,80.30,80.33,374700,76.93
BSV,2009-11-19,80.34,80.41,80.31,80.38,591800,76.98
BSV,2009-11-18,80.32,80.32,80.21,80.30,343200,76.91
BSV,2009-11-17,80.29,80.29,80.15,80.21,446800,76.82
BSV,2009-11-16,80.21,80.26,80.10,80.25,314800,76.86
BSV,2009-11-13,80.12,80.17,80.06,80.06,325700,76.68
BSV,2009-11-12,80.18,80.18,80.02,80.12,500900,76.73
BSV,2009-11-11,80.16,80.22,79.96,80.20,355400,76.81
BSV,2009-11-10,80.11,80.14,79.95,79.95,620700,76.57
BSV,2009-11-09,80.00,80.00,79.90,79.99,290200,76.61
BSV,2009-11-06,79.91,79.99,79.79,79.98,415400,76.60
BSV,2009-11-05,79.89,79.92,79.75,79.87,445900,76.49
BSV,2009-11-04,79.89,80.03,79.77,79.85,580100,76.47
BSV,2009-11-03,79.92,79.93,79.85,79.89,439600,76.51
BSV,2009-11-02,79.94,79.96,79.79,79.89,16700,76.51
BSV,2009-10-30,80.01,80.10,79.95,80.06,498000,76.52
BSV,2009-10-29,79.94,80.05,79.85,79.93,545500,76.39
BSV,2009-10-28,79.91,79.99,79.82,79.95,486700,76.41
BSV,2009-10-27,79.74,79.91,79.64,79.91,220900,76.37
BSV,2009-10-26,79.78,79.78,79.64,79.69,374300,76.16
BSV,2009-10-23,79.89,79.91,79.75,79.81,579600,76.28
BSV,2009-10-22,79.96,79.96,79.81,79.95,480300,76.41
BSV,2009-10-21,79.94,79.96,79.85,79.87,253300,76.33
BSV,2009-10-20,79.99,80.00,79.81,80.00,577300,76.46
BSV,2009-10-19,79.81,79.87,79.69,79.87,435200,76.33
BSV,2009-10-16,79.86,79.91,79.72,79.87,268400,76.33
BSV,2009-10-15,79.85,79.94,79.78,79.87,1443700,76.33
BSV,2009-10-14,79.82,79.96,79.81,79.89,433100,76.35
BSV,2009-10-13,80.03,80.03,79.85,79.92,324800,76.38
BSV,2009-10-12,79.96,80.09,79.83,79.95,225400,76.41
BSV,2009-10-09,79.96,79.99,79.82,79.90,211200,76.36
BSV,2009-10-08,80.07,80.14,79.88,79.95,243300,76.41
BSV,2009-10-07,80.07,80.13,79.93,80.08,245800,76.53
BSV,2009-10-06,80.04,80.05,79.86,79.90,285700,76.36
BSV,2009-10-05,80.19,80.32,80.02,80.18,418600,76.63
BSV,2009-10-02,80.26,80.29,79.93,80.15,351500,76.60
BSV,2009-10-01,80.10,80.10,79.92,79.98,309500,76.44
BSV,2009-09-30,79.98,80.14,79.77,80.05,389300,76.35
BSV,2009-09-29,79.98,80.02,79.88,80.00,390300,76.30
BSV,2009-09-28,80.00,80.08,79.81,79.96,312100,76.26
BSV,2009-09-25,80.07,80.07,79.84,79.97,328400,76.27
BSV,2009-09-24,80.04,80.11,79.83,80.02,455800,76.32
BSV,2009-09-23,79.67,79.95,79.67,79.92,350900,76.22
BSV,2009-09-22,79.72,79.86,79.70,79.74,439400,76.05
BSV,2009-09-21,79.87,79.89,79.71,79.84,404200,76.15
BSV,2009-09-18,79.87,79.94,79.75,79.86,357500,76.16
BSV,2009-09-17,79.85,79.86,79.68,79.84,379800,76.15
BSV,2009-09-16,79.84,79.84,79.62,79.68,417400,75.99
BSV,2009-09-15,79.88,79.99,79.62,79.67,540100,75.98
BSV,2009-09-14,79.93,79.93,79.76,79.86,442100,76.16
BSV,2009-09-11,80.06,80.07,79.81,79.85,419400,76.16
BSV,2009-09-10,79.92,80.02,79.70,79.95,683000,76.25
BSV,2009-09-09,79.68,79.86,79.61,79.75,740100,76.06
BSV,2009-09-08,79.89,79.89,79.55,79.55,457200,75.87
BSV,2009-09-04,79.87,79.93,79.85,79.87,312900,76.17
BSV,2009-09-03,79.82,79.94,79.77,79.90,262600,76.20
BSV,2009-09-02,79.96,80.00,79.76,79.93,368700,76.23
BSV,2009-09-01,79.81,79.94,79.66,79.73,424800,76.04
BSV,2009-08-31,79.86,79.88,79.76,79.85,333200,75.99
BSV,2009-08-28,79.65,79.79,79.61,79.76,350500,75.90
BSV,2009-08-27,79.68,79.74,79.59,79.65,317600,75.80
BSV,2009-08-26,79.71,79.76,79.54,79.65,379000,75.80
BSV,2009-08-25,79.39,79.81,79.39,79.69,483700,75.83
BSV,2009-08-24,79.51,79.67,79.40,79.65,343800,75.80
BSV,2009-08-21,79.65,79.65,79.36,79.47,336300,75.63
BSV,2009-08-20,79.59,79.68,79.53,79.68,413200,75.82
BSV,2009-08-19,79.65,79.73,79.41,79.46,410200,75.62
BSV,2009-08-18,79.65,79.65,79.54,79.62,262000,75.77
BSV,2009-08-17,79.61,79.74,79.54,79.56,221200,75.71
BSV,2009-08-14,79.54,79.63,79.37,79.52,217200,75.67
BSV,2009-08-13,79.36,79.55,79.25,79.47,391600,75.63
BSV,2009-08-12,79.25,79.34,79.00,79.15,306100,75.32
BSV,2009-08-11,79.25,79.27,79.02,79.07,241800,75.24
BSV,2009-08-10,79.12,79.21,78.90,79.21,262100,75.38
BSV,2009-08-07,78.97,79.09,78.83,78.92,340400,75.10
BSV,2009-08-06,79.20,79.48,79.04,79.10,274100,75.27
BSV,2009-08-05,79.11,79.34,79.00,79.16,484300,75.33
BSV,2009-08-04,79.29,79.29,78.95,79.15,349200,75.32
BSV,2009-08-03,79.35,79.36,78.96,79.17,197400,75.34
BSV,2009-07-31,79.49,79.62,79.30,79.57,231600,75.55
BSV,2009-07-30,79.30,79.48,79.14,79.48,315100,75.46
BSV,2009-07-29,79.34,79.42,79.15,79.15,287200,75.15
BSV,2009-07-28,79.35,79.39,79.15,79.29,271300,75.28
BSV,2009-07-27,79.12,79.34,79.12,79.24,293900,75.23
BSV,2009-07-24,79.28,79.39,79.16,79.24,275200,75.23
BSV,2009-07-23,79.55,79.61,79.30,79.41,240200,75.39
BSV,2009-07-22,79.66,79.66,79.45,79.50,248800,75.48
BSV,2009-07-21,79.36,79.62,79.27,79.55,220400,75.53
BSV,2009-07-20,79.25,79.44,79.11,79.41,192000,75.39
BSV,2009-07-17,79.06,79.27,79.06,79.26,261400,75.25
BSV,2009-07-16,79.22,79.24,79.06,79.20,333800,75.19
BSV,2009-07-15,79.26,79.27,79.10,79.11,212800,75.11
BSV,2009-07-14,79.29,79.29,79.12,79.26,310000,75.25
BSV,2009-07-13,79.52,79.56,79.31,79.46,213300,75.44
BSV,2009-07-10,79.46,79.64,79.28,79.50,255400,75.48
BSV,2009-07-09,79.32,79.42,79.11,79.40,216200,75.38
BSV,2009-07-08,79.18,79.29,79.07,79.16,173000,75.16
BSV,2009-07-07,79.23,79.32,79.14,79.18,212600,75.18
BSV,2009-07-06,79.21,79.21,79.05,79.13,163600,75.13
BSV,2009-07-02,79.11,79.25,78.97,79.19,238700,75.19
BSV,2009-07-01,78.82,79.01,78.70,78.88,595800,74.89
BSV,2009-06-30,79.04,79.19,78.88,79.07,263100,74.90
BSV,2009-06-29,79.17,79.22,78.94,78.94,349500,74.78
BSV,2009-06-26,79.05,79.14,78.90,78.93,191100,74.77
BSV,2009-06-25,78.97,79.11,78.67,79.07,272200,74.90
BSV,2009-06-24,78.87,79.02,78.75,78.92,171200,74.76
BSV,2009-06-23,78.81,79.03,78.77,78.84,372000,74.68
BSV,2009-06-22,78.71,78.94,78.69,78.90,317000,74.74
BSV,2009-06-19,78.69,78.79,78.41,78.74,274700,74.59
BSV,2009-06-18,78.69,78.80,78.50,78.69,223600,74.54
BSV,2009-06-17,78.88,78.90,78.69,78.78,253700,74.63
BSV,2009-06-16,78.74,78.81,78.61,78.65,473600,74.50
BSV,2009-06-15,78.75,78.76,78.53,78.72,169000,74.57
BSV,2009-06-12,78.25,78.68,78.25,78.66,154000,74.51
BSV,2009-06-11,78.32,78.53,78.16,78.29,287700,74.16
BSV,2009-06-10,78.26,78.43,78.26,78.36,182700,74.23
BSV,2009-06-09,78.23,78.53,78.12,78.46,221000,74.32
BSV,2009-06-08,78.32,78.45,78.11,78.17,156700,74.05
BSV,2009-06-05,78.53,78.61,78.25,78.40,288000,74.27
BSV,2009-06-04,79.10,79.10,78.92,78.92,175200,74.76
BSV,2009-06-03,79.07,79.20,78.86,79.10,268000,74.93
BSV,2009-06-02,78.94,79.01,78.70,78.88,178800,74.72
BSV,2009-06-01,79.05,79.05,78.77,79.00,188400,74.84
BSV,2009-05-29,79.19,79.29,79.00,79.27,228400,74.91
BSV,2009-05-28,78.98,79.10,78.91,79.03,134300,74.68
BSV,2009-05-27,79.00,79.12,78.85,78.97,185800,74.63
BSV,2009-05-26,79.11,79.16,78.95,79.06,162400,74.71
BSV,2009-05-22,79.15,79.20,79.03,79.16,171000,74.81
BSV,2009-05-21,79.25,79.33,78.90,79.20,256000,74.84
BSV,2009-05-20,79.16,79.40,79.03,79.31,280100,74.95
BSV,2009-05-19,79.13,79.20,78.95,79.11,336600,74.76
BSV,2009-05-18,79.25,79.25,79.00,79.15,174100,74.80
BSV,2009-05-15,79.02,79.24,79.01,79.10,286900,74.75
BSV,2009-05-14,79.21,79.40,79.14,79.25,259900,74.89
BSV,2009-05-13,79.10,79.60,79.09,79.38,224000,75.01
BSV,2009-05-12,79.04,79.26,78.96,79.11,185200,74.76
BSV,2009-05-11,79.05,79.11,78.89,78.96,123600,74.62
BSV,2009-05-08,79.00,81.59,78.80,78.85,269700,74.51
BSV,2009-05-07,78.96,78.99,78.80,78.80,147300,74.47
BSV,2009-05-06,78.86,79.02,78.80,78.95,189800,74.61
BSV,2009-05-05,78.88,78.95,78.80,78.94,175700,74.60
BSV,2009-05-04,78.71,78.90,78.67,78.90,156100,74.56
BSV,2009-05-01,78.76,78.82,78.50,78.82,186300,74.48
BSV,2009-04-30,78.93,79.05,78.81,78.94,144000,74.42
BSV,2009-04-29,79.00,79.46,78.80,78.92,168100,74.40
BSV,2009-04-28,79.10,79.10,78.82,78.98,215100,74.45
BSV,2009-04-27,78.73,79.05,78.65,78.98,212900,74.45
BSV,2009-04-24,78.84,79.10,78.65,78.81,171100,74.29
BSV,2009-04-23,78.58,78.93,78.58,78.93,178600,74.41
BSV,2009-04-22,78.80,78.82,78.56,78.58,222900,74.08
BSV,2009-04-21,78.86,78.88,78.60,78.72,178100,74.21
BSV,2009-04-20,78.54,78.86,78.54,78.86,139600,74.34
BSV,2009-04-17,78.60,78.80,78.40,78.49,173400,73.99
BSV,2009-04-16,78.75,78.85,78.63,78.75,141400,74.24
BSV,2009-04-15,78.84,78.87,78.67,78.83,155400,74.31
BSV,2009-04-14,78.73,78.82,78.48,78.80,166100,74.28
BSV,2009-04-13,78.61,78.75,78.45,78.67,260300,74.16
BSV,2009-04-09,78.54,78.62,78.41,78.50,198700,74.00
BSV,2009-04-08,78.48,78.54,78.27,78.48,276700,73.98
BSV,2009-04-07,78.35,78.36,78.26,78.28,153800,73.79
BSV,2009-04-06,78.34,78.40,78.10,78.15,130200,73.67
BSV,2009-04-03,78.48,78.52,78.15,78.32,177600,73.83
BSV,2009-04-02,78.61,78.61,78.40,78.45,237100,73.95
BSV,2009-04-01,78.63,78.67,78.50,78.55,250700,74.05
BSV,2009-03-31,78.70,78.82,78.62,78.80,228300,74.10
BSV,2009-03-30,78.53,79.66,78.46,78.61,251800,73.92
BSV,2009-03-27,78.43,78.51,78.30,78.30,212600,73.63
BSV,2009-03-26,78.32,78.44,78.15,78.27,430200,73.60
BSV,2009-03-25,78.52,78.52,78.25,78.30,185900,73.63
BSV,2009-03-24,78.55,78.55,78.21,78.37,167200,73.69
BSV,2009-03-23,78.50,78.70,78.45,78.60,140200,73.91
BSV,2009-03-20,78.67,78.77,78.36,78.63,186900,73.94
BSV,2009-03-19,79.22,79.22,78.45,78.86,138900,74.15
BSV,2009-03-18,78.02,79.66,77.83,78.92,166500,74.21
BSV,2009-03-17,78.09,78.20,77.80,77.96,165400,73.31
BSV,2009-03-16,78.09,78.15,77.87,78.06,160000,73.40
BSV,2009-03-13,78.30,78.30,77.80,78.18,178200,73.51
BSV,2009-03-12,78.05,78.05,77.81,77.94,181900,73.29
BSV,2009-03-11,78.19,78.19,77.91,78.02,257700,73.36
BSV,2009-03-10,77.95,78.32,77.93,77.94,267400,73.29
BSV,2009-03-09,78.16,78.20,77.85,78.07,238400,73.41
BSV,2009-03-06,78.86,78.86,78.20,78.21,250800,73.54
BSV,2009-03-05,78.28,78.40,78.06,78.30,346200,73.63
BSV,2009-03-04,78.37,78.37,77.85,78.33,295700,73.65
BSV,2009-03-03,78.65,78.65,78.26,78.50,247200,73.81
BSV,2009-03-02,78.56,78.84,78.42,78.54,226600,73.85
BSV,2009-02-27,78.70,78.85,78.42,78.67,184600,73.79
BSV,2009-02-26,78.63,78.63,78.30,78.47,179600,73.60
BSV,2009-02-25,78.57,78.96,78.19,78.56,330100,73.69
BSV,2009-02-24,78.65,79.20,78.51,78.72,193800,73.84
BSV,2009-02-23,79.10,79.18,78.71,78.71,208100,73.83
BSV,2009-02-20,78.62,79.15,78.62,79.15,267500,74.24
BSV,2009-02-19,78.92,79.04,78.39,78.90,203200,74.01
BSV,2009-02-18,78.96,79.34,78.84,78.84,190400,73.95
BSV,2009-02-17,79.23,79.43,78.80,79.23,226800,74.32
BSV,2009-02-13,79.62,79.62,78.40,79.26,220600,74.35
BSV,2009-02-12,79.58,79.58,79.06,79.34,192300,74.42
BSV,2009-02-11,79.08,79.57,78.80,79.55,173400,74.62
BSV,2009-02-10,79.05,79.39,78.70,78.77,301200,73.89
BSV,2009-02-09,79.00,79.48,79.00,79.40,149500,74.48
BSV,2009-02-06,79.45,79.49,79.01,79.42,250800,74.50
BSV,2009-02-05,79.20,79.36,78.60,79.01,316200,74.11
BSV,2009-02-04,79.45,79.46,79.00,79.23,236600,74.32
BSV,2009-02-03,79.49,79.49,79.12,79.28,167000,74.36
BSV,2009-02-02,79.54,79.54,79.00,79.19,138500,74.28
BSV,2009-01-30,79.74,79.80,79.49,79.67,172600,74.52
BSV,2009-01-29,79.90,79.91,79.52,79.68,107800,74.53
BSV,2009-01-28,80.14,80.14,79.47,79.74,140100,74.59
BSV,2009-01-27,78.92,79.94,78.65,79.87,162700,74.71
BSV,2009-01-26,79.66,79.69,78.50,78.66,238800,73.58
BSV,2009-01-23,79.70,79.70,79.03,79.20,165700,74.08
BSV,2009-01-22,79.57,79.73,78.80,79.56,152000,74.42
BSV,2009-01-21,80.27,80.27,78.81,79.03,227000,73.92
BSV,2009-01-20,80.27,80.33,79.60,79.61,151800,74.47
BSV,2009-01-16,80.43,80.49,80.02,80.34,125800,75.15
BSV,2009-01-15,80.61,80.64,80.26,80.56,137800,75.36
BSV,2009-01-14,80.20,80.56,79.55,80.56,158200,75.36
BSV,2009-01-13,80.21,80.21,79.57,79.98,98500,74.81
BSV,2009-01-12,79.70,79.97,79.30,79.94,127300,74.78
BSV,2009-01-09,79.69,79.75,79.14,79.31,123200,74.19
BSV,2009-01-08,80.22,80.22,79.21,79.28,118800,74.16
BSV,2009-01-07,80.08,80.44,79.25,79.30,153400,74.18
BSV,2009-01-06,79.80,80.30,79.50,80.28,143900,75.09
BSV,2009-01-05,79.94,79.97,79.08,79.20,150300,74.08
BSV,2009-01-02,80.24,80.26,79.25,79.25,82200,74.13
BSV,2008-12-31,80.22,80.96,79.20,80.55,167700,75.35
BSV,2008-12-30,79.43,80.27,79.10,80.23,189700,75.05
BSV,2008-12-29,79.45,80.37,79.40,80.22,145100,75.04
BSV,2008-12-26,79.20,80.09,79.20,80.07,118700,74.90
BSV,2008-12-24,79.24,80.23,79.01,80.01,199600,74.84
BSV,2008-12-23,79.48,80.00,78.90,79.99,131800,74.61
BSV,2008-12-22,79.44,79.90,78.53,79.90,220900,74.53
BSV,2008-12-19,79.46,79.91,78.59,79.87,120700,74.50
BSV,2008-12-18,79.47,79.64,79.22,79.59,114700,74.24
BSV,2008-12-17,79.35,79.40,78.92,79.23,113400,73.91
BSV,2008-12-16,78.80,79.30,78.22,79.02,128100,73.71
BSV,2008-12-15,78.74,78.85,78.45,78.54,81200,73.26
BSV,2008-12-12,78.70,78.98,78.11,78.85,103800,73.55
BSV,2008-12-11,78.84,79.06,78.01,78.12,132200,72.87
BSV,2008-12-10,78.42,78.89,78.07,78.88,156400,73.58
BSV,2008-12-09,78.61,78.98,77.96,78.11,141700,72.86
BSV,2008-12-08,78.41,78.68,77.78,78.63,157600,73.35
BSV,2008-12-05,78.63,78.82,78.33,78.54,102800,73.26
BSV,2008-12-04,78.73,78.85,78.21,78.81,140300,73.51
BSV,2008-12-03,78.58,78.81,78.14,78.81,123500,73.51
BSV,2008-12-02,78.55,78.67,78.20,78.62,109300,73.34
BSV,2008-12-01,78.45,78.66,78.11,78.40,109000,73.13
BSV,2008-11-28,78.29,78.35,78.01,78.35,29000,72.87
BSV,2008-11-26,78.50,78.53,78.00,78.46,101600,72.97
BSV,2008-11-25,77.94,78.34,77.50,78.33,109200,72.85
BSV,2008-11-24,77.98,78.04,77.50,77.80,154700,72.36
BSV,2008-11-21,78.00,78.19,77.10,77.89,249900,72.44
BSV,2008-11-20,77.59,78.24,77.06,78.24,190000,72.77
BSV,2008-11-19,77.00,77.40,76.90,77.30,68000,71.90
BSV,2008-11-18,77.10,77.23,76.82,77.00,55500,71.62
BSV,2008-11-17,76.76,77.26,76.54,76.70,62900,71.34
BSV,2008-11-14,77.45,77.45,76.75,77.34,63800,71.93
BSV,2008-11-13,77.46,77.74,77.02,77.69,101500,72.26
BSV,2008-11-12,77.00,77.48,76.22,77.32,104700,71.91
BSV,2008-11-11,76.98,76.98,76.30,76.91,78400,71.53
BSV,2008-11-10,75.93,76.74,75.90,76.32,106700,70.98
BSV,2008-11-07,75.94,76.50,75.78,76.50,115300,71.15
BSV,2008-11-06,76.00,76.39,75.54,75.96,86200,70.65
BSV,2008-11-05,75.48,76.00,75.21,76.00,128400,70.69
BSV,2008-11-04,75.70,75.89,74.72,74.72,310900,69.50
BSV,2008-11-03,75.84,75.85,74.93,75.00,190400,69.76
BSV,2008-10-31,75.43,75.99,75.12,75.38,85900,69.88
BSV,2008-10-30,76.00,76.00,75.42,75.74,64000,70.22
BSV,2008-10-29,75.58,75.88,75.34,75.60,82400,70.09
BSV,2008-10-28,75.08,76.06,75.08,75.25,95700,69.76
BSV,2008-10-27,75.01,75.88,74.97,75.33,83400,69.84
BSV,2008-10-24,76.20,76.35,74.73,74.75,130800,69.30
BSV,2008-10-23,76.29,76.29,75.59,75.94,128300,70.40
BSV,2008-10-22,75.98,76.00,75.23,75.97,97200,70.43
BSV,2008-10-21,75.39,76.07,75.38,75.45,79500,69.95
BSV,2008-10-20,74.02,74.60,73.87,74.60,105700,69.16
BSV,2008-10-17,75.49,75.49,73.51,74.22,99800,68.81
BSV,2008-10-16,75.50,75.50,74.26,74.93,70800,69.47
BSV,2008-10-15,73.48,75.71,71.70,74.43,161300,69.00
BSV,2008-10-14,71.52,75.00,71.28,74.45,362100,69.02
BSV,2008-10-13,74.00,76.43,68.29,72.55,544300,67.26
BSV,2008-10-10,76.50,76.96,74.75,75.04,243000,69.57
BSV,2008-10-09,76.00,77.50,75.50,76.71,133200,71.12
BSV,2008-10-08,77.77,77.97,75.22,76.20,156600,70.65
BSV,2008-10-07,77.33,78.04,77.25,77.52,183800,71.87
BSV,2008-10-06,77.52,77.87,76.42,76.95,149000,71.34
BSV,2008-10-03,76.95,77.41,76.18,76.44,86000,70.87
BSV,2008-10-02,76.34,76.55,75.73,76.38,115300,70.81
BSV,2008-10-01,78.10,78.11,73.90,74.90,216200,69.44
BSV,2008-09-30,78.35,78.35,76.76,77.15,204200,71.32
BSV,2008-09-29,78.17,79.40,76.85,77.63,243200,71.77
BSV,2008-09-26,78.68,78.68,77.19,77.52,178000,71.66
BSV,2008-09-25,78.63,78.63,77.20,77.84,104000,71.96
BSV,2008-09-24,77.49,77.97,77.08,77.89,121100,72.01
BSV,2008-09-23,76.91,78.16,76.91,77.29,183900,71.45
BSV,2008-09-22,76.71,77.67,76.55,77.38,180200,71.53
BSV,2008-09-19,77.50,78.78,76.70,77.39,215400,71.54
BSV,2008-09-18,77.44,77.97,77.02,77.73,200300,71.86
BSV,2008-09-17,77.56,79.39,77.32,77.86,223500,71.98
BSV,2008-09-16,78.39,78.83,77.50,77.73,234400,71.86
BSV,2008-09-15,78.06,78.35,77.79,78.25,161800,72.34
BSV,2008-09-12,77.87,77.87,77.57,77.71,93200,71.84
BSV,2008-09-11,77.95,77.96,77.72,77.78,109700,71.90
BSV,2008-09-10,77.73,77.89,77.62,77.88,93100,72.00
BSV,2008-09-09,77.61,77.82,77.50,77.74,89900,71.87
BSV,2008-09-08,77.62,77.77,77.46,77.74,66700,71.87
BSV,2008-09-05,77.88,77.88,77.64,77.65,79200,71.78
BSV,2008-09-04,77.73,77.80,77.63,77.77,106200,71.90
BSV,2008-09-03,77.57,77.63,77.44,77.59,60400,71.73
BSV,2008-09-02,77.26,77.57,77.25,77.55,73000,71.69
BSV,2008-08-29,77.84,77.85,77.44,77.56,92500,71.48
BSV,2008-08-28,77.55,77.64,77.51,77.61,74600,71.53
BSV,2008-08-27,77.51,77.73,77.41,77.73,62400,71.64
BSV,2008-08-26,77.50,77.62,77.45,77.62,129900,71.54
BSV,2008-08-25,77.59,77.60,77.47,77.60,93700,71.52
BSV,2008-08-22,77.48,77.52,77.37,77.48,114300,71.41
BSV,2008-08-21,77.63,77.63,77.49,77.55,45800,71.47
BSV,2008-08-20,77.55,77.69,77.40,77.67,83900,71.59
BSV,2008-08-19,77.58,77.59,77.46,77.54,75000,71.47
BSV,2008-08-18,77.46,77.56,77.46,77.54,81000,71.47
BSV,2008-08-15,77.56,77.61,77.37,77.51,128900,71.44
BSV,2008-08-14,77.40,77.47,76.95,77.43,204400,71.36
BSV,2008-08-13,77.48,77.48,77.20,77.36,132900,71.30
BSV,2008-08-12,77.36,77.46,77.30,77.45,82700,71.38
BSV,2008-08-11,77.22,77.32,76.95,77.32,303300,71.26
BSV,2008-08-08,77.35,77.37,77.15,77.27,127500,71.22
BSV,2008-08-07,77.25,77.41,77.16,77.41,58300,71.35
BSV,2008-08-06,77.13,77.13,76.96,77.10,82000,71.06
BSV,2008-08-05,77.17,77.21,77.04,77.13,60200,71.09
BSV,2008-08-04,77.15,77.29,77.06,77.16,51400,71.11
BSV,2008-08-01,78.90,78.90,77.14,77.21,102900,71.16
BSV,2008-07-31,77.32,77.52,77.31,77.46,66600,71.17
BSV,2008-07-30,77.14,77.28,77.04,77.24,89100,70.97
BSV,2008-07-29,77.25,77.29,77.08,77.13,73900,70.87
BSV,2008-07-28,77.20,77.32,77.18,77.29,71800,71.01
BSV,2008-07-25,77.17,77.21,77.00,77.17,59700,70.90
BSV,2008-07-24,77.03,77.30,77.02,77.30,109600,71.02
BSV,2008-07-23,76.88,76.96,76.61,76.95,94100,70.70
BSV,2008-07-22,76.90,76.99,76.82,76.85,88400,70.61
BSV,2008-07-21,76.91,77.05,76.81,77.04,78100,70.78
BSV,2008-07-18,77.14,77.22,76.85,76.99,99100,70.74
BSV,2008-07-17,77.18,77.29,76.98,77.05,119000,70.79
BSV,2008-07-16,77.39,77.46,77.22,77.28,121000,71.00
BSV,2008-07-15,77.44,77.57,77.36,77.47,69700,71.18
BSV,2008-07-14,77.41,77.52,77.18,77.45,53200,71.16
BSV,2008-07-11,77.49,77.60,77.16,77.24,66700,70.97
BSV,2008-07-10,77.51,77.55,77.39,77.50,83900,71.21
BSV,2008-07-09,77.33,77.52,77.06,77.48,125600,71.19
BSV,2008-07-08,77.20,77.50,77.20,77.40,84400,71.11
BSV,2008-07-07,77.28,77.47,77.11,77.36,77000,71.08
BSV,2008-07-03,77.21,77.32,77.01,77.28,53700,71.00
BSV,2008-07-02,77.18,77.26,77.03,77.20,71500,70.93
BSV,2008-07-01,76.99,77.45,76.99,77.13,91700,70.87
BSV,2008-06-30,77.08,77.39,77.08,77.37,93100,70.87
BSV,2008-06-27,77.36,79.25,76.80,77.20,247500,70.72
BSV,2008-06-26,76.77,77.34,76.77,77.17,100900,70.69
BSV,2008-06-25,77.03,77.13,76.78,77.12,99600,70.64
BSV,2008-06-24,76.92,76.98,76.77,76.94,134100,70.48
BSV,2008-06-23,76.97,77.00,76.75,76.82,51600,70.37
BSV,2008-06-20,77.00,77.03,76.83,76.93,73300,70.47
BSV,2008-06-19,76.88,76.98,76.73,76.81,80000,70.36
BSV,2008-06-18,76.90,77.02,76.79,76.98,98100,70.51
BSV,2008-06-17,76.82,76.93,76.71,76.90,89000,70.44
BSV,2008-06-16,76.76,76.79,76.64,76.69,37300,70.25
BSV,2008-06-13,76.51,76.88,76.51,76.64,80600,70.20
BSV,2008-06-12,76.89,76.97,76.67,76.71,92800,70.27
BSV,2008-06-11,76.89,77.19,76.89,77.08,78300,70.61
BSV,2008-06-10,77.04,77.11,76.83,76.88,113100,70.42
BSV,2008-06-09,77.35,77.44,77.14,77.17,65600,70.69
BSV,2008-06-06,77.37,77.90,77.37,77.62,90000,71.10
BSV,2008-06-05,77.44,77.51,77.33,77.40,119600,70.90
BSV,2008-06-04,77.53,77.72,77.50,77.52,75800,71.01
BSV,2008-06-03,77.31,77.69,77.25,77.63,81200,71.11
BSV,2008-06-02,77.37,77.50,77.31,77.44,48500,70.94
BSV,2008-05-30,77.53,77.56,77.40,77.49,67300,70.76
BSV,2008-05-29,77.38,77.45,77.25,77.42,95400,70.69
BSV,2008-05-28,77.60,77.66,77.43,77.51,83900,70.77
BSV,2008-05-27,77.80,77.86,77.63,77.68,98600,70.93
BSV,2008-05-23,77.77,77.89,77.75,77.87,54700,71.10
BSV,2008-05-22,77.83,77.83,77.54,77.68,92700,70.93
BSV,2008-05-21,78.02,78.09,77.89,78.00,105900,71.22
BSV,2008-05-20,78.10,78.15,78.01,78.04,142400,71.26
BSV,2008-05-19,77.84,78.05,77.84,78.03,66600,71.25
BSV,2008-05-16,77.95,78.09,77.84,77.95,120000,71.18
BSV,2008-05-15,77.81,77.99,77.80,77.98,66800,71.20
BSV,2008-05-14,77.89,77.89,77.58,77.73,103600,70.98
BSV,2008-05-13,77.95,77.96,77.74,77.78,89400,71.02
BSV,2008-05-12,78.14,78.14,77.75,77.97,57200,71.19
BSV,2008-05-09,78.20,78.26,78.12,78.18,62800,71.39
BSV,2008-05-08,77.96,78.12,77.87,78.10,51800,71.31
BSV,2008-05-07,77.60,77.94,77.60,77.87,53600,71.10
BSV,2008-05-06,77.94,77.97,77.71,77.77,67800,71.01
BSV,2008-05-05,77.61,77.82,77.61,77.81,44400,71.05
BSV,2008-05-02,77.61,77.80,77.51,77.70,108800,70.95
BSV,2008-05-01,78.20,78.20,77.75,77.81,321900,71.05
BSV,2008-04-30,78.10,78.32,77.97,78.32,73100,71.30
BSV,2008-04-29,78.09,78.16,78.00,78.03,59000,71.03
BSV,2008-04-28,77.78,78.04,77.78,77.98,45200,70.99
BSV,2008-04-25,77.71,78.00,77.71,77.92,142000,70.93
BSV,2008-04-24,77.92,78.15,77.79,77.92,75400,70.93
BSV,2008-04-23,78.12,78.22,78.10,78.19,153600,71.18
BSV,2008-04-22,77.93,78.18,77.93,78.18,186600,71.17
BSV,2008-04-21,78.19,78.23,78.02,78.06,69900,71.06
BSV,2008-04-18,78.11,78.17,77.83,78.16,58900,71.15
BSV,2008-04-17,78.32,78.33,77.98,78.16,70300,71.15
BSV,2008-04-16,78.53,78.56,78.23,78.30,85700,71.28
BSV,2008-04-15,78.60,78.68,78.45,78.50,74200,71.46
BSV,2008-04-14,78.73,78.80,78.56,78.62,48900,71.57
BSV,2008-04-11,78.36,78.75,78.36,78.70,55600,71.64
BSV,2008-04-10,78.44,78.73,78.44,78.49,42400,71.45
BSV,2008-04-09,78.30,78.76,78.30,78.73,50100,71.67
BSV,2008-04-08,78.25,78.56,78.25,78.48,90100,71.44
BSV,2008-04-07,78.44,78.47,78.20,78.39,96900,71.36
BSV,2008-04-04,78.33,78.67,78.33,78.55,43800,71.51
BSV,2008-04-03,78.67,78.67,78.21,78.21,49800,71.20
BSV,2008-04-02,78.71,78.71,77.92,78.36,80700,71.33
BSV,2008-04-01,78.60,80.00,78.37,78.48,231600,71.44
BSV,2008-03-31,79.02,79.12,78.93,79.03,55400,71.71
BSV,2008-03-28,78.75,78.87,78.69,78.87,58300,71.56
BSV,2008-03-27,78.77,78.82,78.68,78.74,48100,71.44
BSV,2008-03-26,78.91,78.91,78.59,78.80,75700,71.50
BSV,2008-03-25,78.83,78.83,78.50,78.58,58500,71.30
BSV,2008-03-24,78.67,78.71,78.52,78.67,167200,71.38
BSV,2008-03-20,79.27,79.27,78.88,79.03,82400,71.71
BSV,2008-03-19,79.19,79.19,78.85,79.17,67000,71.83
BSV,2008-03-18,79.04,79.20,78.74,78.74,84400,71.44
BSV,2008-03-17,78.89,79.20,78.89,79.09,59100,71.76
BSV,2008-03-14,78.78,79.10,78.71,79.00,48700,71.68
BSV,2008-03-13,78.94,78.98,78.59,78.75,37500,71.45
BSV,2008-03-12,78.64,78.87,78.44,78.87,77100,71.56
BSV,2008-03-11,78.65,78.68,78.42,78.56,32300,71.28
BSV,2008-03-10,78.89,79.06,78.72,78.89,65000,71.58
BSV,2008-03-07,79.03,79.03,78.59,78.60,69400,71.32
BSV,2008-03-06,78.85,78.92,78.70,78.76,109200,71.46
BSV,2008-03-05,78.87,78.87,78.62,78.69,67200,71.40
BSV,2008-03-04,78.96,79.08,78.78,78.80,53600,71.50
BSV,2008-03-03,78.98,78.98,78.75,78.86,133600,71.55
BSV,2008-02-29,79.08,79.18,78.93,79.14,110200,71.58
BSV,2008-02-28,78.74,78.86,78.70,78.85,136400,71.32
BSV,2008-02-27,78.63,78.70,78.43,78.54,65500,71.04
BSV,2008-02-26,78.43,78.47,78.34,78.46,73400,70.97
BSV,2008-02-25,78.46,78.49,78.22,78.30,62600,70.82
BSV,2008-02-22,78.51,78.63,78.42,78.42,61100,70.93
BSV,2008-02-21,78.24,78.58,78.23,78.57,60400,71.07
BSV,2008-02-20,78.35,78.39,78.12,78.21,129400,70.74
BSV,2008-02-19,78.49,78.59,78.22,78.23,72600,70.76
BSV,2008-02-15,78.68,78.70,78.57,78.62,51400,71.11
BSV,2008-02-14,78.67,78.70,78.54,78.59,76700,71.08
BSV,2008-02-13,78.59,78.80,78.59,78.67,42400,71.16
BSV,2008-02-12,79.39,79.39,78.46,78.68,99000,71.17
BSV,2008-02-11,78.75,78.83,78.62,78.72,94000,71.20
BSV,2008-02-08,78.61,78.71,78.54,78.66,87600,71.15
BSV,2008-02-07,78.77,78.82,78.43,78.46,179700,70.97
BSV,2008-02-06,78.86,78.86,78.59,78.69,108600,71.17
BSV,2008-02-05,78.78,78.81,78.66,78.78,206000,71.26
BSV,2008-02-04,78.58,78.59,78.39,78.54,185600,71.04
BSV,2008-02-01,79.43,79.43,78.53,78.63,113500,71.12
BSV,2008-01-31,78.86,78.87,78.61,78.80,46600,71.03
BSV,2008-01-30,78.63,78.66,78.31,78.64,133400,70.88
BSV,2008-01-29,78.53,78.57,78.37,78.56,118400,70.81
BSV,2008-01-28,78.16,78.59,78.16,78.53,94400,70.79
BSV,2008-01-25,78.40,78.68,78.01,78.68,103600,70.92
BSV,2008-01-24,78.59,78.76,78.20,78.46,332600,70.72
BSV,2008-01-23,79.14,79.14,78.65,78.77,188800,71.00
BSV,2008-01-22,78.78,78.78,78.43,78.72,105200,70.96
BSV,2008-01-18,78.27,78.35,78.08,78.35,46000,70.62
BSV,2008-01-17,78.04,78.29,78.03,78.22,87200,70.51
BSV,2008-01-16,78.12,78.12,77.96,78.06,56600,70.36
BSV,2008-01-15,78.18,78.18,77.90,78.07,31000,70.37
BSV,2008-01-14,77.92,77.96,77.85,77.93,31100,70.24
BSV,2008-01-11,77.92,77.92,77.72,77.89,20700,70.21
BSV,2008-01-10,77.64,77.75,77.53,77.63,25700,69.97
BSV,2008-01-09,77.41,77.78,77.41,77.61,57600,69.96
BSV,2008-01-08,77.54,77.68,77.45,77.68,68600,70.02
BSV,2008-01-07,77.75,77.75,77.44,77.62,37600,69.96
BSV,2008-01-04,77.79,77.79,77.47,77.57,47800,69.92
BSV,2008-01-03,77.97,77.97,77.33,77.49,39300,69.85
BSV,2008-01-02,77.15,77.40,77.12,77.39,24200,69.76
BSV,2007-12-31,76.89,77.09,76.88,77.05,12600,69.45
BSV,2007-12-28,76.86,76.99,76.75,76.83,42800,69.25
BSV,2007-12-27,76.72,76.74,76.54,76.67,28200,69.11
BSV,2007-12-26,76.41,76.69,76.41,76.53,23600,68.98
BSV,2007-12-24,76.50,76.75,76.50,76.65,26300,69.09
BSV,2007-12-21,77.16,77.17,76.90,76.96,96200,69.12
BSV,2007-12-20,77.25,77.37,77.16,77.25,74600,69.38
BSV,2007-12-19,77.19,77.26,76.97,77.13,39400,69.27
BSV,2007-12-18,76.92,77.10,76.92,77.08,61300,69.23
BSV,2007-12-17,76.78,76.98,76.78,76.98,90900,69.14
BSV,2007-12-14,76.97,76.98,76.70,76.84,61600,69.01
BSV,2007-12-13,77.09,77.09,76.87,77.00,72000,69.16
BSV,2007-12-12,77.01,77.09,76.82,77.06,102900,69.21
BSV,2007-12-11,76.87,77.75,76.87,77.36,94200,69.48
BSV,2007-12-10,76.98,77.04,76.87,76.96,109100,69.12
BSV,2007-12-07,77.03,77.10,76.89,76.95,61900,69.11
BSV,2007-12-06,77.42,77.42,77.14,77.16,24800,69.30
BSV,2007-12-05,77.23,77.43,77.19,77.40,48100,69.52
BSV,2007-12-04,77.52,77.53,77.31,77.36,53300,69.48
BSV,2007-12-03,77.40,77.40,77.25,77.39,24100,69.51
BSV,2007-11-30,77.23,77.42,77.20,77.40,43000,69.27
BSV,2007-11-29,77.41,77.44,77.21,77.21,38900,69.10
BSV,2007-11-28,77.34,77.34,77.06,77.17,87000,69.07
BSV,2007-11-27,77.75,77.75,77.21,77.39,92300,69.26
BSV,2007-11-26,77.75,77.75,76.89,77.60,81300,69.45
BSV,2007-11-23,77.34,77.34,77.27,77.33,19300,69.21
BSV,2007-11-21,77.14,78.32,77.14,77.40,61400,69.27
BSV,2007-11-20,77.10,77.16,76.97,76.97,31600,68.89
BSV,2007-11-19,76.90,77.19,76.86,77.18,44700,69.08
BSV,2007-11-16,76.89,76.91,76.79,76.86,46400,68.79
BSV,2007-11-15,76.74,76.87,76.71,76.79,31000,68.73
BSV,2007-11-14,76.43,76.57,76.43,76.53,24500,68.50
BSV,2007-11-13,76.71,76.71,76.50,76.50,42600,68.47
BSV,2007-11-12,76.69,76.80,76.69,76.70,22000,68.65
BSV,2007-11-09,76.79,76.79,76.60,76.71,38500,68.66
BSV,2007-11-08,76.58,76.74,76.50,76.60,30900,68.56
BSV,2007-11-07,76.35,76.56,76.35,76.54,54200,68.50
BSV,2007-11-06,76.27,76.43,76.25,76.33,39800,68.32
BSV,2007-11-05,76.49,76.49,76.35,76.37,26200,68.35
BSV,2007-11-02,76.18,76.49,76.11,76.39,64600,68.37
BSV,2007-11-01,76.06,76.24,76.06,76.22,34200,68.22
BSV,2007-10-31,76.36,76.44,76.23,76.26,31900,68.00
BSV,2007-10-30,76.41,76.44,76.37,76.41,59200,68.14
BSV,2007-10-29,76.39,76.43,76.35,76.38,37300,68.11
BSV,2007-10-26,76.36,76.50,76.33,76.44,24700,68.17
BSV,2007-10-25,76.53,76.57,76.46,76.46,35900,68.18
BSV,2007-10-24,76.48,76.65,76.43,76.54,61200,68.25
BSV,2007-10-23,76.29,76.38,76.22,76.30,60500,68.04
BSV,2007-10-22,76.42,76.42,76.28,76.30,23800,68.04
BSV,2007-10-19,76.27,76.41,76.23,76.37,26900,68.10
BSV,2007-10-18,76.19,76.21,76.11,76.16,58500,67.92
BSV,2007-10-17,75.81,76.11,75.81,76.09,61900,67.85
BSV,2007-10-16,75.65,75.85,75.65,75.84,30700,67.63
BSV,2007-10-15,75.61,75.75,75.54,75.68,50500,67.49
BSV,2007-10-12,75.68,75.75,75.64,75.69,26000,67.50
BSV,2007-10-11,75.54,75.77,75.54,75.76,58100,67.56
BSV,2007-10-10,75.62,75.79,75.61,75.79,28000,67.59
BSV,2007-10-09,75.80,75.85,75.70,75.72,74200,67.52
BSV,2007-10-08,75.62,75.90,75.62,75.84,21700,67.63
BSV,2007-10-05,75.76,75.79,75.70,75.78,55500,67.58
BSV,2007-10-04,75.89,75.94,75.87,75.91,20300,67.69
BSV,2007-10-03,75.91,75.94,75.85,75.90,18700,67.68
BSV,2007-10-02,75.79,75.96,75.79,75.89,17400,67.67
BSV,2007-10-01,76.03,76.03,75.76,75.84,76800,67.63
BSV,2007-09-28,76.20,76.25,76.10,76.13,164300,67.66
BSV,2007-09-27,76.03,76.17,76.03,76.12,75900,67.65
BSV,2007-09-26,75.96,76.09,75.90,76.05,55600,67.59
BSV,2007-09-25,76.12,76.16,75.96,75.96,93200,67.51
BSV,2007-09-24,75.91,75.98,75.88,75.97,14100,67.52
BSV,2007-09-21,75.83,75.97,75.78,75.96,33500,67.51
BSV,2007-09-20,75.95,75.97,75.80,75.85,31700,67.41
BSV,2007-09-19,76.01,76.02,75.92,76.01,41400,67.55
BSV,2007-09-18,75.80,75.99,75.69,75.99,63000,67.53
BSV,2007-09-17,75.82,75.82,75.75,75.79,13700,67.36
BSV,2007-09-14,75.96,75.97,75.78,75.89,27200,67.44
BSV,2007-09-13,75.90,75.92,75.79,75.82,17300,67.38
BSV,2007-09-12,76.02,76.02,75.93,75.97,52200,67.52
BSV,2007-09-11,76.05,76.08,75.97,75.97,33300,67.52
BSV,2007-09-10,76.05,76.17,76.00,76.10,13400,67.63
BSV,2007-09-07,75.87,76.07,75.87,76.01,38000,67.55
BSV,2007-09-06,75.76,75.82,75.70,75.79,49700,67.36
BSV,2007-09-05,75.73,75.87,75.73,75.85,29100,67.41
BSV,2007-09-04,75.65,75.66,75.56,75.62,28100,67.20
BSV,2007-08-31,75.80,76.21,74.94,75.93,43300,67.22
BSV,2007-08-30,75.96,75.99,75.88,75.96,67100,67.25
BSV,2007-08-29,75.90,75.96,75.75,75.83,73500,67.14
BSV,2007-08-28,75.70,75.94,75.70,75.94,23700,67.23
BSV,2007-08-27,75.55,75.71,75.41,75.71,103500,67.03
BSV,2007-08-24,75.64,75.67,75.51,75.62,31500,66.95
BSV,2007-08-23,75.62,75.71,75.57,75.57,54000,66.91
BSV,2007-08-22,75.71,75.80,75.71,75.74,40900,67.06
BSV,2007-08-21,75.93,76.02,75.76,75.97,72300,67.26
BSV,2007-08-20,75.74,75.84,75.71,75.79,35600,67.10
BSV,2007-08-17,75.75,75.77,75.63,75.72,38500,67.04
BSV,2007-08-16,75.60,75.84,75.56,75.64,104800,66.97
BSV,2007-08-15,75.46,75.55,75.40,75.55,22500,66.89
BSV,2007-08-14,75.22,75.37,75.21,75.31,11200,66.68
BSV,2007-08-13,75.16,75.31,75.14,75.24,31100,66.61
BSV,2007-08-10,75.32,75.36,75.17,75.21,45700,66.59
BSV,2007-08-09,75.22,75.26,75.17,75.25,92300,66.62
BSV,2007-08-08,75.08,75.09,74.90,75.04,65100,66.44
BSV,2007-08-07,75.14,75.23,75.07,75.12,42700,66.51
BSV,2007-08-06,75.19,75.35,75.13,75.15,30900,66.53
BSV,2007-08-03,75.18,75.32,75.18,75.32,31400,66.68
BSV,2007-08-02,75.06,75.15,74.95,75.14,79800,66.52
BSV,2007-08-01,75.13,75.19,75.06,75.17,29300,66.55
BSV,2007-07-31,75.26,75.36,75.22,75.36,30200,66.49
BSV,2007-07-30,75.38,75.44,75.30,75.35,41100,66.48
BSV,2007-07-27,75.32,75.43,75.02,75.41,43200,66.53
BSV,2007-07-26,75.35,75.43,75.16,75.35,51100,66.48
BSV,2007-07-25,75.07,75.18,75.06,75.11,35400,66.27
BSV,2007-07-24,75.05,75.12,75.02,75.12,132400,66.27
BSV,2007-07-23,74.99,75.01,74.94,75.00,11100,66.17
BSV,2007-07-20,74.93,75.04,74.93,74.96,99400,66.13
BSV,2007-07-19,74.87,74.88,74.78,74.86,19200,66.04
BSV,2007-07-18,74.83,74.97,74.81,74.94,41900,66.12
BSV,2007-07-17,74.82,74.85,74.78,74.85,31100,66.04
BSV,2007-07-16,74.72,74.83,74.69,74.83,53900,66.02
BSV,2007-07-13,74.80,74.80,74.70,74.72,16300,65.92
BSV,2007-07-12,74.84,74.84,74.70,74.74,395600,65.94
BSV,2007-07-11,74.89,74.89,74.78,74.81,44600,66.00
BSV,2007-07-10,74.65,74.81,74.65,74.81,33900,66.00
BSV,2007-07-09,74.53,74.64,74.53,74.63,47700,65.84
BSV,2007-07-06,74.65,74.65,74.54,74.54,70700,65.76
BSV,2007-07-05,74.72,74.72,74.55,74.60,32000,65.82
BSV,2007-07-03,74.89,74.90,74.75,74.80,38700,65.99
BSV,2007-07-02,74.76,74.82,74.73,74.82,15200,66.01
BSV,2007-06-29,74.92,74.98,74.90,74.97,28000,65.90
BSV,2007-06-28,74.90,74.94,74.85,74.88,54800,65.82
BSV,2007-06-27,74.99,75.02,74.88,74.92,37900,65.86
BSV,2007-06-26,74.90,74.93,74.87,74.92,36200,65.86
BSV,2007-06-25,74.83,74.93,74.83,74.91,45900,65.85
BSV,2007-06-22,74.69,74.80,74.68,74.80,41900,65.75
BSV,2007-06-21,74.75,74.78,74.71,74.76,15100,65.72
BSV,2007-06-20,74.73,74.77,74.67,74.75,17000,65.71
BSV,2007-06-19,74.50,74.74,74.50,74.74,104600,65.70
BSV,2007-06-18,74.65,74.65,74.61,74.65,10900,65.62
BSV,2007-06-15,74.47,74.62,74.47,74.62,34300,65.60
BSV,2007-06-14,74.53,74.53,74.44,74.52,82000,65.51
BSV,2007-06-13,74.46,74.55,74.46,74.52,21900,65.51
BSV,2007-06-12,74.58,74.60,74.46,74.47,77000,65.46
BSV,2007-06-11,74.58,74.64,74.52,74.59,64300,65.57
BSV,2007-06-08,74.44,74.56,74.44,74.54,13200,65.52
BSV,2007-06-07,74.65,74.75,74.53,74.55,109200,65.53
BSV,2007-06-06,74.63,74.72,74.63,74.69,26700,65.66
BSV,2007-06-05,74.69,74.69,74.58,74.63,33100,65.60
BSV,2007-06-04,74.67,74.70,74.64,74.69,27000,65.66
BSV,2007-06-01,74.70,74.74,74.65,74.65,52800,65.62
BSV,2007-05-31,75.05,75.05,74.96,75.05,42200,65.75
BSV,2007-05-30,75.10,75.10,75.07,75.07,23300,65.77
BSV,2007-05-29,75.08,75.12,75.02,75.03,51500,65.73
BSV,2007-05-25,75.12,75.14,75.08,75.12,74700,65.81
BSV,2007-05-24,75.09,75.10,75.03,75.08,14300,65.77
BSV,2007-05-23,75.08,75.10,75.03,75.05,75100,65.75
BSV,2007-05-22,75.14,75.17,75.07,75.07,79000,65.77
BSV,2007-05-21,75.10,75.11,75.06,75.11,45600,65.80
BSV,2007-05-18,75.15,75.20,73.68,75.06,71900,65.76
BSV,2007-05-17,75.20,75.20,75.14,75.14,29800,65.83
BSV,2007-05-16,75.22,75.24,75.18,75.20,80300,65.88
BSV,2007-05-15,75.24,75.24,75.14,75.19,65400,65.87
BSV,2007-05-14,75.21,75.24,75.20,75.22,23400,65.90
BSV,2007-05-11,75.31,75.32,75.22,75.23,8800,65.91
BSV,2007-05-10,75.26,75.26,75.21,75.22,16000,65.90
BSV,2007-05-09,75.31,75.31,75.19,75.27,47800,65.94
BSV,2007-05-08,75.28,75.32,75.23,75.26,26600,65.93
BSV,2007-05-07,75.23,75.25,75.22,75.24,18800,65.91
BSV,2007-05-04,75.24,75.27,75.20,75.24,33000,65.91
BSV,2007-05-03,75.19,75.21,75.17,75.17,35700,65.85
BSV,2007-05-02,75.27,75.28,75.20,75.21,45200,65.89
BSV,2007-05-01,75.38,75.38,75.21,75.26,50400,65.93
BSV,2007-04-30,75.29,75.37,75.29,75.35,57600,65.93
BSV,2007-04-27,75.28,75.29,75.19,75.21,22400,65.81
BSV,2007-04-26,75.30,75.30,75.22,75.22,16400,65.82
BSV,2007-04-25,75.36,75.38,75.30,75.31,30000,65.90
BSV,2007-04-24,75.32,75.38,75.24,75.33,90400,65.92
BSV,2007-04-23,75.24,75.36,75.24,75.29,1049800,65.88
BSV,2007-04-20,75.22,75.25,75.22,75.25,28800,65.85
BSV,2007-04-19,75.23,75.23,75.19,75.21,39000,65.81
BSV,2007-04-18,75.14,75.23,75.12,75.19,52200,65.79
BSV,2007-04-17,75.01,75.12,75.01,75.09,83700,65.71
BSV,2007-04-16,74.96,75.00,74.95,75.00,52900,65.63
BSV,2007-04-13,74.99,74.99,74.88,74.91,33800,65.55
BSV,2007-04-12,75.10,75.12,75.08,75.12,41800,65.73
BSV,2007-04-11,74.96,75.05,74.95,74.95,18500,65.58
BSV,2007-04-10,74.96,74.99,74.96,74.99,15800,65.62
