FXA,2011-10-28,107.03,107.65,107.01,107.51,354700,107.51
FXA,2011-10-27,107.30,107.87,106.87,107.54,668600,107.54
FXA,2011-10-26,104.46,104.55,103.57,104.36,355000,104.36
FXA,2011-10-25,104.80,105.12,104.29,104.57,396100,104.57
FXA,2011-10-24,104.29,105.31,104.22,105.08,541800,105.08
FXA,2011-10-21,103.55,103.94,103.36,103.74,818100,103.74
FXA,2011-10-20,102.77,103.02,101.91,102.72,1061900,102.72
FXA,2011-10-19,103.28,103.45,102.25,102.42,369500,102.42
FXA,2011-10-18,101.94,103.48,101.54,102.96,940500,102.96
FXA,2011-10-17,102.96,102.96,102.00,102.04,311900,102.04
FXA,2011-10-14,103.19,103.63,103.06,103.63,269100,103.63
FXA,2011-10-13,101.74,102.27,101.24,102.24,294500,102.24
FXA,2011-10-12,101.44,102.19,101.19,101.70,359200,101.70
FXA,2011-10-11,99.49,100.14,99.34,100.06,171700,100.06
FXA,2011-10-10,99.55,100.28,99.52,100.02,312100,100.02
FXA,2011-10-07,98.50,98.91,97.48,97.88,267900,97.88
FXA,2011-10-06,96.63,97.78,96.45,97.67,199000,97.67
FXA,2011-10-05,95.95,96.70,95.65,96.62,204600,96.62
FXA,2011-10-04,94.50,95.47,93.92,95.47,747600,95.47
FXA,2011-10-03,96.28,96.78,95.43,95.65,445600,95.65
FXA,2011-09-30,97.34,98.01,97.06,97.09,292400,96.78
FXA,2011-09-29,98.84,99.05,97.40,98.17,299600,97.85
FXA,2011-09-28,99.44,99.62,98.08,98.17,297400,97.85
FXA,2011-09-27,99.65,100.07,99.22,99.40,337000,99.08
FXA,2011-09-26,98.03,98.42,97.07,98.41,416200,98.09
FXA,2011-09-23,98.04,98.71,97.60,97.97,2744800,97.65
FXA,2011-09-22,98.27,98.45,96.51,97.87,1562300,97.55
FXA,2011-09-21,102.51,102.88,100.72,100.76,515700,100.43
FXA,2011-09-20,102.89,103.33,102.65,102.69,173600,102.36
FXA,2011-09-19,102.31,102.75,101.88,102.44,304700,102.11
FXA,2011-09-16,103.86,104.19,103.77,103.90,446200,103.56
FXA,2011-09-15,103.36,103.58,102.98,103.41,188200,103.08
FXA,2011-09-14,102.74,103.10,101.98,102.82,247200,102.49
FXA,2011-09-13,103.45,103.75,103.08,103.41,207400,103.08
FXA,2011-09-12,103.52,103.97,102.69,103.59,383600,103.25
FXA,2011-09-09,104.99,105.01,104.35,104.68,275000,104.34
FXA,2011-09-08,106.47,106.71,105.79,105.88,139200,105.54
FXA,2011-09-07,106.21,106.61,106.07,106.61,120700,106.27
FXA,2011-09-06,105.31,105.59,104.89,105.22,174200,104.88
FXA,2011-09-02,106.66,106.88,106.31,106.56,190100,106.22
FXA,2011-09-01,107.20,107.68,107.18,107.41,341200,107.06
FXA,2011-08-31,107.23,107.56,107.09,107.26,132700,106.55
FXA,2011-08-30,106.97,107.58,106.83,107.45,144900,106.74
FXA,2011-08-29,106.65,106.96,106.47,106.92,214300,106.21
FXA,2011-08-26,105.28,106.25,105.01,106.13,156800,105.43
FXA,2011-08-25,105.16,105.34,104.56,104.65,149300,103.96
FXA,2011-08-24,105.21,105.53,104.83,105.05,93600,104.36
FXA,2011-08-23,104.97,105.62,104.72,105.49,524100,104.79
FXA,2011-08-22,104.89,104.93,104.36,104.38,126000,103.69
FXA,2011-08-19,104.53,105.03,104.12,104.31,436000,103.62
FXA,2011-08-18,104.64,104.66,103.78,104.19,770700,103.50
FXA,2011-08-17,105.92,106.21,105.43,105.73,402900,105.03
FXA,2011-08-16,104.70,105.23,104.41,104.97,193900,104.28
FXA,2011-08-15,104.67,105.30,104.67,105.24,290100,104.54
FXA,2011-08-12,103.50,103.77,103.20,103.67,255500,102.99
FXA,2011-08-11,102.52,103.74,102.35,103.51,679800,102.83
FXA,2011-08-10,102.89,103.00,101.80,102.00,619500,101.33
FXA,2011-08-09,101.87,103.96,100.72,103.96,1386600,103.27
FXA,2011-08-08,103.39,103.80,102.16,102.28,1739600,101.60
FXA,2011-08-05,105.17,105.29,103.82,104.76,746500,104.07
FXA,2011-08-04,106.07,106.17,104.76,104.83,853100,104.14
FXA,2011-08-03,107.59,107.61,106.84,107.56,433900,106.85
FXA,2011-08-02,108.54,108.69,107.99,108.02,372400,107.31
FXA,2011-08-01,110.47,110.47,109.26,109.68,322600,108.96
FXA,2011-07-29,109.96,110.59,109.87,110.27,394300,109.17
FXA,2011-07-28,110.64,110.71,110.11,110.18,192700,109.08
FXA,2011-07-27,110.99,110.99,110.36,110.48,440600,109.38
FXA,2011-07-26,109.77,110.02,109.62,109.92,247400,108.83
FXA,2011-07-25,108.72,109.05,108.65,108.75,116600,107.67
FXA,2011-07-22,108.78,108.91,108.67,108.79,187400,107.71
FXA,2011-07-21,107.97,108.81,107.87,108.60,209800,107.52
FXA,2011-07-20,107.65,107.75,107.45,107.63,145600,106.56
FXA,2011-07-19,106.98,107.61,106.96,107.48,148900,106.41
FXA,2011-07-18,106.27,106.37,105.80,106.19,165900,105.13
FXA,2011-07-15,106.80,106.95,106.40,106.70,167500,105.64
FXA,2011-07-14,107.78,108.01,107.13,107.22,124100,106.15
FXA,2011-07-13,106.98,107.94,106.90,107.55,248300,106.48
FXA,2011-07-12,106.26,106.56,106.01,106.08,137400,105.02
FXA,2011-07-11,106.97,107.15,106.44,106.55,122800,105.49
FXA,2011-07-08,107.45,107.70,107.18,107.68,210200,106.61
FXA,2011-07-07,107.64,107.87,107.63,107.80,136200,106.73
FXA,2011-07-06,106.90,107.04,106.74,106.93,119500,105.87
FXA,2011-07-05,107.07,107.19,106.80,106.99,290300,105.93
FXA,2011-07-01,107.05,107.91,106.83,107.83,248300,106.76
FXA,2011-06-30,107.67,107.85,107.35,107.62,233500,106.21
FXA,2011-06-29,106.53,107.14,106.42,107.11,203300,105.70
FXA,2011-06-28,105.12,105.75,105.08,105.72,117900,104.33
FXA,2011-06-27,104.38,104.81,104.20,104.70,186200,103.32
FXA,2011-06-24,105.86,105.92,105.17,105.27,136900,103.89
FXA,2011-06-23,105.07,105.59,104.82,105.58,276400,104.19
FXA,2011-06-22,106.13,106.76,105.96,105.98,105200,104.59
FXA,2011-06-21,106.14,106.43,105.99,106.30,258500,104.90
FXA,2011-06-20,105.75,106.13,105.69,105.93,222800,104.54
FXA,2011-06-17,106.33,106.47,106.09,106.37,196100,104.97
FXA,2011-06-16,105.48,105.87,105.24,105.62,418900,104.23
FXA,2011-06-15,106.78,106.96,105.50,105.76,412900,104.37
FXA,2011-06-14,106.59,107.30,106.56,107.00,133000,105.59
FXA,2011-06-13,105.83,106.50,105.51,106.15,122400,104.75
FXA,2011-06-10,106.06,106.08,105.44,105.64,147600,104.25
FXA,2011-06-09,106.02,106.62,105.94,106.43,264000,105.03
FXA,2011-06-08,106.40,106.66,106.20,106.26,177600,104.86
FXA,2011-06-07,107.24,107.48,107.10,107.16,119200,105.75
FXA,2011-06-06,107.58,107.62,107.00,107.05,171600,105.64
FXA,2011-06-03,106.36,107.77,106.35,107.25,367600,105.84
FXA,2011-06-02,106.58,106.93,106.07,106.84,173400,105.44
FXA,2011-06-01,107.40,107.43,106.07,106.16,301300,104.76
FXA,2011-05-31,107.19,107.22,106.86,107.15,175500,105.39
FXA,2011-05-27,107.15,107.50,107.11,107.29,122300,105.52
FXA,2011-05-26,106.30,106.76,106.02,106.70,165400,104.94
FXA,2011-05-25,105.18,105.79,105.14,105.62,157100,103.88
FXA,2011-05-24,105.91,106.07,105.66,105.86,93700,104.12
FXA,2011-05-23,105.34,105.65,105.09,105.36,246300,103.63
FXA,2011-05-20,106.94,107.39,106.37,106.98,471200,105.22
FXA,2011-05-19,106.67,107.02,106.21,106.96,279900,105.20
FXA,2011-05-18,106.11,106.54,105.93,106.47,207900,104.72
FXA,2011-05-17,105.74,106.44,105.25,106.41,205300,104.66
FXA,2011-05-16,105.86,106.59,105.80,106.04,291300,104.29
FXA,2011-05-13,106.77,106.77,105.36,105.80,322900,104.06
FXA,2011-05-12,106.72,107.13,106.25,106.83,347000,105.07
FXA,2011-05-11,108.23,108.23,106.79,107.09,437200,105.33
FXA,2011-05-10,107.93,108.61,107.86,108.51,128200,106.72
FXA,2011-05-09,107.44,108.07,107.22,108.02,242000,106.24
FXA,2011-05-06,107.61,108.03,106.74,107.04,356800,105.28
FXA,2011-05-05,106.73,107.00,105.44,105.67,494600,103.93
FXA,2011-05-04,108.68,108.69,107.40,107.42,311700,105.65
FXA,2011-05-03,108.83,109.34,108.44,108.67,475800,106.88
FXA,2011-05-02,109.70,110.16,109.41,109.46,388500,107.66
FXA,2011-04-29,109.81,110.18,109.61,110.02,208000,107.86
FXA,2011-04-28,109.35,109.67,109.00,109.67,248400,107.52
FXA,2011-04-27,108.56,109.13,108.16,109.05,246100,106.91
FXA,2011-04-26,107.84,108.22,107.71,108.12,157100,106.00
FXA,2011-04-25,107.75,107.75,107.17,107.55,353200,105.44
FXA,2011-04-21,107.76,107.89,107.61,107.79,1118500,105.67
FXA,2011-04-20,106.82,107.20,106.79,107.13,240000,105.03
FXA,2011-04-19,105.25,105.53,105.15,105.41,212200,103.34
FXA,2011-04-18,105.52,105.52,104.78,105.38,349000,103.31
FXA,2011-04-15,105.63,105.98,105.57,105.82,173100,103.74
FXA,2011-04-14,105.22,105.70,105.16,105.67,158400,103.60
FXA,2011-04-13,105.16,105.51,104.92,105.26,178200,103.19
FXA,2011-04-12,105.30,105.35,104.60,104.68,140600,102.63
FXA,2011-04-11,105.56,105.67,104.98,105.05,145700,102.99
FXA,2011-04-08,105.57,105.64,105.30,105.46,162600,103.39
FXA,2011-04-07,104.97,105.15,104.25,104.71,187200,102.66
FXA,2011-04-06,104.00,104.58,103.95,104.53,146300,102.48
FXA,2011-04-05,103.15,103.70,103.11,103.36,131400,101.33
FXA,2011-04-04,103.60,103.73,103.42,103.70,90400,101.67
FXA,2011-04-01,103.60,103.94,103.26,103.89,181100,101.85
FXA,2011-03-31,103.71,104.10,103.70,103.81,432700,101.44
FXA,2011-03-30,103.42,103.69,103.36,103.59,113100,101.22
FXA,2011-03-29,102.47,103.27,102.36,103.27,118200,100.91
FXA,2011-03-28,103.02,103.27,102.86,102.87,122000,100.52
FXA,2011-03-25,102.65,103.24,102.57,102.85,176500,100.50
FXA,2011-03-24,102.00,102.56,101.93,102.48,155600,100.14
FXA,2011-03-23,101.07,101.80,101.01,101.65,134100,99.33
FXA,2011-03-22,101.45,101.50,101.15,101.35,123400,99.03
FXA,2011-03-21,100.83,100.83,100.57,100.74,128800,98.44
FXA,2011-03-18,99.46,99.98,99.29,99.98,597800,97.70
FXA,2011-03-17,98.62,98.93,98.14,98.32,248200,96.07
FXA,2011-03-16,99.26,99.35,97.82,98.37,355700,96.12
FXA,2011-03-15,98.70,99.52,98.50,99.26,525500,96.99
FXA,2011-03-14,100.90,101.25,100.65,101.19,94800,98.88
FXA,2011-03-11,100.33,101.72,100.33,101.65,225700,99.33
FXA,2011-03-10,100.40,100.42,100.03,100.06,160100,97.77
FXA,2011-03-09,101.33,101.37,101.02,101.14,46300,98.83
FXA,2011-03-08,100.76,101.24,100.63,101.07,116400,98.76
FXA,2011-03-07,101.99,102.00,101.00,101.19,87400,98.88
FXA,2011-03-04,101.23,101.48,101.10,101.44,60400,99.12
FXA,2011-03-03,101.63,101.69,101.34,101.63,77400,99.31
FXA,2011-03-02,101.44,101.85,101.43,101.69,98700,99.37
FXA,2011-03-01,101.88,101.89,101.26,101.35,195200,99.03
FXA,2011-02-28,102.07,102.24,102.00,102.16,100700,99.53
FXA,2011-02-25,101.70,102.07,101.65,102.07,75200,99.44
FXA,2011-02-24,101.39,101.52,101.02,101.26,103200,98.66
FXA,2011-02-23,100.21,100.53,100.08,100.42,71000,97.84
FXA,2011-02-22,100.52,100.62,99.92,100.06,204000,97.49
FXA,2011-02-18,101.39,101.79,101.28,101.70,101800,99.08
FXA,2011-02-17,100.65,101.53,100.61,101.34,318600,98.73
FXA,2011-02-16,99.93,100.70,99.88,100.56,429000,97.97
FXA,2011-02-15,100.17,100.21,99.62,99.66,128800,97.10
FXA,2011-02-14,100.34,100.57,100.29,100.49,58900,97.91
FXA,2011-02-11,99.98,100.46,99.93,100.31,75000,97.73
FXA,2011-02-10,100.53,100.80,100.23,100.58,94700,97.99
FXA,2011-02-09,101.25,101.49,101.00,101.27,131600,98.67
FXA,2011-02-08,101.56,101.93,101.46,101.62,96500,99.01
FXA,2011-02-07,101.42,101.66,101.38,101.40,68000,98.79
FXA,2011-02-04,101.94,102.03,101.19,101.47,93400,98.86
FXA,2011-02-03,101.36,101.68,100.89,101.65,80500,99.04
FXA,2011-02-02,100.77,100.91,100.60,100.86,75000,98.27
FXA,2011-02-01,100.79,101.50,100.64,101.15,210400,98.55
FXA,2011-01-31,99.83,100.22,99.79,99.99,146800,97.10
FXA,2011-01-28,99.92,100.13,99.41,99.60,129500,96.72
FXA,2011-01-27,99.66,99.70,99.27,99.52,270100,96.64
FXA,2011-01-26,99.99,100.16,99.62,100.05,59600,97.16
FXA,2011-01-25,99.42,100.03,99.18,99.96,106200,97.07
FXA,2011-01-24,99.38,100.47,99.38,100.14,111600,97.24
FXA,2011-01-21,99.26,99.39,99.08,99.24,76800,96.37
FXA,2011-01-20,99.15,99.19,98.56,98.99,568600,96.13
FXA,2011-01-19,100.72,100.77,100.09,100.26,381000,97.36
FXA,2011-01-18,99.92,100.18,99.82,99.98,157700,97.09
FXA,2011-01-14,99.13,99.29,98.97,99.13,165900,96.26
FXA,2011-01-13,100.24,100.32,99.70,99.79,173600,96.90
FXA,2011-01-12,99.33,99.77,99.17,99.66,77400,96.78
FXA,2011-01-11,98.75,98.95,98.50,98.86,170800,96.00
FXA,2011-01-10,99.21,99.78,99.05,99.71,118500,96.83
FXA,2011-01-07,99.79,100.01,99.34,99.77,86100,96.88
FXA,2011-01-06,99.89,99.91,99.41,99.46,112200,96.58
FXA,2011-01-05,99.72,100.20,99.68,100.01,611000,97.12
FXA,2011-01-04,100.97,100.98,100.34,100.60,332700,97.69
FXA,2011-01-03,101.95,102.14,101.69,101.69,137100,98.75
FXA,2010-12-31,102.22,102.93,102.15,102.66,171900,99.35
FXA,2010-12-30,101.84,102.09,101.57,102.04,143600,98.75
FXA,2010-12-29,101.78,102.16,101.66,102.13,124900,98.84
FXA,2010-12-28,101.67,101.73,101.20,101.26,163200,98.00
FXA,2010-12-27,100.59,100.83,100.50,100.70,134700,97.45
FXA,2010-12-23,100.42,101.00,100.42,100.78,778800,97.53
FXA,2010-12-22,100.23,100.35,100.11,100.34,100200,97.11
FXA,2010-12-21,99.98,100.06,99.82,99.89,94700,96.67
FXA,2010-12-20,99.61,99.72,99.41,99.64,124600,96.43
FXA,2010-12-17,98.91,99.14,98.64,99.06,162300,95.87
FXA,2010-12-16,99.04,99.09,98.54,99.09,192900,95.90
FXA,2010-12-15,99.38,99.61,98.62,98.71,206300,95.53
FXA,2010-12-14,99.89,100.44,99.77,100.01,181300,96.79
FXA,2010-12-13,99.45,99.96,99.34,99.63,133700,96.42
FXA,2010-12-10,98.81,98.85,98.52,98.69,166000,95.51
FXA,2010-12-09,98.77,98.82,98.25,98.59,254500,95.41
FXA,2010-12-08,98.19,98.41,97.64,98.05,262800,94.89
FXA,2010-12-07,99.52,99.53,98.44,98.47,176500,95.30
FXA,2010-12-06,98.78,99.17,98.70,99.07,85000,95.88
FXA,2010-12-03,98.66,99.45,98.62,99.29,203400,96.09
FXA,2010-12-02,96.73,97.84,96.71,97.66,213900,94.51
FXA,2010-12-01,96.38,97.00,96.19,96.89,180000,93.77
FXA,2010-11-30,96.04,96.57,96.02,96.20,123500,93.10
FXA,2010-11-29,96.31,96.70,95.97,96.65,220800,93.54
FXA,2010-11-26,96.82,97.00,96.59,96.59,173500,93.48
FXA,2010-11-24,98.51,98.77,98.37,98.42,90200,95.25
FXA,2010-11-23,98.14,98.33,97.36,97.51,198800,94.37
FXA,2010-11-22,99.04,99.20,98.49,99.16,105900,95.96
FXA,2010-11-19,98.62,98.86,98.39,98.84,146400,95.65
FXA,2010-11-18,98.90,99.25,98.88,99.04,174100,95.85
FXA,2010-11-17,98.04,98.47,97.92,98.01,94000,94.85
FXA,2010-11-16,98.18,98.30,97.43,97.86,218300,94.71
FXA,2010-11-15,99.00,99.34,98.51,98.51,189500,95.34
FXA,2010-11-12,99.37,99.53,98.56,98.80,158600,95.62
FXA,2010-11-11,100.31,100.34,99.73,99.99,162000,96.77
FXA,2010-11-10,100.37,100.78,99.91,100.75,217500,97.50
FXA,2010-11-09,101.72,101.83,100.10,100.43,316700,97.19
FXA,2010-11-08,101.09,101.54,100.90,101.44,126400,98.17
FXA,2010-11-05,101.76,101.83,101.44,101.57,113400,98.30
FXA,2010-11-04,101.36,101.72,101.33,101.70,351000,98.42
FXA,2010-11-03,99.78,100.42,99.00,100.40,489600,97.16
FXA,2010-11-02,100.07,100.18,99.85,99.91,161400,96.69
FXA,2010-11-01,98.88,99.07,98.38,98.61,186000,95.43
FXA,2010-10-29,97.99,98.49,97.89,98.29,147600,94.83
FXA,2010-10-28,98.24,98.43,97.94,98.17,179200,94.72
FXA,2010-10-27,97.52,97.54,96.78,97.38,252000,93.95
FXA,2010-10-26,98.68,98.98,98.42,98.68,108700,95.21
FXA,2010-10-25,99.74,99.99,99.27,99.27,126300,95.78
FXA,2010-10-22,98.43,98.56,98.04,98.32,59400,94.86
FXA,2010-10-21,98.77,99.09,97.69,98.04,124100,94.59
FXA,2010-10-20,97.82,99.08,97.81,98.83,186200,95.35
FXA,2010-10-19,97.53,97.78,96.82,96.99,339300,93.58
FXA,2010-10-18,99.00,99.64,98.86,99.59,116500,96.09
FXA,2010-10-15,99.76,99.76,98.80,99.09,265100,95.60
FXA,2010-10-14,99.42,99.78,99.20,99.58,226800,96.08
FXA,2010-10-13,98.83,99.49,98.80,99.15,134200,95.66
FXA,2010-10-12,98.48,98.90,98.07,98.74,236600,95.27
FXA,2010-10-11,98.62,98.88,98.47,98.56,180300,95.09
FXA,2010-10-08,98.30,98.83,98.07,98.66,149600,95.19
FXA,2010-10-07,98.87,98.89,97.95,98.18,189400,94.72
FXA,2010-10-06,97.56,97.98,97.45,97.76,139100,94.32
FXA,2010-10-05,96.54,97.31,96.51,97.17,227600,93.75
FXA,2010-10-04,96.99,97.09,96.63,96.84,124200,93.43
FXA,2010-10-01,97.31,97.54,96.91,97.35,179900,93.92
FXA,2010-09-30,97.51,97.55,96.60,97.00,211500,93.30
FXA,2010-09-29,97.33,97.48,97.04,97.14,241100,93.44
FXA,2010-09-28,96.52,97.15,96.21,97.05,151600,93.35
FXA,2010-09-27,96.31,96.71,96.16,96.49,185100,92.81
FXA,2010-09-24,96.09,96.40,95.97,96.25,192100,92.58
FXA,2010-09-23,95.18,95.72,95.07,95.23,163500,91.60
FXA,2010-09-22,96.03,96.22,95.35,95.74,175800,92.09
FXA,2010-09-21,95.11,95.84,94.75,95.59,121000,91.95
FXA,2010-09-20,94.64,95.15,94.60,94.87,188900,91.25
FXA,2010-09-17,94.36,94.40,93.81,93.82,178300,90.24
FXA,2010-09-16,93.89,94.13,93.49,93.86,234500,90.28
FXA,2010-09-15,93.83,94.34,93.69,94.00,157300,90.42
FXA,2010-09-14,93.60,94.72,93.53,94.34,235300,90.74
FXA,2010-09-13,93.50,93.74,93.41,93.72,153000,90.15
FXA,2010-09-10,92.64,92.81,92.50,92.78,151800,89.24
FXA,2010-09-09,92.75,92.82,92.39,92.48,292300,88.95
FXA,2010-09-08,91.72,92.03,91.72,91.77,126200,88.27
FXA,2010-09-07,91.50,91.55,91.15,91.17,258500,87.69
FXA,2010-09-03,91.65,91.80,91.45,91.71,214500,88.21
FXA,2010-09-02,90.95,91.26,90.90,91.23,127000,87.75
FXA,2010-09-01,90.63,91.01,90.55,90.95,756600,87.48
FXA,2010-08-31,89.15,89.47,89.05,89.30,546800,85.63
FXA,2010-08-30,89.86,90.01,89.47,89.49,97000,85.81
FXA,2010-08-27,89.32,90.27,88.91,90.18,300100,86.47
FXA,2010-08-26,89.17,89.40,88.82,89.02,163000,85.36
FXA,2010-08-25,88.12,88.63,87.94,88.51,441000,84.87
FXA,2010-08-24,88.53,88.95,88.19,88.64,435300,84.99
FXA,2010-08-23,89.81,90.04,89.35,89.38,452700,85.70
FXA,2010-08-20,89.03,89.51,88.84,89.43,371900,85.75
FXA,2010-08-19,90.10,90.19,89.25,89.48,586200,85.80
FXA,2010-08-18,90.43,90.43,89.97,90.06,130600,86.36
FXA,2010-08-17,90.47,90.95,90.32,90.68,141900,86.95
FXA,2010-08-16,89.44,90.08,89.30,89.91,112300,86.21
FXA,2010-08-13,89.79,90.07,89.41,89.41,118100,85.73
FXA,2010-08-12,89.43,89.86,89.41,89.73,214200,86.04
FXA,2010-08-11,90.42,90.43,89.91,89.97,424800,86.27
FXA,2010-08-10,90.98,91.75,90.72,91.40,472800,87.64
FXA,2010-08-09,91.96,91.98,91.63,91.75,154500,87.98
FXA,2010-08-06,91.79,92.29,91.47,91.98,540700,88.20
FXA,2010-08-05,91.37,91.60,91.25,91.56,186800,87.79
FXA,2010-08-04,91.65,91.87,91.36,91.78,310400,88.00
FXA,2010-08-03,91.19,91.54,90.86,91.28,190800,87.53
FXA,2010-08-02,91.11,91.49,91.08,91.29,684700,87.53
FXA,2010-07-30,90.35,90.98,90.29,90.81,439400,86.80
FXA,2010-07-29,90.52,90.68,90.06,90.34,388100,86.35
FXA,2010-07-28,89.42,89.68,89.34,89.45,635700,85.50
FXA,2010-07-27,90.71,90.80,90.26,90.47,415700,86.48
FXA,2010-07-26,90.09,90.60,89.93,90.55,362900,86.55
FXA,2010-07-23,89.41,89.94,89.29,89.92,530900,85.95
FXA,2010-07-22,89.10,89.74,89.10,89.55,264500,85.60
FXA,2010-07-21,88.48,88.61,87.83,87.99,325200,84.11
FXA,2010-07-20,87.53,88.56,87.47,88.52,362200,84.61
FXA,2010-07-19,86.97,87.33,86.74,87.21,181400,83.36
FXA,2010-07-16,87.69,87.73,86.99,87.14,408200,83.29
FXA,2010-07-15,88.21,88.65,87.43,88.55,379700,84.64
FXA,2010-07-14,88.21,88.83,88.00,88.44,552300,84.54
FXA,2010-07-13,87.91,88.42,87.77,88.10,546700,84.21
FXA,2010-07-12,87.48,87.65,87.35,87.63,137600,83.76
FXA,2010-07-09,87.66,87.84,87.51,87.84,198800,83.96
FXA,2010-07-08,87.75,87.99,87.02,87.71,225700,83.84
FXA,2010-07-07,85.20,86.70,85.20,86.63,129200,82.81
FXA,2010-07-06,85.39,85.65,84.86,85.16,194700,81.40
FXA,2010-07-02,84.75,84.94,84.10,84.31,145200,80.59
FXA,2010-07-01,84.08,84.49,83.50,84.35,336100,80.63
FXA,2010-06-30,84.65,85.09,84.33,84.37,402600,80.41
FXA,2010-06-29,85.91,85.91,84.93,85.17,680100,81.18
FXA,2010-06-28,87.55,87.82,87.32,87.45,228900,83.35
FXA,2010-06-25,87.02,87.82,86.56,87.76,447400,83.65
FXA,2010-06-24,87.03,87.51,86.72,86.81,239600,82.74
FXA,2010-06-23,87.34,88.01,86.81,87.52,399600,83.42
FXA,2010-06-22,88.11,88.23,87.41,87.42,285200,83.32
FXA,2010-06-21,88.53,88.56,87.73,87.89,280200,83.77
FXA,2010-06-18,87.09,87.27,87.02,87.16,153400,83.07
FXA,2010-06-17,86.82,86.99,86.23,86.94,294200,82.86
FXA,2010-06-16,86.30,86.87,86.22,86.51,165000,82.45
FXA,2010-06-15,86.02,86.73,85.88,86.73,195700,82.66
FXA,2010-06-14,86.51,86.79,85.97,86.00,234900,81.97
FXA,2010-06-11,84.53,85.18,84.45,85.16,230600,81.17
FXA,2010-06-10,84.86,85.20,84.67,85.15,330400,81.16
FXA,2010-06-09,83.42,83.66,82.67,82.83,249000,78.95
FXA,2010-06-08,81.88,82.92,81.53,82.84,336100,78.96
FXA,2010-06-07,81.92,82.11,81.09,81.10,275900,77.30
FXA,2010-06-04,83.35,83.37,82.17,82.25,331400,78.39
FXA,2010-06-03,84.79,84.82,83.73,84.39,190000,80.43
FXA,2010-06-02,83.32,84.26,83.12,84.25,364700,80.30
FXA,2010-06-01,83.54,84.38,83.30,83.34,432300,79.43
FXA,2010-05-28,85.00,85.17,84.54,84.98,364700,80.75
FXA,2010-05-27,84.20,85.31,84.06,85.31,418300,81.07
FXA,2010-05-26,83.27,84.11,82.46,82.53,558100,78.42
FXA,2010-05-25,81.39,82.71,81.24,82.67,604600,78.56
FXA,2010-05-24,83.28,83.60,82.96,83.08,362800,78.95
FXA,2010-05-21,82.16,83.58,82.06,83.32,709000,79.17
FXA,2010-05-20,83.06,83.60,81.70,82.28,1512800,78.19
FXA,2010-05-19,84.98,85.12,83.74,84.70,1452700,80.49
FXA,2010-05-18,87.93,88.04,86.42,86.68,366600,82.37
FXA,2010-05-17,88.33,88.45,87.02,87.84,368900,83.47
FXA,2010-05-14,89.29,89.35,88.64,88.70,312300,84.29
FXA,2010-05-13,89.80,90.36,89.65,89.72,152900,85.26
FXA,2010-05-12,89.65,89.78,89.10,89.43,156900,84.98
FXA,2010-05-11,89.58,90.29,89.58,89.71,203700,85.25
FXA,2010-05-10,90.49,90.65,89.94,90.35,224400,85.85
FXA,2010-05-07,88.73,89.23,88.11,88.71,786100,84.30
FXA,2010-05-06,90.12,90.56,86.70,88.67,949300,84.26
FXA,2010-05-05,90.40,91.03,90.32,90.56,379200,86.05
FXA,2010-05-04,91.45,91.50,90.90,90.96,380300,86.43
FXA,2010-05-03,92.61,92.78,92.33,92.66,129700,88.05
FXA,2010-04-30,93.50,93.50,92.74,92.82,183800,87.96
FXA,2010-04-29,93.01,93.14,92.84,93.03,128300,88.16
FXA,2010-04-28,92.55,92.89,92.28,92.72,229100,87.87
FXA,2010-04-27,92.46,92.78,91.57,91.63,451300,86.84
FXA,2010-04-26,93.04,93.21,92.78,92.92,286100,88.06
FXA,2010-04-23,92.19,92.92,92.09,92.89,217500,88.03
FXA,2010-04-22,92.87,93.16,92.50,93.10,158200,88.23
FXA,2010-04-21,93.22,93.30,92.78,93.02,160900,88.15
FXA,2010-04-20,93.34,93.35,93.13,93.32,118600,88.44
FXA,2010-04-19,92.05,92.48,91.94,92.45,150400,87.61
FXA,2010-04-16,93.22,93.47,92.47,92.70,164400,87.85
FXA,2010-04-15,93.47,93.60,93.35,93.52,130500,88.63
FXA,2010-04-14,93.47,93.73,93.40,93.62,149800,88.72
FXA,2010-04-13,92.95,92.95,92.50,92.84,135000,87.98
FXA,2010-04-12,92.97,93.12,92.87,92.95,128200,88.09
FXA,2010-04-09,93.11,93.53,93.09,93.41,148300,88.52
FXA,2010-04-08,92.62,92.99,92.48,92.87,93400,88.01
FXA,2010-04-07,92.85,93.02,92.65,92.84,188300,87.98
FXA,2010-04-06,92.35,92.94,92.28,92.89,199700,88.03
FXA,2010-04-05,92.19,92.27,92.02,92.11,148200,87.29
FXA,2010-04-01,91.85,92.20,91.80,92.09,141800,87.27
FXA,2010-03-31,91.97,92.09,91.78,92.04,142200,87.00
FXA,2010-03-30,92.24,92.32,91.94,92.04,136100,87.00
FXA,2010-03-29,91.70,91.99,91.63,91.92,152800,86.88
FXA,2010-03-26,90.66,90.78,90.25,90.57,283000,85.61
FXA,2010-03-25,91.47,91.54,90.94,90.96,150800,85.98
FXA,2010-03-24,91.28,91.46,90.95,91.02,289000,86.03
FXA,2010-03-23,91.88,92.16,91.78,92.12,168900,87.07
FXA,2010-03-22,91.18,91.96,91.15,91.94,60800,86.90
FXA,2010-03-19,92.19,92.20,91.46,91.77,240900,86.74
FXA,2010-03-18,92.41,92.43,92.02,92.30,76200,87.24
FXA,2010-03-17,92.50,92.63,92.32,92.44,122100,87.38
FXA,2010-03-16,91.47,92.04,91.40,91.97,152400,86.93
FXA,2010-03-15,91.45,91.56,91.11,91.55,98900,86.54
FXA,2010-03-12,91.80,91.87,91.56,91.68,71700,86.66
FXA,2010-03-11,91.44,91.68,91.22,91.62,166700,86.60
FXA,2010-03-10,91.70,92.00,91.36,91.57,218400,86.55
FXA,2010-03-09,91.03,91.55,91.00,91.49,174900,86.48
FXA,2010-03-08,91.34,91.39,90.86,91.00,180300,86.02
FXA,2010-03-05,90.68,90.98,90.64,90.85,137000,85.87
FXA,2010-03-04,90.30,90.39,89.89,90.18,105300,85.24
FXA,2010-03-03,90.45,90.88,90.33,90.59,173800,85.63
FXA,2010-03-02,90.40,90.63,90.19,90.39,274800,85.44
FXA,2010-03-01,89.65,90.17,89.50,90.07,84200,85.14
FXA,2010-02-26,89.30,89.97,89.09,89.83,104600,84.72
FXA,2010-02-25,88.34,89.11,88.21,89.11,128700,84.04
FXA,2010-02-24,89.23,89.71,89.14,89.50,152400,84.41
FXA,2010-02-23,90.19,90.29,88.96,89.01,183300,83.94
FXA,2010-02-22,90.22,90.31,89.96,90.17,115000,85.04
FXA,2010-02-19,89.51,90.05,89.27,89.99,177800,84.87
FXA,2010-02-18,90.01,90.40,89.79,90.37,121300,85.23
FXA,2010-02-17,90.30,90.38,89.89,90.13,135500,85.00
FXA,2010-02-16,89.95,90.40,89.84,90.31,182500,85.17
FXA,2010-02-12,88.21,88.96,87.96,88.76,164600,83.71
FXA,2010-02-11,88.66,89.31,88.48,89.18,224200,84.10
FXA,2010-02-10,87.57,87.85,87.17,87.61,145000,82.62
FXA,2010-02-09,87.48,88.02,87.09,87.86,129600,82.86
FXA,2010-02-08,86.84,87.14,86.48,86.50,123600,81.58
FXA,2010-02-05,86.79,86.91,85.81,86.75,398700,81.81
FXA,2010-02-04,87.74,87.74,86.12,86.48,540800,81.56
FXA,2010-02-03,88.55,88.71,88.19,88.31,189600,83.28
FXA,2010-02-02,88.32,88.72,88.15,88.71,294700,83.66
FXA,2010-02-01,88.46,89.20,88.27,89.15,190100,84.08
FXA,2010-01-29,89.38,89.44,88.71,88.71,150800,83.45
FXA,2010-01-28,90.43,90.45,89.56,89.71,150800,84.40
FXA,2010-01-27,89.90,90.04,89.33,89.62,249100,84.31
FXA,2010-01-26,89.79,90.44,89.57,90.07,110600,84.73
FXA,2010-01-25,90.60,90.79,90.41,90.71,105700,85.34
FXA,2010-01-22,90.64,90.83,90.20,90.28,151800,84.93
FXA,2010-01-21,91.41,91.58,90.34,90.37,168900,85.02
FXA,2010-01-20,91.53,91.59,90.88,91.00,204000,85.61
FXA,2010-01-19,92.12,92.66,92.10,92.65,159200,87.16
FXA,2010-01-15,92.79,92.83,92.27,92.45,151300,86.97
FXA,2010-01-14,93.09,93.32,93.04,93.27,106200,87.74
FXA,2010-01-13,92.60,92.63,92.10,92.54,101100,87.06
FXA,2010-01-12,92.44,92.72,91.81,92.10,143500,86.64
FXA,2010-01-11,92.99,93.27,92.95,93.25,153500,87.73
FXA,2010-01-08,92.17,92.58,91.82,92.48,122900,87.00
FXA,2010-01-07,92.05,92.05,91.71,91.85,150800,86.41
FXA,2010-01-06,91.64,92.21,91.59,92.03,162400,86.58
FXA,2010-01-05,91.24,91.57,90.97,91.20,308900,85.80
FXA,2010-01-04,90.92,91.38,90.80,91.29,182900,85.88
FXA,2009-12-31,90.03,90.20,89.57,90.07,122100,84.73
FXA,2009-12-30,89.50,89.81,89.38,89.57,78300,84.26
FXA,2009-12-29,90.05,90.06,89.58,89.61,128400,84.30
FXA,2009-12-28,88.98,88.98,88.85,88.90,78600,83.63
FXA,2009-12-24,88.35,88.61,88.31,88.61,54700,83.36
FXA,2009-12-23,88.12,88.34,87.95,88.12,146700,82.90
FXA,2009-12-22,88.15,88.27,87.64,87.75,318000,82.55
FXA,2009-12-21,88.59,88.71,88.18,88.32,275400,83.09
FXA,2009-12-18,88.97,89.23,88.51,89.19,287100,83.91
FXA,2009-12-17,88.91,89.00,88.60,88.80,841200,83.54
FXA,2009-12-16,90.05,90.34,89.90,90.19,241700,84.85
FXA,2009-12-15,90.78,91.01,90.47,90.73,357000,85.36
FXA,2009-12-14,91.30,91.83,91.23,91.80,114100,86.36
FXA,2009-12-11,91.53,91.58,91.02,91.29,178900,85.88
FXA,2009-12-10,91.79,91.92,91.49,91.83,210400,86.39
FXA,2009-12-09,90.82,91.03,90.33,90.98,194000,85.59
FXA,2009-12-08,91.01,91.04,90.26,90.51,303500,85.15
FXA,2009-12-07,90.95,91.91,90.95,91.21,172700,85.81
FXA,2009-12-04,92.35,92.44,91.14,91.50,364400,86.08
FXA,2009-12-03,92.70,92.96,92.51,92.63,183100,87.14
FXA,2009-12-02,92.86,92.95,92.34,92.55,163800,87.07
FXA,2009-12-01,92.20,92.72,92.06,92.49,260000,87.01
FXA,2009-11-30,91.37,91.84,91.34,91.77,270100,86.15
FXA,2009-11-27,90.28,91.19,90.20,90.86,315000,85.29
FXA,2009-11-25,92.81,93.42,92.64,93.42,251400,87.69
FXA,2009-11-24,92.27,92.28,91.69,92.12,177900,86.47
FXA,2009-11-23,92.86,92.92,92.50,92.69,198400,87.01
FXA,2009-11-20,91.19,91.77,91.17,91.72,161500,86.10
FXA,2009-11-19,92.09,92.13,91.46,92.10,227700,86.46
FXA,2009-11-18,93.35,93.35,92.80,93.11,267800,87.40
FXA,2009-11-17,92.96,93.21,92.50,93.20,298900,87.49
FXA,2009-11-16,93.63,94.19,93.38,93.87,255500,88.12
FXA,2009-11-13,92.90,93.55,92.73,93.54,247500,87.81
FXA,2009-11-12,93.04,93.20,92.22,92.38,214500,86.72
FXA,2009-11-11,93.14,93.34,92.81,93.10,157200,87.39
FXA,2009-11-10,92.87,93.26,92.67,93.11,226000,87.40
FXA,2009-11-09,93.10,93.11,92.89,93.06,193500,87.36
FXA,2009-11-06,91.64,92.04,91.59,91.85,224800,86.22
FXA,2009-11-05,91.05,91.24,90.83,91.06,143400,85.48
FXA,2009-11-04,91.13,91.48,90.71,91.00,298700,85.42
FXA,2009-11-03,89.62,90.39,89.57,90.28,358000,84.75
FXA,2009-11-02,90.35,91.25,89.86,90.39,17500,84.85
FXA,2009-10-30,91.22,91.42,89.97,90.20,294000,84.51
FXA,2009-10-29,90.92,92.01,90.82,91.77,347400,85.98
FXA,2009-10-28,90.81,90.94,89.78,89.89,654000,84.22
FXA,2009-10-27,91.82,91.99,91.37,91.64,348600,85.86
FXA,2009-10-26,92.51,92.81,91.42,91.65,291800,85.87
FXA,2009-10-23,92.88,92.91,92.16,92.38,135400,86.55
FXA,2009-10-22,92.41,92.96,92.05,92.90,190500,87.04
FXA,2009-10-21,92.61,93.41,92.57,92.74,325700,86.89
FXA,2009-10-20,93.05,93.05,91.94,92.32,242700,86.49
FXA,2009-10-19,92.26,93.00,92.00,92.94,304900,87.07
FXA,2009-10-16,91.77,92.04,91.55,91.86,229800,86.06
FXA,2009-10-15,91.93,92.23,91.85,92.14,290800,86.32
FXA,2009-10-14,91.38,91.63,91.32,91.50,225900,85.73
FXA,2009-10-13,90.77,90.84,90.42,90.64,141700,84.92
FXA,2009-10-12,90.67,90.90,90.59,90.80,234000,85.07
FXA,2009-10-09,90.64,90.69,90.21,90.47,234000,84.76
FXA,2009-10-08,90.33,90.98,90.12,90.65,363200,84.93
FXA,2009-10-07,88.99,89.12,88.71,89.03,253600,83.41
FXA,2009-10-06,88.90,89.25,88.80,89.04,430000,83.42
FXA,2009-10-05,87.43,88.01,87.28,87.74,175100,82.20
FXA,2009-10-02,86.20,87.09,86.19,86.38,228600,80.93
FXA,2009-10-01,88.09,88.09,86.79,86.82,282400,81.34
FXA,2009-09-30,88.43,88.62,87.85,88.38,152200,82.66
FXA,2009-09-29,87.33,87.51,86.92,87.24,78600,81.60
FXA,2009-09-28,86.56,87.67,86.56,87.22,119900,81.58
FXA,2009-09-25,86.52,86.96,86.40,86.62,139600,81.02
FXA,2009-09-24,87.55,87.64,86.35,86.73,156600,81.12
FXA,2009-09-23,87.42,88.00,87.11,87.17,161800,81.53
FXA,2009-09-22,87.59,87.67,87.33,87.48,157400,81.82
FXA,2009-09-21,86.21,86.53,86.02,86.42,154300,80.83
FXA,2009-09-18,87.19,87.22,86.72,86.81,165200,81.19
FXA,2009-09-17,87.20,87.62,87.01,87.15,142700,81.51
FXA,2009-09-16,87.25,87.57,86.92,87.57,225000,81.91
FXA,2009-09-15,85.96,86.54,85.75,86.53,168100,80.93
FXA,2009-09-14,85.99,86.27,85.91,86.22,91000,80.64
FXA,2009-09-11,86.53,86.80,86.30,86.33,154400,80.75
FXA,2009-09-10,85.98,86.52,85.68,86.45,152700,80.86
FXA,2009-09-09,86.48,86.74,86.06,86.21,168200,80.63
FXA,2009-09-08,86.30,86.63,86.09,86.30,287600,80.72
FXA,2009-09-04,84.26,85.38,84.20,85.11,181400,79.60
FXA,2009-09-03,84.04,84.15,83.76,83.94,71200,78.51
FXA,2009-09-02,82.91,83.76,82.87,83.40,160900,78.00
FXA,2009-09-01,83.62,84.14,82.45,82.68,211400,77.33
FXA,2009-08-31,83.73,84.69,83.69,84.69,103400,79.21
FXA,2009-08-28,84.84,84.85,84.13,84.34,147100,78.88
FXA,2009-08-27,83.52,84.33,83.07,84.17,130700,78.72
FXA,2009-08-26,82.87,83.06,82.66,82.93,263400,77.57
FXA,2009-08-25,84.24,84.40,83.54,83.77,242300,78.35
FXA,2009-08-24,84.29,84.38,83.80,83.88,104600,78.45
FXA,2009-08-21,83.58,84.07,83.37,83.45,104300,78.05
FXA,2009-08-20,82.95,83.35,82.87,83.30,86100,77.91
FXA,2009-08-19,82.18,83.21,82.14,83.01,151800,77.64
FXA,2009-08-18,82.12,82.82,82.11,82.69,82600,77.34
FXA,2009-08-17,82.15,82.55,81.89,82.25,287900,76.93
FXA,2009-08-14,84.37,84.37,82.82,83.07,130300,77.70
FXA,2009-08-13,84.15,84.49,83.76,84.30,153000,78.85
FXA,2009-08-12,82.44,83.76,82.43,83.49,169400,78.09
FXA,2009-08-11,83.10,83.18,82.81,83.02,230100,77.65
FXA,2009-08-10,83.95,83.96,83.35,83.74,245500,78.32
FXA,2009-08-07,84.09,84.26,83.58,83.60,254000,78.19
FXA,2009-08-06,84.33,84.38,83.72,84.00,116600,78.57
FXA,2009-08-05,84.28,84.30,83.66,84.09,256000,78.65
FXA,2009-08-04,84.20,84.45,83.98,84.45,132600,78.99
FXA,2009-08-03,84.15,84.41,83.90,84.21,351000,78.76
FXA,2009-07-31,82.87,83.83,82.68,83.82,141300,78.26
FXA,2009-07-30,82.59,83.03,82.40,82.64,124800,77.16
FXA,2009-07-29,82.15,82.24,81.38,81.78,128200,76.36
FXA,2009-07-28,82.95,83.20,82.38,82.96,177800,77.46
FXA,2009-07-27,82.34,82.57,81.97,82.41,108500,76.95
FXA,2009-07-24,81.79,81.96,81.49,81.83,102600,76.41
FXA,2009-07-23,81.79,82.33,81.68,81.68,153600,76.27
FXA,2009-07-22,81.17,82.10,81.13,81.73,116300,76.31
FXA,2009-07-21,82.00,82.04,81.00,81.58,193700,76.17
FXA,2009-07-20,81.39,81.79,81.16,81.75,240200,76.33
FXA,2009-07-17,80.40,80.44,80.13,80.26,105300,74.94
FXA,2009-07-16,80.27,80.71,80.09,80.60,139500,75.26
FXA,2009-07-15,80.30,80.64,80.11,80.40,255500,75.07
FXA,2009-07-14,79.02,79.17,78.66,79.03,122600,73.79
FXA,2009-07-13,77.58,78.39,77.40,78.38,124200,73.19
FXA,2009-07-10,77.64,78.09,77.44,77.95,134900,72.78
FXA,2009-07-09,78.32,78.64,78.05,78.37,144100,73.18
FXA,2009-07-08,78.74,78.94,77.27,77.75,568400,72.60
FXA,2009-07-07,79.95,80.02,78.95,79.00,164300,73.76
FXA,2009-07-06,78.95,79.77,78.90,79.75,246100,74.46
FXA,2009-07-02,79.82,79.83,79.37,79.49,119200,74.22
FXA,2009-07-01,81.00,81.11,80.70,80.74,179800,75.39
FXA,2009-06-30,81.23,81.31,80.54,80.74,112000,75.26
FXA,2009-06-29,80.60,81.10,80.44,80.99,174100,75.49
FXA,2009-06-26,80.78,81.00,80.53,80.84,173500,75.35
FXA,2009-06-25,79.81,80.41,79.66,80.35,158200,74.89
FXA,2009-06-24,80.46,80.65,79.40,79.79,128900,74.37
FXA,2009-06-23,79.12,79.84,78.64,79.58,176300,74.18
FXA,2009-06-22,79.39,79.57,78.91,78.91,313100,73.55
FXA,2009-06-19,80.70,81.30,80.48,80.64,289200,75.16
FXA,2009-06-18,79.84,80.60,79.59,80.08,90400,74.64
FXA,2009-06-17,79.21,79.90,78.58,79.48,273200,74.08
FXA,2009-06-16,80.20,80.36,79.48,79.56,165900,74.16
FXA,2009-06-15,80.38,80.40,79.10,79.46,442200,74.06
FXA,2009-06-12,80.99,81.58,80.76,81.41,250900,75.88
FXA,2009-06-11,81.54,82.43,81.39,81.99,317700,76.42
FXA,2009-06-10,81.11,81.12,79.75,80.46,288000,75.00
FXA,2009-06-09,79.95,80.50,79.70,80.26,302200,74.81
FXA,2009-06-08,78.98,79.16,78.41,78.83,353100,73.48
FXA,2009-06-05,80.30,80.33,79.20,79.32,280900,73.93
FXA,2009-06-04,79.73,80.47,79.41,80.35,489000,74.89
FXA,2009-06-03,81.50,81.57,79.34,79.92,438900,74.49
FXA,2009-06-02,81.65,82.33,81.40,82.19,336700,76.61
FXA,2009-06-01,80.89,81.55,80.68,81.15,325100,75.64
FXA,2009-05-29,79.86,80.29,79.65,80.23,493500,74.65
FXA,2009-05-28,78.58,78.85,78.10,78.72,147000,73.25
FXA,2009-05-27,78.91,79.05,77.84,77.92,219700,72.50
FXA,2009-05-26,77.60,78.84,77.52,78.83,415800,73.35
FXA,2009-05-22,78.69,78.83,78.30,78.69,455300,73.22
FXA,2009-05-21,77.00,78.04,76.87,77.81,206700,72.40
FXA,2009-05-20,77.69,78.21,77.60,77.67,227800,72.27
FXA,2009-05-19,77.33,77.95,77.23,77.62,235700,72.22
FXA,2009-05-18,76.05,76.77,75.80,76.77,253800,71.43
FXA,2009-05-15,75.75,76.02,74.86,75.05,196500,69.83
FXA,2009-05-14,75.47,76.27,75.41,76.10,119600,70.81
FXA,2009-05-13,75.84,76.19,75.14,75.22,225500,69.99
FXA,2009-05-12,76.71,76.84,76.12,76.57,258000,71.25
FXA,2009-05-11,76.12,76.51,75.90,75.94,184200,70.66
FXA,2009-05-08,75.89,77.15,75.66,76.91,204000,71.56
FXA,2009-05-07,75.98,76.06,75.22,75.40,166200,70.16
FXA,2009-05-06,74.69,75.05,74.26,74.91,201100,69.70
FXA,2009-05-05,74.68,74.84,73.90,74.30,218300,69.13
FXA,2009-05-04,73.76,74.16,73.66,74.00,158200,68.86
FXA,2009-05-01,72.85,73.22,72.57,73.01,88400,67.93
FXA,2009-04-30,73.11,73.75,72.64,72.84,142300,67.66
FXA,2009-04-29,71.87,73.08,71.76,72.66,189400,67.49
FXA,2009-04-28,70.52,71.07,70.46,70.76,80300,65.73
FXA,2009-04-27,71.60,71.78,70.98,71.14,104500,66.08
FXA,2009-04-24,72.18,72.51,71.98,72.32,179500,67.18
FXA,2009-04-23,71.16,71.55,70.91,71.52,123800,66.44
FXA,2009-04-22,70.52,71.22,70.40,70.71,278600,65.68
FXA,2009-04-21,69.95,71.36,69.91,71.26,160400,66.19
FXA,2009-04-20,70.75,70.75,69.69,69.69,444700,64.74
FXA,2009-04-17,72.25,72.35,72.00,72.15,149000,67.02
FXA,2009-04-16,72.50,72.54,71.50,71.97,298200,66.85
FXA,2009-04-15,71.85,72.89,71.74,72.86,149600,67.68
FXA,2009-04-14,72.69,73.07,72.39,72.54,195800,67.38
FXA,2009-04-13,72.66,73.33,72.38,73.17,149900,67.97
FXA,2009-04-09,71.96,72.07,71.57,71.94,153100,66.83
FXA,2009-04-08,71.27,71.34,70.70,70.97,170800,65.92
FXA,2009-04-07,71.39,71.73,71.12,71.14,180400,66.08
FXA,2009-04-06,71.14,71.45,70.82,71.40,171500,66.32
FXA,2009-04-03,71.33,71.72,70.67,71.60,330600,66.51
FXA,2009-04-02,71.52,72.04,71.37,71.62,246500,66.53
FXA,2009-04-01,69.20,69.97,69.15,69.92,155100,64.95
FXA,2009-03-31,69.50,69.83,69.34,69.68,175100,64.61
FXA,2009-03-30,68.13,68.25,67.85,68.06,200800,63.11
FXA,2009-03-27,69.33,69.61,68.80,69.40,213600,64.35
FXA,2009-03-26,70.45,70.50,69.99,70.40,144400,65.28
FXA,2009-03-25,69.95,70.64,69.42,69.90,198000,64.81
FXA,2009-03-24,70.04,70.55,69.58,69.58,169000,64.52
FXA,2009-03-23,69.77,70.62,69.49,70.55,280200,65.42
FXA,2009-03-20,69.01,69.43,68.65,68.72,269700,63.72
FXA,2009-03-19,69.37,69.56,68.63,68.70,641000,63.70
FXA,2009-03-18,66.37,68.14,65.75,68.02,535600,63.07
FXA,2009-03-17,66.13,66.29,65.88,66.29,200300,61.47
FXA,2009-03-16,66.25,66.47,65.92,65.92,277400,61.12
FXA,2009-03-13,66.00,66.12,65.56,65.84,174400,61.05
FXA,2009-03-12,64.77,65.53,64.33,65.50,126800,60.73
FXA,2009-03-11,65.15,65.21,64.69,65.11,117900,60.37
FXA,2009-03-10,64.40,64.93,64.12,64.45,125100,59.76
FXA,2009-03-09,63.32,63.73,63.15,63.20,143800,58.60
FXA,2009-03-06,64.36,64.75,63.75,64.07,160600,59.41
FXA,2009-03-05,64.11,64.49,63.57,63.73,194600,59.09
FXA,2009-03-04,64.36,65.35,64.24,65.07,275100,60.33
FXA,2009-03-03,64.42,64.47,63.76,63.96,173300,59.31
FXA,2009-03-02,63.47,63.58,62.88,62.92,249900,58.34
FXA,2009-02-27,63.94,64.65,63.82,64.08,171600,59.30
FXA,2009-02-26,65.34,65.64,65.02,65.08,106700,60.23
FXA,2009-02-25,65.30,65.30,64.68,64.90,143700,60.06
FXA,2009-02-24,64.46,65.40,64.31,65.23,131200,60.37
FXA,2009-02-23,64.72,64.92,64.23,64.30,81500,59.50
FXA,2009-02-20,63.91,65.13,63.87,64.78,248000,59.95
FXA,2009-02-19,65.24,65.34,64.42,64.42,149500,59.62
FXA,2009-02-18,64.17,64.17,63.59,64.08,123000,59.30
FXA,2009-02-17,64.05,64.15,63.67,63.87,257400,59.11
FXA,2009-02-13,66.05,66.43,65.80,65.93,140600,61.01
FXA,2009-02-12,64.79,65.42,64.45,65.41,182600,60.53
FXA,2009-02-11,65.72,66.04,64.95,65.69,145400,60.79
FXA,2009-02-10,66.98,67.45,64.97,65.22,328400,60.36
FXA,2009-02-09,68.33,68.56,67.72,68.17,121700,63.09
FXA,2009-02-06,66.61,68.08,66.58,67.73,122600,62.68
FXA,2009-02-05,64.90,65.85,64.66,65.51,85500,60.62
FXA,2009-02-04,64.26,65.20,64.14,64.33,151000,59.53
FXA,2009-02-03,64.26,65.46,63.99,65.13,200300,60.27
FXA,2009-02-02,62.82,63.59,62.82,63.23,170600,58.51
FXA,2009-01-30,64.18,64.21,63.71,63.78,216000,58.85
FXA,2009-01-29,66.17,66.19,65.39,65.44,118500,60.39
FXA,2009-01-28,67.07,67.48,66.14,66.62,223600,61.48
FXA,2009-01-27,66.35,66.68,65.90,66.52,156400,61.38
FXA,2009-01-26,66.42,66.49,65.60,66.09,57200,60.99
FXA,2009-01-23,64.76,66.03,64.69,65.74,227200,60.66
FXA,2009-01-22,65.30,66.04,65.03,65.71,164500,60.64
FXA,2009-01-21,65.36,66.49,64.73,66.48,172600,61.35
FXA,2009-01-20,66.32,66.46,64.79,64.86,127000,59.85
FXA,2009-01-16,67.82,67.82,66.56,67.31,96800,62.11
FXA,2009-01-15,66.55,66.89,65.42,66.72,213200,61.57
FXA,2009-01-14,66.50,66.76,65.91,65.97,204900,60.88
FXA,2009-01-13,67.10,67.27,65.89,66.41,208500,61.28
FXA,2009-01-12,68.95,68.95,68.05,68.12,126900,62.86
FXA,2009-01-09,70.85,71.03,70.34,70.52,87500,65.07
FXA,2009-01-08,70.85,71.48,70.74,71.47,98600,65.95
FXA,2009-01-07,72.42,72.42,71.06,71.20,94200,65.70
FXA,2009-01-06,71.59,72.90,71.40,72.59,259500,66.98
FXA,2009-01-05,71.67,71.97,71.38,71.77,139200,66.23
FXA,2009-01-02,70.14,71.27,70.01,71.06,65300,65.57
FXA,2008-12-31,69.22,71.57,69.04,71.34,85300,65.63
FXA,2008-12-30,69.54,69.55,69.28,69.39,42400,63.84
FXA,2008-12-29,69.85,69.87,68.88,69.00,96400,63.48
FXA,2008-12-26,68.65,73.00,68.35,68.80,83200,63.29
FXA,2008-12-24,68.52,68.70,68.36,68.45,42800,62.97
FXA,2008-12-23,68.61,68.66,68.01,68.45,33300,62.97
FXA,2008-12-22,68.83,69.00,68.40,68.68,78800,63.18
FXA,2008-12-19,68.80,69.01,67.87,68.59,167800,63.10
FXA,2008-12-18,70.83,71.07,67.80,68.59,165000,63.10
FXA,2008-12-17,69.48,70.71,69.31,70.50,246400,64.86
FXA,2008-12-16,67.55,70.07,67.16,69.84,133000,64.25
FXA,2008-12-15,67.06,67.53,66.49,67.00,100900,61.64
FXA,2008-12-12,66.11,66.56,65.77,66.18,70100,60.88
FXA,2008-12-11,66.86,68.09,66.73,67.19,164000,61.81
FXA,2008-12-10,65.95,66.38,65.30,65.77,95900,60.51
FXA,2008-12-09,65.52,66.43,65.17,65.77,72400,60.51
FXA,2008-12-08,66.24,66.85,65.96,66.73,72500,61.39
FXA,2008-12-05,63.67,64.87,63.00,64.77,83900,59.59
FXA,2008-12-04,64.61,65.45,64.08,64.21,66000,59.07
FXA,2008-12-03,64.43,64.98,64.04,64.98,37100,59.78
FXA,2008-12-02,64.23,64.65,63.93,64.42,88200,59.27
FXA,2008-12-01,64.28,64.83,63.74,63.88,75800,58.77
FXA,2008-11-28,65.26,65.87,65.26,65.74,62200,60.26
FXA,2008-11-26,65.01,65.85,64.86,65.55,35400,60.09
FXA,2008-11-25,65.98,65.98,64.33,65.56,121100,60.10
FXA,2008-11-24,64.00,65.50,63.95,65.20,88300,59.77
FXA,2008-11-21,62.21,63.28,61.58,63.05,119000,57.80
FXA,2008-11-20,62.89,63.07,60.81,60.94,148300,55.86
FXA,2008-11-19,65.37,65.87,64.00,64.00,60700,58.67
FXA,2008-11-18,64.83,65.80,64.38,65.05,60700,59.63
FXA,2008-11-17,65.16,66.03,65.00,65.23,60100,59.80
FXA,2008-11-14,65.64,66.50,65.25,65.39,30800,59.94
FXA,2008-11-13,64.40,66.59,63.33,66.59,41900,61.04
FXA,2008-11-12,65.55,65.76,63.50,63.62,71800,58.32
FXA,2008-11-11,67.14,67.14,64.81,65.92,74700,60.43
FXA,2008-11-10,69.21,69.44,66.55,67.02,84800,61.44
FXA,2008-11-07,67.22,67.93,67.00,67.72,34600,62.08
FXA,2008-11-06,68.37,68.79,66.63,66.82,99500,61.25
FXA,2008-11-05,69.23,70.11,68.58,68.58,36000,62.87
FXA,2008-11-04,69.00,70.19,68.89,69.93,99700,64.11
FXA,2008-11-03,66.91,68.18,66.80,68.08,55300,62.41
FXA,2008-10-31,66.45,67.15,65.80,66.83,131100,60.95
FXA,2008-10-30,68.09,68.66,66.50,68.43,182800,62.41
FXA,2008-10-29,65.28,68.12,65.03,67.34,185800,61.41
FXA,2008-10-28,63.03,64.39,62.18,64.37,92000,58.70
FXA,2008-10-27,61.37,61.76,60.59,60.65,113700,55.31
FXA,2008-10-24,61.51,62.87,61.31,62.36,127700,56.87
FXA,2008-10-23,65.91,67.12,65.30,66.70,158700,60.83
FXA,2008-10-22,67.66,67.76,66.78,66.85,75700,60.97
FXA,2008-10-21,68.45,69.09,67.57,67.66,80900,61.70
FXA,2008-10-20,69.31,70.52,69.10,70.52,66500,64.31
FXA,2008-10-17,68.79,69.97,68.45,68.85,65200,62.79
FXA,2008-10-16,67.59,69.08,66.10,69.08,81600,63.00
FXA,2008-10-15,69.27,69.54,66.53,66.53,89600,60.67
FXA,2008-10-14,72.02,72.24,69.50,70.27,98800,64.08
FXA,2008-10-13,67.47,69.79,66.87,69.72,428000,63.58
FXA,2008-10-10,66.10,67.25,63.14,64.71,388200,59.01
FXA,2008-10-09,71.14,71.50,68.20,68.58,215700,62.54
FXA,2008-10-08,66.37,68.21,65.86,67.37,449000,61.44
FXA,2008-10-07,72.64,73.15,70.61,70.61,108500,64.39
FXA,2008-10-06,74.26,74.28,69.78,71.85,271800,65.53
FXA,2008-10-03,77.19,78.07,77.15,77.32,77500,70.51
FXA,2008-10-02,78.24,78.24,77.01,77.03,322700,70.25
FXA,2008-10-01,79.00,79.43,78.74,78.90,67200,71.96
FXA,2008-09-30,80.83,80.85,79.20,79.41,105100,72.06
FXA,2008-09-29,81.77,82.08,80.27,80.39,165300,72.95
FXA,2008-09-26,83.44,83.90,83.19,83.61,85200,75.87
FXA,2008-09-25,84.50,84.62,83.77,84.10,94000,76.32
FXA,2008-09-24,84.74,84.74,83.71,83.99,143800,76.22
FXA,2008-09-23,84.70,85.07,83.30,84.25,281500,76.45
FXA,2008-09-22,84.31,85.79,84.19,85.42,467900,77.52
FXA,2008-09-19,82.52,83.89,80.54,83.89,148700,76.13
FXA,2008-09-18,80.67,81.03,79.78,80.29,248100,72.86
FXA,2008-09-17,79.19,80.52,78.24,79.74,162400,72.36
FXA,2008-09-16,79.30,80.25,79.01,80.07,101400,72.66
FXA,2008-09-15,81.25,81.42,80.62,81.09,161200,73.59
FXA,2008-09-12,81.13,82.52,81.00,82.45,135800,74.82
FXA,2008-09-11,79.63,80.26,79.30,80.26,157000,72.83
FXA,2008-09-10,81.15,81.23,80.37,80.37,256200,72.93
FXA,2008-09-09,80.97,81.40,80.20,80.20,408200,72.78
FXA,2008-09-08,82.39,82.43,80.95,81.82,404600,74.25
FXA,2008-09-05,81.23,81.54,80.78,81.37,355000,73.84
FXA,2008-09-04,83.82,83.82,82.35,82.47,234900,74.84
FXA,2008-09-03,83.81,84.07,83.17,83.61,147900,75.87
FXA,2008-09-02,83.34,83.92,83.16,83.84,185000,76.08
FXA,2008-08-29,86.59,86.59,86.11,86.34,38500,78.35
FXA,2008-08-28,87.34,87.36,86.48,86.62,100700,78.60
FXA,2008-08-27,86.66,86.69,85.84,86.23,102000,78.25
FXA,2008-08-26,85.95,86.13,85.65,85.89,182000,77.94
FXA,2008-08-25,87.15,87.22,86.66,86.69,129100,78.67
FXA,2008-08-22,87.40,87.41,86.86,87.03,118300,78.98
FXA,2008-08-21,87.76,88.32,87.73,88.30,230700,80.13
FXA,2008-08-20,87.57,87.72,87.22,87.61,179900,79.50
FXA,2008-08-19,86.87,87.57,86.84,87.45,95500,79.36
FXA,2008-08-18,87.50,87.68,86.97,86.99,108400,78.94
FXA,2008-08-15,86.84,87.11,86.46,86.75,160700,78.72
FXA,2008-08-14,87.67,87.75,87.07,87.28,119900,79.20
FXA,2008-08-13,86.99,87.90,86.63,87.83,260900,79.70
FXA,2008-08-12,87.95,88.00,87.59,87.63,184200,79.52
FXA,2008-08-11,89.20,89.20,87.86,88.38,440300,80.20
FXA,2008-08-08,89.20,89.50,88.80,89.07,554300,80.83
FXA,2008-08-07,90.97,91.08,90.68,90.70,312700,82.31
FXA,2008-08-06,91.12,91.19,90.73,90.98,239900,82.56
FXA,2008-08-05,91.75,91.90,91.40,91.64,635600,83.16
FXA,2008-08-04,93.28,93.52,92.96,92.98,854800,84.38
FXA,2008-08-01,93.36,93.46,92.93,92.94,271000,84.34
FXA,2008-07-31,95.11,95.17,94.55,94.69,166100,85.47
FXA,2008-07-30,94.94,95.11,94.66,94.84,222600,85.60
FXA,2008-07-29,95.87,95.87,95.51,95.72,139900,86.40
FXA,2008-07-28,96.23,96.31,96.13,96.18,88800,86.81
FXA,2008-07-25,96.08,96.27,95.97,96.09,64900,86.73
FXA,2008-07-24,96.41,96.65,95.85,96.40,146000,87.01
FXA,2008-07-23,96.96,96.99,96.40,96.63,227600,87.22
FXA,2008-07-22,97.96,97.97,97.33,97.52,184700,88.02
FXA,2008-07-21,98.00,98.08,97.85,98.08,141400,88.53
FXA,2008-07-18,97.70,97.75,97.40,97.45,63500,87.96
FXA,2008-07-17,97.97,98.13,97.18,97.31,154400,87.83
FXA,2008-07-16,98.12,98.18,97.63,97.68,290400,88.17
FXA,2008-07-15,98.53,98.84,98.10,98.22,319300,88.65
FXA,2008-07-14,97.42,97.67,97.31,97.55,215800,88.05
FXA,2008-07-11,97.16,97.47,96.74,96.91,230700,87.47
FXA,2008-07-10,96.34,96.67,96.28,96.45,83000,87.06
FXA,2008-07-09,95.61,96.13,95.60,95.81,83000,86.48
FXA,2008-07-08,95.27,95.61,95.27,95.60,71700,86.29
FXA,2008-07-07,95.45,95.84,95.36,95.67,81800,86.35
FXA,2008-07-03,96.19,96.32,96.03,96.07,67800,86.71
FXA,2008-07-02,96.45,96.60,96.34,96.39,112300,87.00
FXA,2008-07-01,95.46,95.67,95.25,95.43,393900,86.14
FXA,2008-06-30,96.73,96.79,96.13,96.47,152400,87.07
FXA,2008-06-27,96.52,96.84,96.46,96.61,90100,87.20
FXA,2008-06-26,96.50,96.50,96.04,96.17,106900,86.80
FXA,2008-06-25,96.18,96.50,95.80,96.36,130300,86.98
FXA,2008-06-24,95.87,96.33,95.84,95.94,96600,86.60
FXA,2008-06-23,95.67,95.68,95.38,95.59,47300,86.28
FXA,2008-06-20,95.80,96.07,95.72,95.81,77800,86.48
FXA,2008-06-19,95.18,95.58,95.10,95.57,57400,86.26
FXA,2008-06-18,94.55,95.10,94.49,95.05,44300,85.79
FXA,2008-06-17,94.38,94.84,94.21,94.72,49600,85.49
FXA,2008-06-16,94.46,94.49,94.14,94.39,51500,85.20
FXA,2008-06-13,93.84,94.27,93.84,94.21,66200,85.03
FXA,2008-06-12,93.89,93.89,93.56,93.70,226100,84.57
FXA,2008-06-11,94.98,95.47,94.86,95.47,104300,86.17
FXA,2008-06-10,94.91,95.28,94.64,94.90,179900,85.66
FXA,2008-06-09,96.03,96.03,95.03,95.15,130600,85.88
FXA,2008-06-06,96.35,96.59,96.13,96.50,104600,87.10
FXA,2008-06-05,95.50,96.08,95.50,96.06,100200,86.70
FXA,2008-06-04,96.13,96.41,95.80,95.84,66800,86.51
FXA,2008-06-03,95.43,95.64,95.22,95.26,193900,85.98
FXA,2008-06-02,95.67,95.75,95.44,95.54,309300,86.23
FXA,2008-05-30,95.95,96.25,95.80,96.21,75800,86.84
FXA,2008-05-29,96.31,96.33,95.92,96.20,91900,86.83
FXA,2008-05-28,96.41,96.81,96.38,96.80,79000,87.37
FXA,2008-05-27,96.60,96.63,96.30,96.39,103300,87.00
FXA,2008-05-23,96.75,96.78,96.46,96.52,83700,87.12
FXA,2008-05-22,96.32,96.40,95.90,95.98,77300,86.63
FXA,2008-05-21,96.71,96.92,96.60,96.69,111200,87.27
FXA,2008-05-20,96.29,96.56,96.07,96.23,164800,86.86
FXA,2008-05-19,95.73,95.80,95.51,95.68,93300,86.36
FXA,2008-05-16,95.20,95.91,95.20,95.88,360500,86.54
FXA,2008-05-15,94.07,94.62,94.04,94.62,181200,85.40
FXA,2008-05-14,93.81,93.92,93.64,93.86,103800,84.72
FXA,2008-05-13,94.49,94.67,94.11,94.45,34500,85.25
FXA,2008-05-12,94.44,95.01,94.39,94.95,142400,85.70
FXA,2008-05-09,94.42,94.59,94.29,94.54,165600,85.33
FXA,2008-05-08,94.49,94.82,94.30,94.62,118800,85.40
FXA,2008-05-07,94.82,94.82,94.36,94.40,50800,85.21
FXA,2008-05-06,94.83,95.25,94.68,95.25,101500,85.97
FXA,2008-05-05,94.61,94.92,94.29,94.92,62500,85.68
FXA,2008-05-02,93.50,94.02,93.45,93.84,89300,84.70
FXA,2008-05-01,93.52,93.74,93.15,93.49,490300,84.38
FXA,2008-04-30,94.36,95.16,94.34,94.80,138300,85.57
FXA,2008-04-29,93.56,93.97,93.38,93.79,63800,84.66
FXA,2008-04-28,94.04,94.41,93.97,94.31,122500,85.12
FXA,2008-04-25,93.67,93.90,93.49,93.50,88100,84.39
FXA,2008-04-24,94.57,94.70,94.11,94.37,124100,85.18
FXA,2008-04-23,95.14,95.32,94.92,95.30,69700,86.02
FXA,2008-04-22,94.74,95.01,94.44,94.71,73600,85.49
FXA,2008-04-21,94.57,94.62,94.36,94.50,87900,85.30
FXA,2008-04-18,93.49,93.67,93.00,93.65,72600,84.53
FXA,2008-04-17,93.97,94.01,93.68,93.85,41600,84.71
FXA,2008-04-16,94.00,94.25,93.88,94.22,105700,85.04
FXA,2008-04-15,92.57,92.71,92.56,92.62,55700,83.60
FXA,2008-04-14,92.70,92.82,92.37,92.71,167000,83.68
FXA,2008-04-11,93.12,93.35,92.96,93.12,45100,84.05
FXA,2008-04-10,93.53,93.57,93.24,93.39,74500,84.29
FXA,2008-04-09,93.06,93.24,92.88,93.02,72500,83.96
FXA,2008-04-08,92.73,93.17,92.66,93.09,37200,84.02
FXA,2008-04-07,92.62,92.91,92.55,92.75,201100,83.72
FXA,2008-04-04,91.89,92.32,91.85,92.27,177700,83.28
FXA,2008-04-03,91.08,91.77,91.08,91.50,60700,82.59
FXA,2008-04-02,90.87,91.52,90.82,91.48,56000,82.57
FXA,2008-04-01,91.24,91.40,88.69,90.58,231000,81.76
FXA,2008-03-31,91.72,92.01,91.59,91.87,62500,82.92
FXA,2008-03-28,92.43,92.43,91.97,92.20,40400,83.22
FXA,2008-03-27,93.00,93.00,92.16,92.30,35700,83.31
FXA,2008-03-26,92.55,92.61,91.97,92.30,91600,83.31
FXA,2008-03-25,91.40,92.05,91.38,91.98,60000,83.02
FXA,2008-03-24,90.60,91.05,90.43,90.91,157400,82.06
FXA,2008-03-20,90.79,90.81,89.71,90.07,442900,81.30
FXA,2008-03-19,93.41,93.53,91.74,91.80,315600,82.86
FXA,2008-03-18,93.11,93.35,92.65,92.99,224300,83.93
FXA,2008-03-17,92.28,92.53,91.50,91.98,463400,83.02
FXA,2008-03-14,94.51,95.00,93.87,94.18,366700,85.01
FXA,2008-03-13,94.19,94.92,94.14,94.88,263700,85.64
FXA,2008-03-12,93.23,93.93,93.15,93.65,131500,84.53
FXA,2008-03-11,92.54,92.99,92.46,92.86,124500,83.82
FXA,2008-03-10,92.36,92.48,91.79,91.83,299500,82.89
FXA,2008-03-07,93.17,93.38,92.69,92.99,167000,83.93
FXA,2008-03-06,93.79,93.81,92.52,92.54,229200,83.53
FXA,2008-03-05,92.99,93.57,92.70,93.38,75100,84.29
FXA,2008-03-04,93.49,93.68,92.26,92.72,197100,83.69
FXA,2008-03-03,93.93,94.37,93.80,94.14,458500,84.97
FXA,2008-02-29,94.43,94.49,93.65,93.76,185400,84.63
FXA,2008-02-28,94.98,95.59,94.73,95.50,140600,86.20
FXA,2008-02-27,94.52,94.86,94.30,94.84,208300,85.60
FXA,2008-02-26,93.34,93.89,93.16,93.78,322700,84.65
FXA,2008-02-25,93.20,93.20,92.67,93.12,139900,84.05
FXA,2008-02-22,92.78,92.79,92.19,92.77,87500,83.73
FXA,2008-02-21,92.25,92.56,92.17,92.30,56400,83.31
FXA,2008-02-20,91.87,92.31,91.70,92.21,64600,83.23
FXA,2008-02-19,92.38,92.65,92.27,92.34,84800,83.35
FXA,2008-02-15,91.15,91.24,90.83,91.19,45500,82.31
FXA,2008-02-14,90.55,90.80,90.49,90.60,57700,81.78
FXA,2008-02-13,89.90,89.93,89.59,89.90,55500,81.14
FXA,2008-02-12,91.01,91.06,90.50,90.55,107200,81.73
FXA,2008-02-11,90.50,90.75,90.42,90.63,59500,81.80
FXA,2008-02-08,89.46,90.05,89.34,89.73,45000,80.99
FXA,2008-02-07,89.34,89.90,89.34,89.41,33800,80.70
FXA,2008-02-06,90.07,90.19,89.61,89.74,38600,81.00
FXA,2008-02-05,90.05,90.15,89.55,89.67,132900,80.94
FXA,2008-02-04,91.09,91.16,90.87,91.05,39700,82.18
FXA,2008-02-01,90.01,90.57,89.91,90.56,51200,81.74
FXA,2008-01-31,89.38,90.38,89.26,90.19,127800,81.41
FXA,2008-01-30,89.42,90.68,89.37,90.10,37700,81.32
FXA,2008-01-29,89.25,89.47,89.10,89.36,27700,80.66
FXA,2008-01-28,88.77,89.45,88.50,89.45,35700,80.74
FXA,2008-01-25,88.90,88.90,88.20,88.43,32900,79.82
FXA,2008-01-24,88.17,88.59,87.99,88.57,47900,79.94
FXA,2008-01-23,86.58,87.74,86.58,87.74,54300,79.19
FXA,2008-01-22,87.00,87.49,86.63,87.27,70700,78.77
FXA,2008-01-18,88.45,88.75,87.84,88.25,90200,79.65
FXA,2008-01-17,88.91,89.14,88.00,88.07,120100,79.49
FXA,2008-01-16,88.64,88.75,87.81,88.13,72300,79.55
FXA,2008-01-15,90.39,90.39,88.72,88.85,138100,80.20
FXA,2008-01-14,90.25,90.30,89.76,90.22,174000,81.43
FXA,2008-01-11,89.77,89.77,89.29,89.35,41200,80.65
FXA,2008-01-10,88.71,89.95,88.55,89.80,89300,81.05
FXA,2008-01-09,88.52,88.65,88.11,88.50,27400,79.88
FXA,2008-01-08,88.08,88.58,88.07,88.14,37200,79.56
FXA,2008-01-07,87.30,87.42,87.05,87.19,51700,78.70
FXA,2008-01-04,88.11,88.11,87.18,87.18,101800,78.69
FXA,2008-01-03,88.40,88.49,88.05,88.11,19000,79.53
FXA,2008-01-02,88.13,88.45,87.92,88.39,69300,79.78
FXA,2007-12-31,88.38,88.43,88.03,88.03,31900,79.46
FXA,2007-12-28,88.19,88.32,87.76,87.99,38300,79.42
FXA,2007-12-27,88.00,88.36,87.82,88.21,38100,79.62
FXA,2007-12-26,87.66,87.91,87.66,87.89,40200,79.33
FXA,2007-12-24,87.24,87.49,87.24,87.45,34800,78.93
FXA,2007-12-21,86.89,87.29,86.73,87.01,153500,78.54
FXA,2007-12-20,86.09,86.27,86.01,86.16,27100,77.77
FXA,2007-12-19,86.26,86.37,85.88,86.15,78000,77.76
FXA,2007-12-18,86.60,86.60,85.75,86.18,40100,77.79
FXA,2007-12-17,86.00,86.11,85.80,85.84,53200,77.48
FXA,2007-12-14,86.58,86.66,86.26,86.33,76300,77.92
FXA,2007-12-13,88.20,88.23,87.53,87.83,37200,79.28
FXA,2007-12-12,89.06,89.18,88.17,88.41,103200,79.80
FXA,2007-12-11,88.80,89.01,87.26,87.45,170800,78.93
FXA,2007-12-10,88.02,88.65,87.97,88.62,93000,79.99
FXA,2007-12-07,88.18,88.24,87.54,87.77,46300,79.22
FXA,2007-12-06,87.24,87.90,87.21,87.90,195400,79.34
FXA,2007-12-05,87.09,87.39,86.97,87.08,58500,78.60
FXA,2007-12-04,87.51,87.59,87.14,87.38,67700,78.87
FXA,2007-12-03,88.23,88.40,88.05,88.09,55500,79.51
FXA,2007-11-30,89.05,89.35,88.55,88.76,61500,79.75
FXA,2007-11-29,88.40,88.87,88.20,88.67,43300,79.67
FXA,2007-11-28,88.50,89.60,88.46,89.40,114400,80.32
FXA,2007-11-27,87.77,88.22,87.12,88.22,74600,79.26
FXA,2007-11-26,88.51,88.51,87.12,87.25,95300,78.39
FXA,2007-11-23,87.39,88.10,87.21,87.89,62500,78.97
FXA,2007-11-21,87.79,87.81,87.20,87.35,175500,78.48
FXA,2007-11-20,89.30,89.54,88.74,89.45,154500,80.37
FXA,2007-11-19,89.32,89.32,88.62,88.83,250000,79.81
FXA,2007-11-16,88.69,89.75,88.69,89.32,44900,80.25
FXA,2007-11-15,89.50,89.71,88.76,88.93,119600,79.90
FXA,2007-11-14,90.11,90.59,89.74,89.94,83400,80.81
FXA,2007-11-13,88.71,89.93,88.71,89.84,102500,80.72
FXA,2007-11-12,88.79,90.65,85.00,88.22,319700,79.26
FXA,2007-11-09,92.95,92.95,91.26,91.48,157500,82.19
FXA,2007-11-08,93.63,93.63,92.42,92.99,173200,83.55
FXA,2007-11-07,94.04,94.33,93.04,93.19,247800,83.73
FXA,2007-11-06,93.27,93.27,92.68,93.04,104500,83.59
FXA,2007-11-05,92.37,92.54,91.94,92.34,79000,82.96
FXA,2007-11-02,91.95,92.74,91.69,92.74,60500,83.32
FXA,2007-11-01,93.40,93.40,91.10,91.51,187500,82.22
FXA,2007-10-31,93.36,94.25,92.73,93.21,105500,83.34
FXA,2007-10-30,94.65,95.00,92.25,92.53,71300,82.73
FXA,2007-10-29,92.60,92.84,92.13,92.67,107300,82.86
FXA,2007-10-26,92.03,92.40,92.03,92.40,101900,82.62
FXA,2007-10-25,91.02,91.41,91.00,91.39,47800,81.71
FXA,2007-10-24,90.43,90.64,89.96,90.64,55100,81.04
FXA,2007-10-23,90.07,90.25,89.49,90.18,40600,80.63
FXA,2007-10-22,88.25,88.88,88.07,88.75,70000,79.35
FXA,2007-10-19,90.06,90.62,89.40,89.60,62800,80.11
FXA,2007-10-18,90.11,90.20,89.62,90.00,63500,80.47
FXA,2007-10-17,89.77,90.12,88.79,89.22,57800,79.77
FXA,2007-10-16,89.17,89.55,88.53,89.36,183300,79.90
FXA,2007-10-15,90.88,91.37,89.92,90.20,127800,80.65
FXA,2007-10-12,88.50,90.80,88.50,90.80,43800,81.19
FXA,2007-10-11,90.59,90.98,90.20,90.38,78900,80.81
FXA,2007-10-10,90.15,90.27,89.71,90.11,56600,80.57
FXA,2007-10-09,89.58,90.17,89.58,90.17,50000,80.62
FXA,2007-10-08,89.93,89.93,89.39,89.43,55500,79.96
FXA,2007-10-05,89.58,90.19,89.58,89.89,93900,80.37
FXA,2007-10-04,88.62,89.13,88.59,88.92,58000,79.51
FXA,2007-10-03,89.04,89.22,88.28,88.34,66800,78.99
FXA,2007-10-02,88.75,88.84,88.21,88.58,70700,79.20
FXA,2007-10-01,89.16,89.59,89.00,89.54,48200,80.06
FXA,2007-09-28,88.71,89.31,88.60,89.19,70200,79.75
FXA,2007-09-27,88.57,88.62,88.16,88.18,65500,78.84
FXA,2007-09-26,87.84,88.46,87.79,88.06,54500,78.74
FXA,2007-09-25,86.86,87.72,86.85,87.61,56300,78.33
FXA,2007-09-24,87.12,87.23,86.90,87.15,70300,77.92
FXA,2007-09-21,86.84,87.01,86.75,86.80,127900,77.61
FXA,2007-09-20,86.70,86.90,86.43,86.43,201300,77.28
FXA,2007-09-19,85.58,86.04,85.54,85.92,208500,76.82
FXA,2007-09-18,83.68,85.53,83.62,85.35,77000,76.31
FXA,2007-09-17,84.30,84.30,83.38,83.47,73500,74.63
FXA,2007-09-14,84.15,84.56,84.12,84.53,21900,75.58
FXA,2007-09-13,84.05,84.40,83.90,84.26,42900,75.34
FXA,2007-09-12,83.81,84.57,83.81,84.50,50600,75.55
FXA,2007-09-11,83.06,83.64,82.93,83.64,33800,74.78
FXA,2007-09-10,82.84,82.86,82.35,82.71,49700,73.95
FXA,2007-09-07,83.17,83.17,82.43,82.81,26000,74.04
FXA,2007-09-06,82.62,82.96,82.49,82.96,44400,74.18
FXA,2007-09-05,82.04,82.64,81.92,82.29,39000,73.58
FXA,2007-09-04,82.54,83.23,81.69,82.40,49300,73.68
FXA,2007-08-31,82.36,82.36,81.51,82.18,25900,73.14
FXA,2007-08-30,81.85,82.44,81.78,81.85,21100,72.85
FXA,2007-08-29,82.11,82.67,81.62,82.67,46900,73.58
FXA,2007-08-28,82.68,82.69,81.95,81.98,57200,72.97
FXA,2007-08-27,83.39,83.42,83.13,83.27,38000,74.11
FXA,2007-08-24,82.56,82.98,82.41,82.96,37500,73.84
FXA,2007-08-23,82.18,82.28,81.58,82.24,115700,73.20
FXA,2007-08-22,80.81,80.94,80.41,80.86,51300,71.97
FXA,2007-08-21,80.23,80.64,80.02,80.37,56900,71.53
FXA,2007-08-20,80.60,81.15,79.99,80.93,89300,72.03
FXA,2007-08-17,79.80,80.13,78.79,79.96,124900,71.17
FXA,2007-08-16,79.09,79.31,78.39,79.09,387800,70.39
FXA,2007-08-15,82.40,82.77,82.17,82.22,78700,73.18
FXA,2007-08-14,84.02,84.06,83.40,83.60,82000,74.41
FXA,2007-08-13,84.53,84.53,84.23,84.40,46800,75.12
FXA,2007-08-10,84.52,85.06,84.37,84.58,85600,75.28
FXA,2007-08-09,85.09,85.60,85.06,85.18,92700,75.81
FXA,2007-08-08,86.33,86.47,86.22,86.33,68500,76.84
FXA,2007-08-07,85.44,85.78,85.27,85.75,65800,76.32
FXA,2007-08-06,85.66,85.91,85.50,85.89,77300,76.45
FXA,2007-08-03,85.93,86.00,85.56,85.56,55900,76.15
FXA,2007-08-02,85.90,86.00,85.48,85.71,27400,76.29
FXA,2007-08-01,85.34,85.34,84.60,85.26,26300,75.88
FXA,2007-07-31,86.40,86.40,85.64,85.64,23000,75.88
FXA,2007-07-30,85.70,85.87,85.26,85.84,91400,76.05
FXA,2007-07-27,86.42,86.42,85.61,85.62,177300,75.86
FXA,2007-07-26,88.09,88.24,87.41,87.57,109200,77.59
FXA,2007-07-25,88.87,88.87,88.52,88.64,19600,78.53
FXA,2007-07-24,88.95,88.95,88.38,88.41,35900,78.33
FXA,2007-07-23,88.63,88.70,88.54,88.57,20600,78.47
FXA,2007-07-20,88.29,88.59,87.84,88.20,40300,78.14
FXA,2007-07-19,88.12,88.38,88.12,88.19,68900,78.13
FXA,2007-07-18,88.05,88.19,87.94,87.94,17000,77.91
FXA,2007-07-17,87.60,87.64,87.45,87.52,26200,77.54
FXA,2007-07-16,87.62,87.66,87.39,87.45,36100,77.48
FXA,2007-07-13,87.05,87.21,87.04,87.16,30900,77.22
FXA,2007-07-12,86.58,86.82,86.57,86.74,21700,76.85
FXA,2007-07-11,86.53,86.63,86.29,86.34,29300,76.50
FXA,2007-07-10,86.21,86.56,86.21,86.32,16900,76.48
FXA,2007-07-09,86.12,86.23,86.10,86.16,23800,76.34
FXA,2007-07-06,85.92,86.02,85.81,85.95,21300,76.15
FXA,2007-07-05,85.88,85.89,85.68,85.75,13700,75.97
FXA,2007-07-03,85.62,85.70,85.51,85.62,8000,75.86
FXA,2007-07-02,85.82,86.20,85.76,86.08,44400,76.27
FXA,2007-06-29,85.52,85.55,85.22,85.35,56900,75.28
FXA,2007-06-28,85.03,85.10,84.90,85.00,17400,74.98
FXA,2007-06-27,84.43,84.43,83.96,84.20,22200,74.27
FXA,2007-06-26,85.32,85.40,84.97,84.97,18100,74.95
FXA,2007-06-25,85.25,85.29,85.03,85.03,9400,75.00
FXA,2007-06-22,85.29,85.31,84.92,85.04,102200,75.01
FXA,2007-06-21,85.02,85.11,84.94,85.05,10100,75.02
FXA,2007-06-20,84.89,85.00,84.80,84.80,21300,74.80
FXA,2007-06-19,84.67,84.99,84.67,84.99,7800,74.97
FXA,2007-06-18,84.45,84.67,84.27,84.64,18100,74.66
FXA,2007-06-15,84.22,84.41,84.10,84.39,15800,74.44
FXA,2007-06-14,83.79,83.90,83.64,83.80,29000,73.92
FXA,2007-06-13,84.19,84.37,84.10,84.26,15800,74.32
FXA,2007-06-12,84.38,84.66,84.30,84.37,22600,74.42
FXA,2007-06-11,84.33,84.58,84.30,84.58,10400,74.61
FXA,2007-06-08,84.48,84.58,84.26,84.49,18000,74.53
FXA,2007-06-07,84.63,84.82,84.23,84.35,27500,74.40
FXA,2007-06-06,84.38,84.55,84.14,84.21,41100,74.28
FXA,2007-06-05,83.80,83.90,83.70,83.88,18800,73.99
FXA,2007-06-04,83.46,83.55,83.39,83.55,13100,73.70
FXA,2007-06-01,83.09,83.45,83.02,83.33,22000,73.50
FXA,2007-05-31,83.24,83.29,83.06,83.22,15200,73.07
FXA,2007-05-30,82.45,82.69,82.45,82.67,19700,72.59
FXA,2007-05-29,82.35,82.51,82.15,82.20,64500,72.18
FXA,2007-05-25,82.40,82.60,82.23,82.24,14400,72.21
FXA,2007-05-24,81.55,82.79,80.77,82.21,87800,72.19
FXA,2007-05-23,82.88,83.01,82.70,82.77,12500,72.68
FXA,2007-05-22,82.49,82.52,82.29,82.29,15900,72.26
FXA,2007-05-21,82.17,82.58,82.10,82.54,31500,72.48
FXA,2007-05-18,82.48,82.91,82.47,82.71,14100,72.63
FXA,2007-05-17,82.38,82.69,82.27,82.68,58100,72.60
FXA,2007-05-16,82.98,83.05,82.63,82.67,25600,72.59
FXA,2007-05-15,83.28,83.75,83.27,83.55,11200,73.36
FXA,2007-05-14,83.53,83.60,83.43,83.49,8700,73.31
FXA,2007-05-11,83.42,83.50,83.34,83.34,7600,73.18
FXA,2007-05-10,83.38,83.51,83.03,83.09,16300,72.96
FXA,2007-05-09,83.20,83.25,82.35,83.02,23300,72.90
FXA,2007-05-08,83.03,84.60,82.89,83.03,7400,72.91
FXA,2007-05-07,82.75,82.78,82.61,82.67,10600,72.59
FXA,2007-05-04,82.25,82.28,82.12,82.22,15000,72.20
FXA,2007-05-03,82.40,82.50,82.29,82.44,8400,72.39
FXA,2007-05-02,82.61,82.71,82.30,82.55,15400,72.49
FXA,2007-05-01,83.35,83.35,82.85,82.90,24500,72.79
FXA,2007-04-30,83.39,83.75,83.35,83.43,13000,73.26
FXA,2007-04-27,83.70,83.79,83.33,83.39,11400,73.22
FXA,2007-04-26,83.11,83.11,82.93,82.96,13700,72.85
FXA,2007-04-25,83.69,83.79,83.65,83.71,5800,73.50
FXA,2007-04-24,82.99,83.21,82.70,83.04,12900,72.92
FXA,2007-04-23,83.54,83.82,83.54,83.58,16300,73.39
FXA,2007-04-20,83.87,84.13,83.84,84.11,10000,73.85
FXA,2007-04-19,83.74,83.90,83.72,83.74,5800,73.53
FXA,2007-04-18,83.76,84.05,83.76,84.05,27100,73.80
FXA,2007-04-17,83.98,84.08,83.86,83.95,19000,73.71
FXA,2007-04-16,83.62,83.67,83.39,83.50,7900,73.32
FXA,2007-04-13,83.37,83.61,83.34,83.57,8600,73.38
FXA,2007-04-12,82.82,83.20,82.77,83.15,14200,73.01
FXA,2007-04-11,82.72,83.22,82.66,82.66,10600,72.58
FXA,2007-04-10,82.46,83.29,82.46,82.83,20000,72.73
FXA,2007-04-09,81.75,81.85,81.75,81.85,4600,71.87
FXA,2007-04-05,81.96,82.23,81.96,82.19,7400,72.17
FXA,2007-04-04,81.52,82.12,81.50,81.94,15700,71.95
FXA,2007-04-03,81.50,81.57,81.00,81.43,4400,71.50
FXA,2007-04-02,81.90,81.90,81.70,81.75,25500,71.78
FXA,2007-03-30,81.14,81.71,81.14,81.30,6100,71.39
FXA,2007-03-29,81.20,81.30,81.08,81.08,4900,71.19
FXA,2007-03-28,80.98,81.09,80.94,80.94,6700,71.07
FXA,2007-03-27,81.20,81.30,81.18,81.18,5800,71.28
FXA,2007-03-26,81.18,81.80,81.18,81.37,21100,71.45
FXA,2007-03-23,80.93,81.09,80.79,80.89,6400,71.03
FXA,2007-03-22,81.05,81.21,80.90,81.00,19200,71.12
FXA,2007-03-21,80.40,81.13,80.34,81.10,10600,71.21
FXA,2007-03-20,80.21,80.68,80.21,80.64,11500,70.81
FXA,2007-03-19,80.21,80.38,79.99,80.21,16500,70.43
FXA,2007-03-16,79.90,80.00,79.73,79.80,3200,70.07
FXA,2007-03-15,78.93,79.22,78.93,79.22,2800,69.56
FXA,2007-03-14,78.50,78.89,78.50,78.72,5300,69.12
FXA,2007-03-13,78.63,79.04,78.52,78.52,40100,68.95
FXA,2007-03-12,78.27,78.83,78.25,78.83,9500,69.22
FXA,2007-03-09,78.05,78.20,78.05,78.16,1800,68.63
FXA,2007-03-08,77.93,77.93,77.63,77.86,13900,68.37
FXA,2007-03-07,77.90,78.04,77.67,77.93,9700,68.43
FXA,2007-03-06,77.34,77.55,77.32,77.34,22800,67.91
FXA,2007-03-05,77.31,77.57,77.14,77.18,65900,67.77
FXA,2007-03-02,78.32,78.39,78.16,78.17,54700,68.64
FXA,2007-03-01,78.73,78.73,78.48,78.55,5100,68.97
FXA,2007-02-28,79.25,79.31,79.10,79.19,9900,69.25
FXA,2007-02-27,79.56,79.70,79.25,79.25,9700,69.30
FXA,2007-02-26,79.69,79.75,79.55,79.72,17300,69.71
FXA,2007-02-23,79.33,79.54,79.33,79.52,23800,69.54
FXA,2007-02-22,79.28,79.30,79.17,79.17,21700,69.23
FXA,2007-02-21,79.18,79.40,79.18,79.39,6700,69.42
FXA,2007-02-20,78.85,78.92,78.77,78.87,5100,68.97
FXA,2007-02-16,78.73,78.96,78.69,78.95,6000,69.04
FXA,2007-02-15,78.84,78.84,78.63,78.68,3100,68.80
FXA,2007-02-14,78.46,78.70,78.46,78.61,7000,68.74
FXA,2007-02-13,77.87,78.12,77.82,78.12,1800,68.31
FXA,2007-02-12,77.40,77.44,77.29,77.29,7900,67.59
FXA,2007-02-09,77.75,77.88,77.75,77.85,4900,68.08
FXA,2007-02-08,78.17,78.35,78.17,78.33,4700,68.50
FXA,2007-02-07,77.94,77.99,77.94,77.94,8200,68.15
FXA,2007-02-06,77.81,77.91,77.74,77.87,3600,68.09
FXA,2007-02-05,77.57,77.78,77.57,77.65,26600,67.90
FXA,2007-02-02,77.29,77.50,77.18,77.50,4700,67.77
FXA,2007-02-01,77.63,77.63,77.44,77.44,1900,67.72
FXA,2007-01-31,77.59,78.03,77.59,77.98,8200,67.88
FXA,2007-01-30,77.62,77.67,77.44,77.67,8800,67.61
FXA,2007-01-29,77.55,77.66,77.48,77.61,7300,67.56
FXA,2007-01-26,77.56,77.71,77.56,77.71,8300,67.64
FXA,2007-01-25,78.23,78.23,77.68,77.68,20100,67.62
FXA,2007-01-24,78.43,79.01,78.36,78.52,32600,68.35
FXA,2007-01-23,79.55,79.62,79.04,79.55,29600,69.24
FXA,2007-01-22,79.25,79.25,79.04,79.04,14100,68.80
FXA,2007-01-19,79.03,79.25,78.98,79.25,2000,68.98
FXA,2007-01-18,79.13,79.14,79.02,79.14,8600,68.89
FXA,2007-01-17,78.93,78.95,78.87,78.93,5800,68.71
FXA,2007-01-16,78.62,78.62,78.42,78.55,4800,68.37
FXA,2007-01-12,78.36,78.58,78.36,78.51,3800,68.34
FXA,2007-01-11,78.52,78.52,78.29,78.29,2900,68.15
FXA,2007-01-10,77.90,77.94,77.80,77.83,5100,67.75
FXA,2007-01-09,78.10,78.27,78.10,78.23,7400,68.10
FXA,2007-01-08,78.22,78.36,78.12,78.12,5500,68.00
FXA,2007-01-05,78.32,78.32,77.97,78.02,10200,67.91
FXA,2007-01-04,78.53,78.80,78.53,78.58,6100,68.40
FXA,2007-01-03,79.55,79.68,79.13,79.21,9800,68.95
FXA,2006-12-29,79.32,79.92,79.22,79.41,4700,68.81
FXA,2006-12-28,79.50,79.55,79.18,79.45,15600,68.84
FXA,2006-12-27,78.90,78.90,78.82,78.82,400,68.29
FXA,2006-12-26,78.73,78.73,78.51,78.51,2200,68.03
FXA,2006-12-22,78.78,78.78,78.63,78.73,900,68.22
FXA,2006-12-21,78.19,78.80,77.89,78.78,1400,68.26
FXA,2006-12-20,78.98,79.08,78.87,78.88,7100,68.35
FXA,2006-12-19,78.56,78.69,78.56,78.63,20400,68.13
FXA,2006-12-18,78.35,80.98,78.07,78.26,5100,67.81
FXA,2006-12-15,78.58,79.00,78.35,78.41,3600,67.94
FXA,2006-12-14,78.53,78.60,78.45,78.49,4600,68.01
FXA,2006-12-13,78.43,78.97,78.11,78.80,5000,68.28
FXA,2006-12-12,78.81,78.84,78.60,78.83,2400,68.30
FXA,2006-12-11,78.41,78.78,78.30,78.62,11800,68.12
FXA,2006-12-08,79.34,79.41,78.68,78.72,5700,68.21
FXA,2006-12-07,79.19,79.21,79.02,79.07,2200,68.51
FXA,2006-12-06,78.75,78.93,78.61,78.61,6800,68.11
FXA,2006-12-05,78.69,78.80,78.56,78.74,6200,68.23
FXA,2006-12-04,78.76,79.09,78.51,79.06,7500,68.50
FXA,2006-12-01,79.08,79.27,78.94,78.98,12800,68.43
FXA,2006-11-30,79.30,79.41,79.26,79.30,18400,68.71
FXA,2006-11-29,78.84,78.85,78.70,78.72,5000,68.21
FXA,2006-11-28,78.51,79.60,78.44,78.74,15700,68.23
FXA,2006-11-27,78.18,78.29,78.12,78.26,24600,67.81
FXA,2006-11-24,78.07,78.22,78.05,78.19,2900,67.75
FXA,2006-11-22,77.82,77.90,77.79,77.90,2500,67.50
FXA,2006-11-21,77.17,77.41,77.17,77.41,1500,67.07
FXA,2006-11-20,77.21,77.31,77.04,77.30,3500,66.98
FXA,2006-11-17,76.80,77.19,76.80,77.19,3100,66.88
FXA,2006-11-16,76.74,77.13,76.74,76.92,2100,66.65
FXA,2006-11-15,76.66,76.76,76.66,76.69,4600,66.45
FXA,2006-11-14,76.82,76.83,76.70,76.75,11600,66.50
FXA,2006-11-13,76.41,76.47,76.38,76.40,1900,66.20
FXA,2006-11-10,76.94,77.01,76.81,76.95,6500,66.67
FXA,2006-11-09,77.20,77.20,76.65,77.03,4400,66.74
FXA,2006-11-08,77.00,77.34,77.00,77.19,3100,66.88
FXA,2006-11-07,77.50,77.78,77.46,77.48,5600,67.13
FXA,2006-11-06,77.11,77.26,77.11,77.25,3700,66.93
FXA,2006-11-03,77.06,77.10,77.04,77.08,1600,66.79
FXA,2006-11-02,77.43,77.51,77.41,77.51,2400,67.16
FXA,2006-11-01,77.46,77.61,77.40,77.61,1500,67.25
FXA,2006-10-31,77.38,77.91,77.38,77.83,4600,67.44
FXA,2006-10-30,77.27,77.48,77.22,77.37,5100,67.04
FXA,2006-10-27,77.25,77.28,77.17,77.20,1400,66.89
FXA,2006-10-26,76.55,77.25,76.53,76.77,2600,66.52
FXA,2006-10-25,76.31,76.49,76.31,76.49,1200,66.28
FXA,2006-10-24,76.15,76.15,76.06,76.06,300,65.90
FXA,2006-10-23,76.05,76.06,75.94,75.94,14600,65.80
FXA,2006-10-20,76.20,76.20,75.97,75.97,1400,65.83
FXA,2006-10-19,75.95,76.19,75.95,76.19,300,66.02
FXA,2006-10-18,75.52,75.81,75.52,75.81,2100,65.69
FXA,2006-10-17,75.61,75.61,75.52,75.55,14700,65.46
FXA,2006-10-16,75.61,75.67,75.52,75.64,4100,65.54
FXA,2006-10-13,75.14,75.32,75.14,75.29,3600,65.24
FXA,2006-10-12,75.20,75.29,75.20,75.29,800,65.24
FXA,2006-10-11,74.66,74.66,74.40,74.42,8900,64.48
FXA,2006-10-10,74.46,74.58,74.46,74.58,1500,64.62
FXA,2006-10-09,74.51,74.53,74.51,74.53,300,64.58
FXA,2006-10-06,74.47,74.47,74.30,74.39,1700,64.46
FXA,2006-10-05,74.70,74.75,74.60,74.75,1100,64.77
FXA,2006-10-04,74.50,74.69,74.43,74.65,3500,64.68
FXA,2006-10-03,74.65,74.65,74.40,74.40,3000,64.47
FXA,2006-10-02,74.63,74.94,74.63,74.87,6300,64.87
FXA,2006-09-29,74.83,74.91,74.82,74.91,2700,64.91
FXA,2006-09-28,75.23,75.23,74.94,75.20,1800,65.16
FXA,2006-09-27,75.15,75.33,75.10,75.33,2900,65.27
FXA,2006-09-26,75.40,75.60,75.39,75.45,5100,65.37
FXA,2006-09-25,75.41,75.58,75.41,75.58,2000,65.49
FXA,2006-09-22,75.98,75.98,75.98,75.98,000,65.83
FXA,2006-09-21,75.98,75.98,75.98,75.98,200,65.83
FXA,2006-09-20,75.62,75.65,75.51,75.51,400,65.43
FXA,2006-09-19,75.52,75.53,75.52,75.53,300,65.44
FXA,2006-09-18,75.47,75.65,75.46,75.65,700,65.55
FXA,2006-09-15,75.39,75.40,75.33,75.33,6600,65.27
FXA,2006-09-14,75.70,75.70,75.68,75.68,300,65.57
FXA,2006-09-13,75.50,75.50,75.42,75.42,1400,65.35
FXA,2006-09-12,75.49,75.49,75.49,75.49,1000,65.41
FXA,2006-09-11,75.50,75.50,75.16,75.25,15600,65.20
FXA,2006-09-08,75.55,75.55,74.71,75.51,15400,65.43
FXA,2006-09-07,75.97,76.10,75.96,76.03,5500,65.88
FXA,2006-09-06,76.75,76.75,76.67,76.73,2100,66.48
FXA,2006-09-05,77.10,77.26,77.00,77.26,6300,66.94
FXA,2006-09-01,76.42,76.78,76.42,76.74,2000,66.49
FXA,2006-08-31,76.79,76.79,76.63,76.76,3900,66.51
FXA,2006-08-30,76.81,76.85,76.75,76.76,1500,66.51
FXA,2006-08-29,76.69,76.74,76.40,76.40,5500,66.20
FXA,2006-08-28,75.93,75.93,75.93,75.93,000,65.79
FXA,2006-08-25,76.07,76.10,75.88,75.93,2000,65.79
FXA,2006-08-24,76.74,76.74,76.46,76.46,1100,66.25
FXA,2006-08-23,76.88,76.93,76.55,76.59,2400,66.36
FXA,2006-08-22,76.56,76.60,76.43,76.43,1400,66.22
FXA,2006-08-21,76.59,76.69,76.58,76.58,1400,66.35
FXA,2006-08-18,75.99,76.12,75.95,76.07,9800,65.91
FXA,2006-08-17,76.74,76.74,76.31,76.31,1800,66.12
FXA,2006-08-16,77.15,77.22,77.05,77.05,1800,66.76
FXA,2006-08-15,76.61,76.70,76.60,76.70,1400,66.46
FXA,2006-08-14,76.30,76.31,76.13,76.13,2800,65.96
FXA,2006-08-11,76.92,76.94,76.74,76.74,2600,66.49
FXA,2006-08-10,77.08,77.16,76.82,76.86,2700,66.60
FXA,2006-08-09,76.60,76.79,76.60,76.69,1300,66.45
FXA,2006-08-08,76.45,76.45,76.27,76.28,600,66.09
FXA,2006-08-07,76.55,76.55,76.40,76.42,3700,66.22
FXA,2006-08-04,76.65,76.65,76.59,76.61,1200,66.38
FXA,2006-08-03,76.20,76.28,76.06,76.06,600,65.90
FXA,2006-08-02,76.65,76.65,76.44,76.44,2800,66.23
FXA,2006-08-01,76.12,76.60,76.07,76.60,2300,66.37
FXA,2006-07-31,76.84,76.95,76.84,76.92,2000,66.37
FXA,2006-07-28,76.87,77.07,76.82,77.05,3100,66.48
FXA,2006-07-27,76.90,76.90,76.51,76.51,1900,66.02
FXA,2006-07-26,76.23,76.48,76.21,76.48,3900,65.99
FXA,2006-07-25,75.77,75.77,75.50,75.50,10600,65.15
FXA,2006-07-24,75.56,75.56,75.56,75.56,700,65.20
FXA,2006-07-21,75.48,75.48,75.48,75.48,200,65.13
FXA,2006-07-20,75.48,75.48,75.36,75.39,2300,65.05
FXA,2006-07-19,75.13,75.23,75.13,75.23,1100,64.91
FXA,2006-07-18,75.00,75.00,74.76,74.82,1300,64.56
FXA,2006-07-17,75.06,75.14,74.96,74.96,8300,64.68
FXA,2006-07-14,75.45,75.60,75.45,75.48,600,65.13
FXA,2006-07-13,75.75,75.77,75.54,75.59,7400,65.22
FXA,2006-07-12,75.48,75.55,75.41,75.41,2800,65.07
FXA,2006-07-11,75.29,75.48,75.28,75.48,7900,65.13
FXA,2006-07-10,74.94,74.94,74.82,74.83,1800,64.57
FXA,2006-07-07,75.17,75.32,75.17,75.31,6500,64.98
FXA,2006-07-06,74.53,74.70,74.53,74.70,400,64.45
FXA,2006-07-05,74.25,74.34,74.15,74.34,900,64.14
FXA,2006-07-03,74.29,74.40,74.29,74.38,31700,64.18
FXA,2006-06-30,74.57,74.57,74.44,74.47,9700,64.17
FXA,2006-06-29,73.32,73.90,73.32,73.90,1000,63.67
FXA,2006-06-28,73.02,73.04,72.95,72.99,8200,62.89
FXA,2006-06-27,73.43,73.54,73.42,73.42,3300,63.26
FXA,2006-06-26,73.39,73.40,73.09,73.35,32000,63.20
