FXS,2011-10-28,156.11,156.74,156.11,156.40,4600,156.40
FXS,2011-10-27,155.83,157.51,155.83,157.15,8100,157.15
FXS,2011-10-26,152.68,152.75,151.54,152.75,5400,152.75
FXS,2011-10-25,152.17,152.17,151.43,151.70,12000,151.70
FXS,2011-10-24,151.45,152.35,151.45,151.92,4600,151.92
FXS,2011-10-21,151.39,151.81,150.97,151.45,4800,151.45
FXS,2011-10-20,150.17,150.60,148.90,150.29,5800,150.29
FXS,2011-10-19,150.59,150.89,149.76,150.15,4600,150.15
FXS,2011-10-18,148.96,150.81,148.72,150.81,3700,150.81
FXS,2011-10-17,149.86,149.99,149.23,149.53,4100,149.53
FXS,2011-10-14,151.36,151.36,150.52,150.90,1600,150.90
FXS,2011-10-13,149.56,149.91,148.77,149.84,8600,149.84
FXS,2011-10-12,151.05,151.05,150.30,150.30,3800,150.30
FXS,2011-10-11,148.30,149.30,147.96,149.24,3800,149.24
FXS,2011-10-10,148.68,150.09,148.68,149.52,3600,149.52
FXS,2011-10-07,146.74,147.34,146.20,146.22,6400,146.22
FXS,2011-10-06,144.51,146.29,143.84,146.05,24000,146.05
FXS,2011-10-05,145.03,145.21,144.09,144.83,14400,144.83
FXS,2011-10-04,142.96,144.55,142.26,144.54,52200,144.54
FXS,2011-10-03,144.74,145.17,143.71,143.90,240800,143.90
FXS,2011-09-30,145.21,146.13,145.21,145.33,4500,145.16
FXS,2011-09-29,146.92,147.34,145.78,146.32,2200,146.14
FXS,2011-09-28,147.74,147.78,146.06,146.06,3400,145.88
FXS,2011-09-27,148.10,148.49,147.20,147.20,10000,147.02
FXS,2011-09-26,145.10,146.01,144.04,146.00,23000,145.82
FXS,2011-09-23,144.49,145.34,143.76,144.02,7500,143.85
FXS,2011-09-22,144.55,145.16,143.55,144.39,51800,144.22
FXS,2011-09-21,149.12,149.55,147.46,147.46,6000,147.28
FXS,2011-09-20,149.49,150.49,149.27,149.95,16000,149.77
FXS,2011-09-19,147.78,149.15,147.20,149.11,44400,148.93
FXS,2011-09-16,150.50,150.63,149.58,150.41,35600,150.23
FXS,2011-09-15,150.56,151.39,149.63,151.05,100600,150.87
FXS,2011-09-14,148.78,148.89,147.42,148.60,11800,148.42
FXS,2011-09-13,149.02,150.03,148.81,149.39,18000,149.21
FXS,2011-09-12,150.61,150.61,146.82,148.25,36000,148.07
FXS,2011-09-09,154.17,154.17,151.37,151.85,23600,151.67
FXS,2011-09-08,156.17,156.55,154.26,154.55,68400,154.36
FXS,2011-09-07,155.51,156.46,155.33,156.18,64800,155.99
FXS,2011-09-06,155.06,155.09,153.64,153.79,10900,153.60
FXS,2011-09-02,154.80,155.81,154.80,155.81,5300,155.62
FXS,2011-09-01,156.61,156.85,155.51,155.53,33500,155.34
FXS,2011-08-31,157.19,157.92,156.92,157.16,14500,156.78
FXS,2011-08-30,156.76,157.16,156.05,157.10,45100,156.72
FXS,2011-08-29,158.96,159.02,158.02,158.30,32700,157.91
FXS,2011-08-26,157.59,158.65,156.73,158.35,61300,157.96
FXS,2011-08-25,158.07,158.07,156.44,157.76,98000,157.38
FXS,2011-08-24,157.67,158.16,157.30,157.45,6500,157.07
FXS,2011-08-23,157.00,157.61,156.91,157.61,4700,157.23
FXS,2011-08-22,157.55,157.55,156.46,156.46,8700,156.08
FXS,2011-08-19,155.66,156.67,155.66,156.01,5200,155.63
FXS,2011-08-18,156.15,156.15,154.02,154.53,8600,154.15
FXS,2011-08-17,157.39,158.06,156.99,157.45,13400,157.07
FXS,2011-08-16,155.48,156.26,155.37,155.57,12700,155.19
FXS,2011-08-15,154.50,155.80,154.50,155.54,11300,155.16
FXS,2011-08-12,153.75,153.83,152.60,152.80,14800,152.43
FXS,2011-08-11,151.71,153.55,151.58,153.01,6300,152.64
FXS,2011-08-10,153.30,153.30,151.25,151.49,19500,151.12
FXS,2011-08-09,153.95,154.41,151.70,154.41,22500,154.03
FXS,2011-08-08,153.36,153.85,151.92,153.72,24500,153.35
FXS,2011-08-05,154.15,154.65,152.47,153.77,30600,153.40
FXS,2011-08-04,153.79,153.79,152.15,152.40,24000,152.03
FXS,2011-08-03,156.85,156.93,156.06,156.82,15000,156.44
FXS,2011-08-02,156.56,157.49,155.00,155.24,15800,154.86
FXS,2011-08-01,158.87,158.90,156.46,157.51,23600,157.13
FXS,2011-07-29,157.48,158.69,157.30,158.43,20300,157.85
FXS,2011-07-28,156.78,157.55,156.78,157.23,12100,156.66
FXS,2011-07-27,158.89,158.89,156.81,157.05,12900,156.48
FXS,2011-07-26,158.61,159.69,158.54,159.45,23800,158.87
FXS,2011-07-25,157.17,157.54,156.84,157.19,11300,156.62
FXS,2011-07-22,157.58,157.58,156.22,157.35,30000,156.78
FXS,2011-07-21,157.01,157.89,156.60,157.75,11700,157.18
FXS,2011-07-20,153.93,154.53,153.93,154.51,4200,153.95
FXS,2011-07-19,152.96,153.51,152.50,152.95,8100,152.39
FXS,2011-07-18,151.81,151.87,150.67,151.87,8300,151.32
FXS,2011-07-15,152.93,153.35,152.59,153.20,11200,152.64
FXS,2011-07-14,154.12,154.26,152.51,152.81,10700,152.25
FXS,2011-07-13,152.03,154.14,152.03,153.00,28700,152.44
FXS,2011-07-12,151.41,152.18,150.85,150.85,8100,150.30
FXS,2011-07-11,152.76,152.82,151.30,151.72,21400,151.17
FXS,2011-07-08,156.16,156.25,154.96,155.70,8400,155.13
FXS,2011-07-07,156.70,157.69,156.69,157.48,10400,156.91
FXS,2011-07-06,156.78,156.98,156.01,156.45,31300,155.88
FXS,2011-07-05,158.84,158.99,157.94,158.16,11000,157.58
FXS,2011-07-01,157.99,158.79,157.72,158.79,8500,158.21
FXS,2011-06-30,157.63,158.14,157.50,157.50,10100,156.76
FXS,2011-06-29,155.50,156.99,155.37,156.60,27100,155.87
FXS,2011-06-28,154.54,155.10,154.13,154.28,24900,153.56
FXS,2011-06-27,153.18,154.72,153.18,154.65,20800,153.93
FXS,2011-06-24,154.23,154.23,152.97,152.97,6200,152.25
FXS,2011-06-23,153.04,154.35,152.38,154.35,8600,153.63
FXS,2011-06-22,156.40,157.22,156.27,156.27,7900,155.54
FXS,2011-06-21,156.28,156.86,156.24,156.66,24500,155.93
FXS,2011-06-20,155.10,155.73,155.10,155.28,45500,154.55
FXS,2011-06-17,154.94,155.82,154.59,155.34,16400,154.61
FXS,2011-06-16,153.37,153.86,152.93,153.79,20200,153.07
FXS,2011-06-15,155.29,155.51,153.28,153.57,78800,152.85
FXS,2011-06-14,157.25,157.84,157.05,157.39,4400,156.65
FXS,2011-06-13,157.00,157.62,156.75,157.36,9000,156.62
FXS,2011-06-10,158.59,158.59,156.60,156.73,18000,156.00
FXS,2011-06-09,159.50,160.13,159.37,159.63,14500,158.88
FXS,2011-06-08,161.30,161.39,160.68,160.73,5300,159.98
FXS,2011-06-07,161.77,162.10,161.65,161.98,8400,161.22
FXS,2011-06-06,161.68,161.76,160.63,160.65,20700,159.90
FXS,2011-06-03,160.60,162.45,160.55,162.27,17600,161.51
FXS,2011-06-02,160.33,160.99,159.65,160.59,12700,159.84
FXS,2011-06-01,161.36,161.36,159.19,159.19,13500,158.45
FXS,2011-05-31,161.56,161.68,161.17,161.20,30700,160.27
FXS,2011-05-27,159.26,160.00,159.26,159.88,20100,158.96
FXS,2011-05-26,158.30,158.46,157.36,158.04,11900,157.13
FXS,2011-05-25,156.90,157.79,156.71,157.33,11900,156.42
FXS,2011-05-24,157.33,157.41,156.91,156.98,24000,156.08
FXS,2011-05-23,156.08,156.79,155.80,156.44,22400,155.54
FXS,2011-05-20,158.51,159.07,157.31,158.01,75500,157.10
FXS,2011-05-19,158.49,159.40,158.32,158.93,80300,158.01
FXS,2011-05-18,157.99,158.40,157.57,157.89,9200,156.98
FXS,2011-05-17,156.57,157.56,156.20,157.52,12200,156.61
FXS,2011-05-16,156.92,157.72,156.61,156.81,21600,155.91
FXS,2011-05-13,158.15,158.15,155.20,155.96,21000,155.06
FXS,2011-05-12,157.54,158.48,157.14,158.01,31000,157.10
FXS,2011-05-11,159.63,159.63,157.09,157.55,113800,156.64
FXS,2011-05-10,159.86,160.41,159.24,160.25,17900,159.33
FXS,2011-05-09,158.40,159.49,157.25,159.03,55000,158.11
FXS,2011-05-06,160.16,160.75,157.71,157.99,19700,157.08
FXS,2011-05-05,162.26,162.26,159.60,159.61,45600,158.69
FXS,2011-05-04,164.64,164.87,163.15,163.26,24000,162.32
FXS,2011-05-03,165.00,165.37,163.98,164.58,13000,163.63
FXS,2011-05-02,166.09,166.45,165.28,165.37,14000,164.42
FXS,2011-04-29,166.12,168.44,164.84,168.44,21000,167.32
FXS,2011-04-28,165.30,165.82,165.04,165.79,16800,164.69
FXS,2011-04-27,163.88,164.93,163.25,164.93,15800,163.83
FXS,2011-04-26,163.98,163.98,162.92,163.34,23500,162.25
FXS,2011-04-25,163.33,164.03,163.27,163.39,28300,162.30
FXS,2011-04-21,163.51,163.93,163.00,163.08,23200,162.00
FXS,2011-04-20,162.03,162.71,162.03,162.69,10900,161.61
FXS,2011-04-19,159.39,160.26,159.24,160.17,10000,159.11
FXS,2011-04-18,159.93,159.93,157.07,158.04,31000,156.99
FXS,2011-04-15,160.45,161.19,160.33,160.88,11500,159.81
FXS,2011-04-14,159.72,160.62,159.63,160.45,20500,159.38
FXS,2011-04-13,159.37,159.99,158.94,159.11,12500,158.05
FXS,2011-04-12,159.56,159.56,157.84,158.09,11000,157.04
FXS,2011-04-11,160.02,160.02,159.00,159.00,10700,157.94
FXS,2011-04-08,159.73,160.38,159.73,160.36,13800,159.29
FXS,2011-04-07,158.19,158.19,157.40,157.58,8400,156.53
FXS,2011-04-06,158.12,158.53,157.98,158.02,10400,156.97
FXS,2011-04-05,157.05,157.61,157.00,157.35,5900,156.30
FXS,2011-04-04,158.00,158.00,157.23,157.53,6100,156.48
FXS,2011-04-01,156.45,158.80,156.30,158.20,6300,157.15
FXS,2011-03-31,157.81,158.37,157.73,158.07,19900,156.86
FXS,2011-03-30,157.05,157.94,156.73,157.31,7700,156.11
FXS,2011-03-29,156.67,157.32,156.45,157.32,12500,156.12
FXS,2011-03-28,156.32,156.72,155.96,156.00,138600,154.81
FXS,2011-03-25,157.00,157.00,155.66,156.00,39300,154.81
FXS,2011-03-24,157.76,158.00,157.10,157.35,16800,156.15
FXS,2011-03-23,157.72,157.72,156.90,157.20,35700,156.00
FXS,2011-03-22,159.09,159.09,157.37,157.83,16000,156.63
FXS,2011-03-21,159.27,159.41,158.13,158.95,25000,157.74
FXS,2011-03-18,157.40,158.73,157.40,158.60,5900,157.39
FXS,2011-03-17,154.18,155.61,154.18,155.43,6300,154.24
FXS,2011-03-16,155.27,155.27,152.90,153.54,15100,152.37
FXS,2011-03-15,154.49,156.22,154.43,155.94,8900,154.75
FXS,2011-03-14,157.01,157.06,156.54,156.83,5500,155.63
FXS,2011-03-11,155.21,157.12,155.21,157.12,8500,155.92
FXS,2011-03-10,156.36,156.36,155.17,155.17,5300,153.99
FXS,2011-03-09,157.13,157.60,156.89,157.34,8600,156.14
FXS,2011-03-08,156.71,156.71,155.97,155.97,26600,154.78
FXS,2011-03-07,156.35,157.53,156.35,156.96,12700,155.76
FXS,2011-03-04,158.00,158.00,156.60,156.88,7700,155.68
FXS,2011-03-03,158.02,158.02,157.00,157.47,11400,156.27
FXS,2011-03-02,157.90,158.11,157.43,157.83,16500,156.63
FXS,2011-03-01,158.31,158.31,156.79,157.10,21700,155.90
FXS,2011-02-28,157.55,158.05,156.83,157.39,20900,156.08
FXS,2011-02-25,155.53,155.53,154.64,155.03,4500,153.74
FXS,2011-02-24,156.08,156.51,155.48,156.01,5500,154.71
FXS,2011-02-23,155.62,155.82,155.15,155.45,8000,154.15
FXS,2011-02-22,155.66,155.66,154.36,154.54,4800,153.25
FXS,2011-02-18,155.93,155.93,154.89,155.35,4400,154.05
FXS,2011-02-17,155.28,155.62,154.71,155.55,5400,154.25
FXS,2011-02-16,154.59,155.26,153.90,154.85,7500,153.56
FXS,2011-02-15,153.69,154.07,153.22,153.47,36100,152.19
FXS,2011-02-14,152.55,153.48,152.55,153.15,12600,151.87
FXS,2011-02-11,153.65,153.83,153.12,153.60,1600,152.32
FXS,2011-02-10,153.67,154.21,153.01,153.59,18600,152.31
FXS,2011-02-09,154.90,155.26,154.69,154.81,4800,153.52
FXS,2011-02-08,154.98,155.56,154.60,154.80,7000,153.51
FXS,2011-02-07,153.48,154.57,153.15,154.45,8900,153.16
FXS,2011-02-04,153.22,153.88,152.99,153.88,7800,152.60
FXS,2011-02-03,153.54,154.30,153.03,153.75,15200,152.47
FXS,2011-02-02,163.47,163.47,154.20,155.31,23300,154.01
FXS,2011-02-01,155.75,156.52,155.33,156.42,20600,155.12
FXS,2011-01-31,153.86,154.91,153.86,154.49,18600,153.11
FXS,2011-01-28,154.69,154.69,152.08,152.93,27500,151.56
FXS,2011-01-27,155.23,155.70,154.45,154.90,146500,153.52
FXS,2011-01-26,153.33,154.00,153.25,153.68,3500,152.31
FXS,2011-01-25,151.44,152.82,151.44,152.39,8600,151.03
FXS,2011-01-24,151.50,151.53,151.24,151.53,2500,150.18
FXS,2011-01-21,150.46,151.05,150.46,151.05,3000,149.70
FXS,2011-01-20,150.00,150.02,149.32,149.59,7900,148.25
FXS,2011-01-19,150.42,150.79,150.33,150.50,4500,149.16
FXS,2011-01-18,149.81,149.81,149.04,149.18,3200,147.85
FXS,2011-01-14,149.12,149.53,149.12,149.45,700,148.11
FXS,2011-01-13,148.47,149.00,147.60,148.38,5000,147.05
FXS,2011-01-12,146.63,147.24,146.63,147.20,700,145.89
FXS,2011-01-11,144.79,145.44,144.79,145.42,2700,144.12
FXS,2011-01-10,143.88,144.74,143.88,144.63,1400,143.34
FXS,2011-01-07,144.24,144.33,143.72,143.79,2900,142.51
FXS,2011-01-06,146.12,146.12,144.86,144.88,4300,143.59
FXS,2011-01-05,146.63,147.45,146.49,146.91,2600,145.60
FXS,2011-01-04,148.81,148.82,147.65,148.21,15300,146.89
FXS,2011-01-03,148.40,148.94,148.05,148.56,5100,147.23
FXS,2010-12-31,148.55,149.06,147.78,148.96,6900,147.56
FXS,2010-12-30,147.06,147.61,147.03,147.44,5700,146.05
FXS,2010-12-29,145.54,146.36,145.14,146.15,10800,144.77
FXS,2010-12-28,145.78,145.78,144.69,144.79,7200,143.43
FXS,2010-12-27,146.03,146.19,145.53,146.18,12700,144.80
FXS,2010-12-23,145.10,145.41,145.00,145.25,10500,143.88
FXS,2010-12-22,145.02,145.10,144.95,144.95,2400,143.58
FXS,2010-12-21,145.49,145.49,145.22,145.22,6200,143.85
FXS,2010-12-20,145.37,145.37,145.37,145.37,100,144.00
FXS,2010-12-17,146.12,146.12,145.38,145.50,1000,144.13
FXS,2010-12-16,145.64,146.23,145.41,146.23,8700,144.85
FXS,2010-12-15,146.19,146.41,145.20,145.20,2600,143.83
FXS,2010-12-14,145.82,146.45,145.80,146.31,1500,144.93
FXS,2010-12-13,144.75,145.77,144.67,145.51,4900,144.14
FXS,2010-12-10,144.25,144.25,143.93,143.93,700,142.57
FXS,2010-12-09,143.97,144.49,143.97,144.42,2300,143.06
FXS,2010-12-08,143.84,144.91,143.75,144.54,3500,143.18
FXS,2010-12-07,146.17,146.17,144.79,144.79,1400,143.43
FXS,2010-12-06,144.92,145.49,144.86,145.49,700,144.12
FXS,2010-12-03,145.35,146.26,145.32,146.26,2400,144.88
FXS,2010-12-02,143.61,144.27,143.61,144.15,1800,142.79
FXS,2010-12-01,142.31,142.89,141.78,142.76,4900,141.41
FXS,2010-11-30,140.94,141.97,140.94,141.90,4300,140.56
FXS,2010-11-29,141.47,142.30,141.08,142.25,5000,140.91
FXS,2010-11-26,142.10,142.14,142.10,142.14,600,140.80
FXS,2010-11-24,143.28,143.46,143.01,143.10,6600,141.75
FXS,2010-11-23,143.01,143.01,142.42,142.77,1000,141.42
FXS,2010-11-22,144.69,144.69,143.92,144.52,4900,143.16
FXS,2010-11-19,144.76,145.30,144.59,145.27,10700,143.90
FXS,2010-11-18,144.77,144.89,144.50,144.69,34400,143.33
FXS,2010-11-17,143.51,143.80,143.46,143.46,700,142.11
FXS,2010-11-16,144.13,144.13,142.38,143.12,20200,141.77
FXS,2010-11-15,145.11,145.11,144.38,144.51,23000,143.15
FXS,2010-11-12,146.42,146.89,144.81,144.91,72100,143.54
FXS,2010-11-11,146.26,146.26,145.12,145.32,42100,143.95
FXS,2010-11-10,147.02,148.08,146.45,147.77,1600,146.38
FXS,2010-11-09,149.55,149.55,147.17,147.39,8500,146.00
FXS,2010-11-08,149.54,149.54,148.50,148.54,20400,147.14
FXS,2010-11-05,151.06,151.25,150.66,150.69,21500,149.27
FXS,2010-11-04,152.84,153.18,152.40,152.44,17300,151.00
FXS,2010-11-03,149.79,150.83,149.27,150.83,7500,149.41
FXS,2010-11-02,150.09,150.09,149.63,149.99,3700,148.58
FXS,2010-11-01,149.40,149.50,148.42,148.42,5600,147.02
FXS,2010-10-29,148.03,149.05,148.03,149.05,4500,147.61
FXS,2010-10-28,148.25,148.30,147.84,147.84,8500,146.41
FXS,2010-10-27,147.53,147.53,146.63,146.80,5300,145.38
FXS,2010-10-26,148.03,148.40,147.75,147.84,12100,146.41
FXS,2010-10-25,152.07,152.07,151.01,151.26,21300,149.80
FXS,2010-10-22,150.00,150.42,149.80,150.11,24800,148.66
FXS,2010-10-21,150.09,150.53,148.92,149.04,21500,147.60
FXS,2010-10-20,148.00,149.84,148.00,149.68,5300,148.23
FXS,2010-10-19,147.02,147.29,145.90,145.95,17600,144.54
FXS,2010-10-18,149.47,150.05,149.47,149.99,2900,148.54
FXS,2010-10-15,151.63,151.63,150.14,150.20,15900,148.75
FXS,2010-10-14,151.61,152.01,151.42,151.69,3600,150.22
FXS,2010-10-13,150.08,150.27,149.84,150.27,2000,148.82
FXS,2010-10-12,148.89,149.81,148.19,149.79,9600,148.34
FXS,2010-10-11,149.29,149.60,149.13,149.31,6600,147.87
FXS,2010-10-08,148.99,149.46,148.53,149.28,15100,147.84
FXS,2010-10-07,149.91,149.91,149.00,149.58,16400,148.13
FXS,2010-10-06,148.49,148.50,148.01,148.25,5300,146.82
FXS,2010-10-05,148.73,148.90,148.25,148.25,8900,146.82
FXS,2010-10-04,147.50,147.50,147.00,147.15,5100,145.73
FXS,2010-10-01,148.47,148.60,148.22,148.38,3500,146.95
FXS,2010-09-30,148.24,148.24,146.60,147.74,3900,146.31
FXS,2010-09-29,147.61,148.44,147.50,148.25,22000,146.82
FXS,2010-09-28,145.38,147.63,145.37,147.39,43900,145.97
FXS,2010-09-27,146.01,146.01,145.38,145.57,20900,144.16
FXS,2010-09-24,145.62,146.32,145.35,146.29,34400,144.88
FXS,2010-09-23,144.09,144.80,143.90,144.09,34600,142.70
FXS,2010-09-22,146.26,146.41,145.00,145.28,7300,143.88
FXS,2010-09-21,143.01,144.83,142.78,144.62,7400,143.22
FXS,2010-09-20,141.50,142.43,141.50,142.12,2400,140.75
FXS,2010-09-17,141.33,141.56,140.69,140.69,3200,139.33
FXS,2010-09-16,140.85,141.33,140.85,141.33,1100,139.96
FXS,2010-09-15,140.60,140.84,140.40,140.62,4300,139.26
FXS,2010-09-14,139.13,141.14,139.13,141.14,1200,139.78
FXS,2010-09-13,138.86,139.13,138.86,139.13,600,137.79
FXS,2010-09-10,137.58,137.58,137.58,137.58,200,136.25
FXS,2010-09-09,137.02,137.02,136.90,136.92,1100,135.60
FXS,2010-09-08,137.11,137.11,136.93,136.93,400,135.61
FXS,2010-09-07,136.32,136.32,135.88,135.90,1100,134.59
FXS,2010-09-03,137.35,137.85,137.35,137.85,500,136.52
FXS,2010-09-02,136.81,137.20,136.75,137.20,5600,135.87
FXS,2010-09-01,136.78,136.84,136.57,136.57,3200,135.25
FXS,2010-08-31,134.75,134.75,134.75,134.75,000,133.45
FXS,2010-08-30,134.75,134.75,134.75,134.75,700,133.45
FXS,2010-08-27,135.60,135.60,135.35,135.39,3600,134.08
FXS,2010-08-26,134.38,134.65,134.38,134.65,1800,133.35
FXS,2010-08-25,132.92,133.27,132.91,133.27,4700,131.98
FXS,2010-08-24,133.00,134.01,133.00,133.27,800,131.98
FXS,2010-08-23,134.20,134.32,134.20,134.27,800,132.97
FXS,2010-08-20,134.00,134.06,134.00,134.06,1400,132.76
FXS,2010-08-19,135.40,135.44,134.59,134.67,8200,133.37
FXS,2010-08-18,135.65,135.68,135.64,135.68,4700,134.37
FXS,2010-08-17,135.83,135.83,135.81,135.81,300,134.50
FXS,2010-08-16,135.00,135.00,135.00,135.00,200,133.70
FXS,2010-08-13,134.15,134.15,132.91,133.49,2000,132.20
FXS,2010-08-12,134.78,135.28,134.78,135.28,400,133.97
FXS,2010-08-11,135.99,135.99,134.87,135.31,17500,134.00
FXS,2010-08-10,138.95,139.19,137.37,139.02,4800,137.68
FXS,2010-08-09,140.37,140.38,140.37,140.38,800,139.02
FXS,2010-08-06,140.42,140.70,140.42,140.70,8600,139.34
FXS,2010-08-05,139.59,139.78,139.15,139.78,2300,138.43
FXS,2010-08-04,140.18,140.23,139.21,139.54,10400,138.19
FXS,2010-08-03,140.03,140.32,140.03,140.32,500,138.96
FXS,2010-08-02,139.58,140.20,139.58,140.20,700,138.85
FXS,2010-07-30,137.17,138.21,137.17,138.21,1400,136.87
FXS,2010-07-29,137.63,138.69,137.41,138.08,14200,136.75
FXS,2010-07-28,136.38,136.49,136.38,136.49,600,135.17
FXS,2010-07-27,136.30,136.61,136.30,136.61,400,135.29
FXS,2010-07-26,135.99,136.33,135.99,136.30,900,134.98
FXS,2010-07-23,135.28,136.16,135.00,136.16,2100,134.84
FXS,2010-07-22,135.40,136.32,135.40,135.90,2200,134.59
FXS,2010-07-21,134.97,135.17,134.19,134.19,9100,132.89
FXS,2010-07-20,134.45,134.92,134.11,134.83,3700,133.53
FXS,2010-07-19,135.44,135.44,135.11,135.24,1100,133.93
FXS,2010-07-16,135.45,136.01,135.44,135.99,1100,134.68
FXS,2010-07-15,136.32,136.48,135.70,136.48,1800,135.16
FXS,2010-07-14,134.22,135.35,134.22,135.09,4900,133.78
FXS,2010-07-13,133.54,134.30,133.44,134.27,3500,132.97
FXS,2010-07-12,132.59,132.60,132.59,132.60,1100,131.32
FXS,2010-07-09,132.61,133.13,132.61,132.77,1700,131.49
FXS,2010-07-08,132.23,132.25,131.97,132.09,1100,130.81
FXS,2010-07-07,131.14,131.54,130.66,131.54,9500,130.27
FXS,2010-07-06,130.75,131.30,130.58,130.58,3800,129.32
FXS,2010-07-02,131.14,131.14,131.14,131.14,300,129.87
FXS,2010-07-01,128.92,129.71,128.46,129.71,3400,128.46
FXS,2010-06-30,127.70,128.16,127.58,127.66,11600,126.43
FXS,2010-06-29,127.27,127.67,127.27,127.67,2200,126.44
FXS,2010-06-28,128.50,128.78,128.50,128.78,1300,127.54
FXS,2010-06-25,128.36,128.44,128.36,128.44,700,127.20
FXS,2010-06-24,127.75,127.75,127.75,127.75,300,126.52
FXS,2010-06-23,128.81,128.81,128.24,128.24,300,127.00
FXS,2010-06-22,126.37,126.37,126.37,126.37,100,125.15
FXS,2010-06-21,129.73,129.83,128.37,128.37,4500,127.13
FXS,2010-06-18,128.54,129.24,128.34,128.34,2800,127.10
FXS,2010-06-17,128.38,128.66,127.99,128.34,9000,127.10
FXS,2010-06-16,127.58,127.89,127.58,127.89,300,126.65
FXS,2010-06-15,127.49,128.40,127.49,128.30,6700,127.06
FXS,2010-06-14,127.12,127.12,126.52,126.52,4700,125.30
FXS,2010-06-11,125.63,125.72,125.22,125.51,1200,124.30
FXS,2010-06-10,126.12,126.18,125.37,125.96,1100,124.74
FXS,2010-06-09,123.74,125.50,123.74,124.00,5800,122.80
FXS,2010-06-08,123.01,123.70,122.66,122.74,3600,121.55
FXS,2010-06-07,124.00,124.00,122.66,122.67,16200,121.48
FXS,2010-06-04,124.83,124.83,124.83,124.83,200,123.62
FXS,2010-06-03,127.68,127.68,127.20,127.20,400,125.97
FXS,2010-06-02,126.96,127.75,126.96,127.27,600,126.04
FXS,2010-06-01,127.00,128.09,127.00,127.10,6300,125.87
FXS,2010-05-28,126.62,127.50,126.62,127.50,300,126.27
FXS,2010-05-27,125.84,125.84,125.00,125.00,600,123.79
FXS,2010-05-26,125.16,125.16,124.32,124.32,3100,123.12
FXS,2010-05-25,124.09,124.90,123.50,124.79,2400,123.58
FXS,2010-05-24,126.68,127.42,126.52,126.86,8300,125.63
FXS,2010-05-21,126.38,127.74,126.32,127.74,1200,126.51
FXS,2010-05-20,125.70,126.18,124.59,125.65,6900,124.44
FXS,2010-05-19,128.00,128.00,126.25,127.20,2200,125.97
FXS,2010-05-18,129.65,130.09,127.04,127.33,1400,126.10
FXS,2010-05-17,128.78,129.24,127.55,129.24,4600,127.99
FXS,2010-05-14,130.00,130.00,127.97,128.37,2400,127.13
FXS,2010-05-13,130.80,130.99,130.19,130.19,2100,128.93
FXS,2010-05-12,131.78,132.48,131.46,131.65,5800,130.38
FXS,2010-05-11,131.10,131.50,131.00,131.33,5900,130.06
FXS,2010-05-10,132.34,132.54,132.18,132.32,1600,131.04
FXS,2010-05-07,129.28,130.01,127.90,129.56,3200,128.31
FXS,2010-05-06,131.31,131.31,121.00,126.90,2300,125.67
FXS,2010-05-05,132.06,132.73,131.42,131.42,3000,130.15
FXS,2010-05-04,135.60,135.60,134.45,134.45,3700,133.15
FXS,2010-05-03,137.00,137.00,137.00,137.00,300,135.68
FXS,2010-04-30,137.32,137.32,137.32,137.32,500,135.99
FXS,2010-04-29,137.12,137.52,137.12,137.52,600,136.19
FXS,2010-04-28,136.81,136.95,136.16,136.47,11100,135.15
FXS,2010-04-27,137.99,137.99,136.95,136.95,900,135.63
FXS,2010-04-26,139.00,139.21,138.99,139.21,500,137.86
FXS,2010-04-23,137.82,138.86,137.82,138.86,3700,137.52
FXS,2010-04-22,137.51,137.97,137.48,137.97,3200,136.64
FXS,2010-04-21,139.05,139.05,138.66,138.66,1100,137.32
FXS,2010-04-20,139.21,139.43,139.09,139.43,2000,138.08
FXS,2010-04-19,138.50,138.86,138.50,138.86,1700,137.52
FXS,2010-04-16,138.29,138.81,138.29,138.81,400,137.47
FXS,2010-04-15,139.33,139.35,139.32,139.35,600,138.00
FXS,2010-04-14,139.61,139.90,139.61,139.87,4500,138.52
FXS,2010-04-13,138.84,139.35,138.84,139.20,1200,137.85
FXS,2010-04-12,139.00,139.08,138.59,138.68,9600,137.34
FXS,2010-04-09,137.40,138.37,137.40,138.37,1400,137.03
FXS,2010-04-08,137.22,137.53,137.22,137.53,500,136.20
FXS,2010-04-07,137.75,137.86,137.54,137.54,1900,136.21
FXS,2010-04-06,138.00,138.38,137.79,138.38,1800,137.04
FXS,2010-04-05,139.00,139.00,138.88,138.91,4400,137.57
FXS,2010-04-01,139.06,139.13,139.06,139.11,700,137.77
FXS,2010-03-31,138.19,138.26,138.00,138.00,1600,136.67
FXS,2010-03-30,137.35,137.35,137.35,137.35,700,136.02
FXS,2010-03-29,136.98,137.26,136.94,137.13,1300,135.80
FXS,2010-03-26,137.46,137.73,137.19,137.29,4800,135.96
FXS,2010-03-25,137.90,137.94,136.97,136.97,7300,135.65
FXS,2010-03-24,137.17,137.63,137.02,137.17,5300,135.84
FXS,2010-03-23,138.55,138.55,138.55,138.55,200,137.21
FXS,2010-03-22,138.34,138.51,138.32,138.46,5200,137.12
FXS,2010-03-19,139.52,139.52,138.90,138.98,1200,137.64
FXS,2010-03-18,140.22,140.22,139.75,139.96,2300,138.61
FXS,2010-03-17,140.88,140.99,140.88,140.99,700,139.63
FXS,2010-03-16,140.45,141.06,140.45,141.06,300,139.70
FXS,2010-03-15,140.72,140.72,139.67,140.35,900,138.99
FXS,2010-03-12,141.15,141.50,141.15,141.30,4200,139.93
FXS,2010-03-11,139.69,140.31,139.69,140.31,1800,138.95
FXS,2010-03-10,139.97,139.97,139.97,139.97,400,138.62
FXS,2010-03-09,139.15,139.76,139.14,139.76,1200,138.41
FXS,2010-03-08,140.69,140.69,140.18,140.24,600,138.88
FXS,2010-03-05,139.90,140.17,139.87,140.05,4800,138.70
FXS,2010-03-04,139.57,139.57,139.14,139.26,2200,137.91
FXS,2010-03-03,139.00,139.93,139.00,139.81,500,138.46
FXS,2010-03-02,138.70,139.18,138.31,138.95,2400,137.61
FXS,2010-03-01,138.31,138.83,137.88,138.78,6300,137.44
FXS,2010-02-26,140.34,140.34,139.73,139.73,2500,138.38
FXS,2010-02-25,137.90,138.85,137.68,138.83,1100,137.49
FXS,2010-02-24,138.62,138.78,138.05,138.05,500,136.72
FXS,2010-02-23,137.30,137.30,137.04,137.04,300,135.72
FXS,2010-02-22,138.59,138.59,138.14,138.58,900,137.24
FXS,2010-02-19,136.25,138.04,136.25,138.04,4500,136.71
FXS,2010-02-18,138.54,138.54,138.54,138.54,300,137.20
FXS,2010-02-17,139.36,139.36,138.12,138.21,1800,136.87
FXS,2010-02-16,139.02,139.02,139.02,139.02,100,137.68
FXS,2010-02-12,136.93,137.39,136.92,137.39,4500,136.06
FXS,2010-02-11,137.80,137.83,137.80,137.83,800,136.50
FXS,2010-02-10,136.00,136.56,135.96,136.27,3800,134.95
FXS,2010-02-09,135.36,136.10,135.36,135.93,4200,134.62
FXS,2010-02-08,134.11,134.80,134.11,134.15,4000,132.85
FXS,2010-02-05,133.55,133.81,132.91,133.47,2100,132.18
FXS,2010-02-04,134.93,134.93,133.99,134.14,3500,132.84
FXS,2010-02-03,137.50,137.50,137.00,137.06,2000,135.74
FXS,2010-02-02,137.41,137.75,137.39,137.53,4600,136.20
FXS,2010-02-01,135.99,137.32,135.99,137.32,1400,135.99
FXS,2010-01-29,135.20,135.20,134.71,134.99,1600,133.69
FXS,2010-01-28,135.78,135.95,135.61,135.81,5800,134.50
FXS,2010-01-27,136.51,136.60,136.41,136.41,3500,135.09
FXS,2010-01-26,136.36,137.20,136.36,137.20,900,135.87
FXS,2010-01-25,137.79,138.03,137.70,137.96,7700,136.63
FXS,2010-01-22,137.66,137.79,137.55,137.66,1700,136.33
FXS,2010-01-21,138.74,138.84,137.78,137.78,2000,136.45
FXS,2010-01-20,138.62,138.70,138.45,138.45,1300,137.11
FXS,2010-01-19,140.41,140.41,140.41,140.41,200,139.05
FXS,2010-01-15,141.22,141.22,140.77,140.77,1800,139.41
FXS,2010-01-14,141.63,142.17,141.63,142.17,2200,140.80
FXS,2010-01-13,141.56,141.88,141.24,141.88,1300,140.51
FXS,2010-01-12,141.15,141.67,141.06,141.06,5700,139.70
FXS,2010-01-11,142.00,142.21,141.86,141.86,2400,140.49
FXS,2010-01-08,140.20,140.82,139.56,140.82,2900,139.46
FXS,2010-01-07,140.43,140.43,139.92,140.01,5800,138.66
FXS,2010-01-06,140.74,141.28,140.60,141.16,1700,139.80
FXS,2010-01-05,140.76,140.94,140.02,140.18,4700,138.83
FXS,2010-01-04,141.87,141.91,141.21,141.27,3100,139.90
FXS,2009-12-31,139.45,139.49,139.28,139.35,2100,138.00
FXS,2009-12-30,138.86,139.31,138.86,139.30,1200,137.95
FXS,2009-12-29,139.04,139.04,138.35,138.35,1000,137.01
FXS,2009-12-28,138.38,138.48,138.12,138.18,16600,136.84
FXS,2009-12-24,136.70,136.70,136.68,136.68,600,135.36
FXS,2009-12-23,136.52,136.52,136.52,136.52,200,135.20
FXS,2009-12-22,136.41,136.52,135.65,136.11,7200,134.79
FXS,2009-12-21,137.46,137.74,136.57,136.63,3000,135.31
FXS,2009-12-18,137.18,137.30,136.94,137.16,2000,135.83
FXS,2009-12-17,137.37,137.37,136.45,136.86,2300,135.54
FXS,2009-12-16,139.30,139.52,138.58,138.58,28900,137.24
FXS,2009-12-15,138.87,138.87,138.60,138.66,1000,137.32
FXS,2009-12-14,140.44,140.62,140.22,140.38,2600,139.02
FXS,2009-12-11,139.87,139.93,139.70,139.90,11100,138.55
FXS,2009-12-10,141.31,141.31,140.52,140.56,1100,139.20
FXS,2009-12-09,140.00,140.60,139.65,140.58,4500,139.22
FXS,2009-12-08,140.59,140.59,139.50,139.52,6800,138.17
FXS,2009-12-07,141.16,142.06,141.00,141.29,7500,139.92
FXS,2009-12-04,144.51,144.88,142.50,142.60,26400,141.22
FXS,2009-12-03,145.46,146.00,145.23,145.50,22900,144.09
FXS,2009-12-02,145.29,145.29,144.94,145.03,2700,143.63
FXS,2009-12-01,144.12,144.56,144.12,144.56,1400,143.16
FXS,2009-11-30,143.29,143.29,142.63,143.12,1100,141.74
FXS,2009-11-27,142.39,143.42,142.37,143.42,500,142.03
FXS,2009-11-25,145.06,145.77,144.79,145.77,1700,144.36
FXS,2009-11-24,144.36,144.46,144.17,144.21,12400,142.82
FXS,2009-11-23,144.69,145.67,144.69,144.95,12200,143.55
FXS,2009-11-20,142.81,143.95,142.81,143.69,4000,142.30
FXS,2009-11-19,144.42,144.66,143.92,144.66,800,143.26
FXS,2009-11-18,145.88,146.01,145.75,145.75,800,144.34
FXS,2009-11-17,145.01,145.06,144.44,144.88,3000,143.48
FXS,2009-11-16,146.35,146.97,146.28,146.54,4600,145.12
FXS,2009-11-13,144.64,146.17,144.52,145.90,4300,144.49
FXS,2009-11-12,145.30,145.59,144.52,144.61,7700,143.21
FXS,2009-11-11,146.57,146.58,145.75,146.40,7900,144.99
FXS,2009-11-10,145.15,146.00,145.15,145.88,5400,144.47
FXS,2009-11-09,143.43,145.83,143.43,145.46,13600,144.05
FXS,2009-11-06,142.12,142.99,142.02,142.43,18200,141.05
FXS,2009-11-05,142.25,142.91,142.06,142.64,24200,141.26
FXS,2009-11-04,141.57,142.15,141.45,142.01,20600,140.64
FXS,2009-11-03,139.45,140.37,138.75,140.30,8300,138.94
FXS,2009-11-02,141.54,142.67,141.00,141.26,6800,139.89
FXS,2009-10-30,142.26,142.26,140.49,140.95,10700,139.59
FXS,2009-10-29,142.85,143.34,142.58,143.19,4000,141.81
FXS,2009-10-28,142.96,142.96,141.00,141.69,3700,140.32
FXS,2009-10-27,144.37,144.37,142.91,143.09,7300,141.71
FXS,2009-10-26,147.55,147.78,145.39,145.55,4600,144.14
FXS,2009-10-23,147.08,147.26,146.58,146.61,5800,145.19
FXS,2009-10-22,145.11,147.02,144.69,147.02,6000,145.60
FXS,2009-10-21,145.04,146.89,144.85,145.67,6700,144.26
FXS,2009-10-20,143.82,143.86,143.49,143.51,800,142.12
FXS,2009-10-19,143.23,144.50,143.23,144.12,3600,142.73
FXS,2009-10-16,142.72,143.85,142.72,143.74,3200,142.35
FXS,2009-10-15,144.39,144.72,144.04,144.40,6200,143.00
FXS,2009-10-14,144.62,144.90,144.00,144.85,9800,143.45
FXS,2009-10-13,143.36,143.36,142.40,143.34,4600,141.95
FXS,2009-10-12,142.98,143.51,142.76,143.39,5800,142.00
FXS,2009-10-09,142.91,143.09,142.27,142.72,4000,141.34
FXS,2009-10-08,142.49,143.73,142.48,143.30,9300,141.92
FXS,2009-10-07,142.89,142.89,141.89,142.73,4500,141.35
FXS,2009-10-06,143.57,144.60,143.45,143.89,8700,142.50
FXS,2009-10-05,141.58,142.59,141.48,142.59,3000,141.21
FXS,2009-10-02,141.45,142.72,141.45,142.53,2500,141.15
FXS,2009-10-01,142.78,142.78,141.90,141.90,4000,140.53
FXS,2009-09-30,142.72,143.32,142.72,143.32,2200,141.93
FXS,2009-09-29,142.07,142.53,141.87,142.16,3500,140.79
FXS,2009-09-28,143.05,143.46,143.05,143.26,2800,141.88
FXS,2009-09-25,143.80,144.41,143.39,143.99,12200,142.60
FXS,2009-09-24,146.14,146.23,143.65,144.52,4600,143.12
FXS,2009-09-23,146.19,146.54,146.00,146.54,5400,145.12
FXS,2009-09-22,146.57,146.84,146.48,146.81,5500,145.39
FXS,2009-09-21,143.87,144.94,143.87,144.52,3400,143.12
FXS,2009-09-18,145.60,145.60,145.27,145.55,1400,144.14
FXS,2009-09-17,144.88,145.68,144.88,144.97,4500,143.57
FXS,2009-09-16,144.43,145.98,144.43,145.98,4700,144.57
FXS,2009-09-15,141.80,144.05,141.80,144.04,2300,142.65
FXS,2009-09-14,142.57,143.23,142.24,143.22,1900,141.84
FXS,2009-09-11,142.95,143.22,142.60,142.80,2700,141.42
FXS,2009-09-10,142.16,142.88,141.96,142.85,7700,141.47
FXS,2009-09-09,142.79,142.79,142.22,142.61,2100,141.23
FXS,2009-09-08,141.97,142.43,141.90,142.22,5200,140.85
FXS,2009-09-04,138.01,139.77,138.01,139.77,5400,138.42
FXS,2009-09-03,138.34,138.45,137.85,138.21,12500,136.87
FXS,2009-09-02,137.32,138.67,137.32,138.67,2800,137.33
FXS,2009-09-01,139.21,139.98,137.03,137.40,14700,136.07
FXS,2009-08-31,140.41,140.62,140.04,140.21,4100,138.85
FXS,2009-08-28,141.66,141.66,140.64,140.88,18300,139.52
FXS,2009-08-27,139.83,141.42,139.30,140.83,33100,139.47
FXS,2009-08-26,139.84,140.23,139.84,140.22,2000,138.86
FXS,2009-08-25,141.85,142.20,141.65,141.73,1100,140.36
FXS,2009-08-24,141.75,141.75,140.75,141.41,4300,140.04
FXS,2009-08-21,142.27,142.29,142.19,142.19,600,140.82
FXS,2009-08-20,138.95,139.73,138.95,139.73,1100,138.38
FXS,2009-08-19,137.53,139.24,137.53,138.99,1800,137.65
FXS,2009-08-18,137.86,138.38,137.74,138.11,3300,136.78
FXS,2009-08-17,136.40,136.71,136.40,136.71,1200,135.39
FXS,2009-08-14,139.83,139.85,138.18,138.28,1800,136.94
FXS,2009-08-13,139.29,139.29,139.15,139.15,2800,137.81
FXS,2009-08-12,136.73,138.95,136.73,138.10,3500,136.77
FXS,2009-08-11,136.14,136.30,135.73,136.30,2800,134.98
FXS,2009-08-10,138.17,138.17,137.20,137.40,6100,136.07
FXS,2009-08-07,139.26,139.78,139.21,139.51,3700,138.16
FXS,2009-08-06,139.67,139.67,138.71,139.45,6300,138.10
FXS,2009-08-05,140.00,140.14,139.46,140.14,7200,138.79
FXS,2009-08-04,140.00,140.24,139.67,140.15,3100,138.80
FXS,2009-08-03,140.80,141.29,140.54,141.20,13000,139.84
FXS,2009-07-31,136.64,138.71,136.55,138.68,8000,137.34
FXS,2009-07-30,135.13,135.13,134.87,134.87,1300,133.57
FXS,2009-07-29,133.62,133.94,133.04,133.07,1700,131.78
FXS,2009-07-28,133.61,134.38,133.33,133.97,1300,132.68
FXS,2009-07-27,134.92,135.14,134.60,135.00,1000,133.70
FXS,2009-07-24,134.00,134.75,133.69,133.97,1400,132.68
FXS,2009-07-23,133.00,134.34,132.99,134.27,2900,132.97
FXS,2009-07-22,131.41,131.97,131.40,131.48,900,130.21
FXS,2009-07-21,131.11,131.11,130.50,130.80,3400,129.54
FXS,2009-07-20,129.22,129.45,128.69,129.08,1900,127.83
FXS,2009-07-17,127.67,128.26,127.41,127.54,2400,126.31
FXS,2009-07-16,128.07,128.47,128.06,128.25,900,127.01
FXS,2009-07-15,128.18,128.85,128.18,128.85,1300,127.60
FXS,2009-07-14,126.42,126.78,126.42,126.51,1800,125.29
FXS,2009-07-13,125.75,126.82,125.24,126.82,1500,125.59
FXS,2009-07-10,126.29,126.29,126.10,126.11,2800,124.89
FXS,2009-07-09,127.20,127.99,126.70,127.76,2300,126.53
FXS,2009-07-08,125.97,125.97,124.84,124.87,2900,123.66
FXS,2009-07-07,126.67,126.77,126.46,126.46,700,125.24
FXS,2009-07-06,127.62,127.66,127.17,127.66,1100,126.43
FXS,2009-07-02,129.31,129.31,128.35,128.35,1500,127.11
FXS,2009-07-01,132.41,132.41,131.60,132.11,4400,130.83
FXS,2009-06-30,129.83,129.83,128.77,129.79,2200,128.54
FXS,2009-06-29,129.34,130.41,129.34,130.41,1500,129.15
FXS,2009-06-26,128.58,128.78,128.31,128.50,2300,127.26
FXS,2009-06-25,125.76,126.45,125.25,126.43,5100,125.21
FXS,2009-06-24,127.55,127.57,127.55,127.57,1100,126.34
FXS,2009-06-23,126.00,126.80,126.00,126.80,1200,125.57
FXS,2009-06-22,124.81,125.50,124.75,125.00,1900,123.79
FXS,2009-06-19,127.04,127.04,126.16,126.79,600,125.56
FXS,2009-06-18,127.06,127.06,126.23,126.23,500,125.01
FXS,2009-06-17,126.95,127.56,125.97,127.56,3100,126.33
FXS,2009-06-16,127.17,127.74,127.17,127.74,3200,126.51
FXS,2009-06-15,127.44,127.44,126.55,126.55,300,125.33
FXS,2009-06-12,130.35,130.35,129.66,130.02,400,128.76
FXS,2009-06-11,130.03,131.35,130.03,131.35,7700,130.08
FXS,2009-06-10,130.35,130.35,129.23,129.47,16200,128.22
FXS,2009-06-09,128.36,130.37,128.36,130.25,5600,128.99
FXS,2009-06-08,127.71,127.89,126.77,127.36,23600,126.13
FXS,2009-06-05,129.00,129.04,128.52,128.57,2200,127.33
FXS,2009-06-04,130.50,130.86,130.48,130.66,2600,129.40
FXS,2009-06-03,130.73,130.73,129.35,129.37,2600,128.12
FXS,2009-06-02,133.43,134.74,133.10,133.85,23000,132.56
FXS,2009-06-01,133.99,135.44,133.99,134.79,1900,133.49
FXS,2009-05-29,131.89,132.38,131.20,132.38,5500,131.10
FXS,2009-05-28,129.80,130.12,129.64,130.04,800,128.78
FXS,2009-05-27,131.50,131.50,130.05,130.36,2600,129.10
FXS,2009-05-26,130.86,132.53,130.82,132.50,3900,131.22
FXS,2009-05-22,134.13,134.44,133.70,134.28,5400,132.98
FXS,2009-05-21,131.86,133.42,131.52,133.04,7500,131.75
FXS,2009-05-20,131.01,132.45,131.01,131.48,4800,130.21
FXS,2009-05-19,129.94,130.43,129.59,130.43,2700,129.17
FXS,2009-05-18,127.75,129.76,127.25,129.76,6800,128.51
FXS,2009-05-15,127.70,127.70,127.70,127.70,000,126.47
FXS,2009-05-14,126.47,127.93,126.29,127.70,3800,126.47
FXS,2009-05-13,126.64,127.27,126.40,126.59,3700,125.37
FXS,2009-05-12,128.15,128.62,128.00,128.62,1800,127.38
FXS,2009-05-11,129.54,129.54,128.03,128.03,2400,126.79
FXS,2009-05-08,128.22,130.54,128.22,130.54,1500,129.28
FXS,2009-05-07,127.68,128.40,126.49,126.87,2400,125.64
FXS,2009-05-06,126.34,126.74,125.91,126.68,2200,125.46
FXS,2009-05-05,127.05,127.05,125.66,125.66,1500,124.45
FXS,2009-05-04,124.95,126.84,124.95,126.50,700,125.28
FXS,2009-05-01,124.18,124.54,124.18,124.29,8400,123.09
FXS,2009-04-30,123.81,125.25,123.81,124.25,2400,123.04
FXS,2009-04-29,123.33,124.79,123.33,123.83,1700,122.63
FXS,2009-04-28,122.09,122.09,121.84,121.85,1000,120.67
FXS,2009-04-27,122.08,123.08,122.08,122.14,1500,120.95
FXS,2009-04-24,123.30,123.89,122.87,123.46,3800,122.26
FXS,2009-04-23,119.54,119.79,119.54,119.63,500,118.47
FXS,2009-04-22,118.96,118.96,118.96,118.96,200,117.81
FXS,2009-04-21,116.61,117.28,116.61,117.18,1900,116.04
FXS,2009-04-20,117.44,117.44,115.00,115.01,5100,113.89
FXS,2009-04-17,118.57,118.57,118.14,118.44,1000,117.29
FXS,2009-04-16,120.41,120.41,120.41,120.41,100,119.24
FXS,2009-04-15,120.95,121.11,120.75,120.75,1200,119.58
FXS,2009-04-14,122.82,122.82,122.82,122.82,000,121.63
FXS,2009-04-13,122.10,122.82,122.10,122.82,1100,121.63
FXS,2009-04-09,121.30,121.30,120.91,120.91,200,119.74
FXS,2009-04-08,121.67,121.83,120.94,121.12,2600,119.94
FXS,2009-04-07,122.12,122.12,122.12,122.12,1000,120.93
FXS,2009-04-06,125.31,125.31,124.24,124.33,1500,123.12
FXS,2009-04-03,124.64,125.31,124.64,125.31,800,124.09
FXS,2009-04-02,124.68,124.68,124.55,124.66,500,123.45
FXS,2009-04-01,121.85,121.85,121.85,121.85,100,120.67
FXS,2009-03-31,121.34,121.34,121.34,121.34,100,120.16
FXS,2009-03-30,120.28,120.28,119.97,119.97,3000,118.80
FXS,2009-03-27,122.03,122.68,122.03,122.11,6200,120.92
FXS,2009-03-26,127.50,127.50,124.39,124.66,2400,123.45
FXS,2009-03-25,122.92,125.26,122.92,123.51,4100,122.31
FXS,2009-03-24,123.86,123.93,123.51,123.51,3600,122.31
FXS,2009-03-23,123.07,125.01,122.83,124.84,900,123.63
FXS,2009-03-20,122.72,122.74,121.75,122.24,4100,121.05
FXS,2009-03-19,125.52,125.94,124.54,125.90,6900,124.68
FXS,2009-03-18,119.85,125.66,119.42,123.60,7800,122.40
FXS,2009-03-17,117.27,118.00,117.27,118.00,600,116.85
FXS,2009-03-16,117.96,118.53,117.96,118.04,4500,116.89
FXS,2009-03-13,115.98,115.98,115.74,115.74,2600,114.61
FXS,2009-03-12,113.91,115.50,113.80,115.50,17900,114.38
FXS,2009-03-11,113.21,113.76,113.21,113.74,5200,112.63
FXS,2009-03-10,112.19,112.69,111.36,111.91,3800,110.82
FXS,2009-03-09,108.56,109.50,108.41,108.79,2900,107.73
FXS,2009-03-06,109.18,109.31,108.48,108.96,1200,107.90
FXS,2009-03-05,108.00,108.05,107.13,107.43,11800,106.39
FXS,2009-03-04,109.60,110.00,109.20,110.00,1200,108.93
FXS,2009-03-03,109.38,109.38,107.95,108.20,6700,107.15
FXS,2009-03-02,109.42,109.65,108.46,108.57,5300,107.51
FXS,2009-02-27,110.29,111.33,110.11,110.89,11800,109.77
FXS,2009-02-26,112.15,112.15,111.21,111.42,4700,110.30
FXS,2009-02-25,112.77,112.77,112.00,112.18,6400,111.05
FXS,2009-02-24,111.71,113.20,111.21,113.20,4000,112.06
FXS,2009-02-23,114.40,114.80,113.15,113.15,1200,112.01
FXS,2009-02-20,113.42,115.12,113.05,115.12,1900,113.96
FXS,2009-02-19,114.69,114.69,114.69,114.69,000,113.53
FXS,2009-02-18,114.33,114.69,113.61,114.69,2000,113.53
FXS,2009-02-17,115.21,115.21,113.39,113.89,6300,112.74
FXS,2009-02-13,119.08,119.82,119.08,119.82,400,118.61
FXS,2009-02-12,118.52,119.16,118.00,118.22,3100,117.03
FXS,2009-02-11,119.36,119.36,119.16,119.16,2400,117.96
FXS,2009-02-10,123.37,123.60,121.36,121.36,1300,120.13
FXS,2009-02-09,125.05,125.41,125.00,125.00,3200,123.74
FXS,2009-02-06,122.68,123.28,122.47,123.17,2300,121.93
FXS,2009-02-05,120.93,120.94,120.93,120.94,300,119.72
FXS,2009-02-04,120.33,121.16,120.33,120.89,3200,119.67
FXS,2009-02-03,119.94,122.04,119.94,122.04,1400,120.81
FXS,2009-02-02,120.10,120.51,119.51,119.51,1800,118.30
FXS,2009-01-30,121.82,121.82,119.75,120.00,2500,118.72
FXS,2009-01-29,124.99,125.08,122.97,122.97,800,121.66
FXS,2009-01-28,125.40,126.26,124.31,124.77,4900,123.44
FXS,2009-01-27,124.91,124.91,123.48,124.29,700,122.97
FXS,2009-01-26,123.61,125.57,123.61,125.49,1600,124.15
FXS,2009-01-23,121.25,122.66,121.20,122.66,4900,121.35
FXS,2009-01-22,121.62,121.93,121.62,121.87,900,120.57
FXS,2009-01-21,120.71,122.10,119.96,122.10,2900,120.80
FXS,2009-01-20,119.01,119.25,118.81,119.06,1200,117.79
FXS,2009-01-16,123.82,123.82,121.80,122.71,1200,121.40
FXS,2009-01-15,119.91,121.36,118.91,121.29,3600,120.00
FXS,2009-01-14,119.07,119.08,118.90,118.94,3000,117.67
FXS,2009-01-13,121.30,121.54,120.30,120.71,13900,119.43
FXS,2009-01-12,124.25,124.43,123.85,124.39,2400,123.07
FXS,2009-01-09,125.85,125.85,125.85,125.85,200,124.51
FXS,2009-01-08,127.33,128.30,127.13,128.30,2100,126.93
FXS,2009-01-07,129.11,129.26,127.68,127.78,1800,126.42
FXS,2009-01-06,126.87,127.58,126.58,126.90,2700,125.55
FXS,2009-01-05,127.14,127.14,125.86,126.75,1200,125.40
FXS,2009-01-02,128.10,128.10,128.10,128.10,000,126.74
FXS,2008-12-31,128.96,128.96,126.55,128.10,2800,126.59
FXS,2008-12-30,129.52,129.52,128.71,128.71,4600,127.20
FXS,2008-12-29,129.91,129.93,127.01,127.01,1900,125.52
FXS,2008-12-26,126.05,126.05,126.05,126.05,100,124.57
FXS,2008-12-24,125.13,125.13,124.55,124.55,400,123.09
FXS,2008-12-23,127.23,127.23,124.70,125.20,2700,123.73
FXS,2008-12-22,128.16,128.16,127.01,127.01,900,125.52
FXS,2008-12-19,128.48,128.70,127.02,128.58,7500,127.07
FXS,2008-12-18,131.27,132.00,129.61,130.36,3000,128.83
FXS,2008-12-17,128.27,131.84,128.27,131.84,4700,130.29
FXS,2008-12-16,124.69,125.45,122.56,125.25,8100,123.78
FXS,2008-12-15,124.70,125.37,124.34,125.04,5700,123.57
FXS,2008-12-12,125.19,125.21,125.19,125.21,4100,123.74
FXS,2008-12-11,125.56,125.97,125.56,125.97,3700,124.49
FXS,2008-12-10,123.00,123.89,123.00,123.39,1400,121.94
FXS,2008-12-09,121.99,122.91,121.59,121.59,1000,120.16
FXS,2008-12-08,123.75,124.63,123.43,123.87,1200,122.41
FXS,2008-12-05,118.01,118.70,117.74,118.70,900,117.30
FXS,2008-12-04,119.54,121.73,119.54,121.73,2700,120.30
FXS,2008-12-03,121.44,121.44,121.44,121.44,800,120.01
FXS,2008-12-02,122.45,122.45,121.54,121.54,4600,120.11
FXS,2008-12-01,120.32,120.32,120.29,120.29,400,118.88
FXS,2008-11-28,123.67,123.67,123.02,123.46,400,121.73
FXS,2008-11-26,125.20,125.37,125.20,125.37,800,123.62
FXS,2008-11-25,126.75,127.92,126.71,127.92,400,126.13
FXS,2008-11-24,122.09,126.41,121.99,126.00,6000,124.24
FXS,2008-11-21,120.36,120.36,118.14,118.14,3500,116.49
FXS,2008-11-20,122.00,122.00,121.00,121.48,500,119.78
FXS,2008-11-19,122.91,122.94,122.46,122.46,500,120.75
FXS,2008-11-18,123.70,123.70,123.50,123.50,5800,121.77
FXS,2008-11-17,126.08,126.58,125.30,126.56,7700,124.79
FXS,2008-11-14,126.82,127.00,126.70,126.70,600,124.93
FXS,2008-11-13,124.20,125.32,124.06,124.06,700,122.33
FXS,2008-11-12,123.51,123.99,123.07,123.07,700,121.35
FXS,2008-11-11,125.10,125.10,123.89,123.94,1800,122.21
FXS,2008-11-10,128.61,128.61,127.64,127.64,800,125.86
FXS,2008-11-07,127.27,127.27,126.39,126.45,5500,124.68
FXS,2008-11-06,128.03,128.54,126.72,126.72,900,124.95
FXS,2008-11-05,130.89,130.89,129.76,129.76,900,127.95
FXS,2008-11-04,129.59,131.45,129.59,130.90,1100,129.07
FXS,2008-11-03,128.00,128.30,128.00,128.30,600,126.51
FXS,2008-10-31,129.00,129.42,128.74,129.09,6300,126.89
FXS,2008-10-30,131.47,131.98,129.45,131.98,1700,129.73
FXS,2008-10-29,129.41,131.54,129.36,131.20,5100,128.96
FXS,2008-10-28,126.12,127.18,124.49,127.18,2000,125.01
FXS,2008-10-27,123.72,126.39,122.89,125.51,6200,123.37
FXS,2008-10-24,127.80,128.21,126.04,126.07,9800,123.92
FXS,2008-10-23,128.15,129.82,128.15,129.66,1800,127.45
FXS,2008-10-22,128.13,128.76,127.43,127.43,5700,125.25
FXS,2008-10-21,132.28,132.28,129.12,129.12,4500,126.91
FXS,2008-10-20,134.99,135.32,133.55,133.92,6500,131.63
FXS,2008-10-17,134.27,135.94,133.05,135.75,2800,133.43
FXS,2008-10-16,135.58,135.58,134.25,134.51,5700,132.21
FXS,2008-10-15,137.24,137.24,135.23,135.46,3400,133.15
FXS,2008-10-14,127.23,141.48,127.23,140.22,2700,137.83
FXS,2008-10-13,141.34,141.34,138.90,139.77,3900,137.38
FXS,2008-10-10,140.44,145.00,137.76,138.71,25500,136.34
FXS,2008-10-09,141.98,141.98,140.71,141.12,1000,138.71
FXS,2008-10-08,140.78,141.52,140.17,141.52,2100,139.10
FXS,2008-10-07,141.90,142.10,140.55,140.64,3600,138.24
FXS,2008-10-06,139.41,139.41,137.49,138.02,13200,135.66
FXS,2008-10-03,141.35,142.98,141.35,142.48,4100,140.05
FXS,2008-10-02,142.45,142.70,142.00,142.00,4800,139.57
FXS,2008-10-01,143.75,144.50,143.75,143.90,3300,141.44
FXS,2008-09-30,145.72,145.72,144.18,144.57,5700,141.64
FXS,2008-09-29,148.40,149.30,147.90,148.65,5800,145.64
FXS,2008-09-26,151.19,152.01,150.99,151.52,4100,148.45
FXS,2008-09-25,152.15,152.33,151.39,152.26,5000,149.18
FXS,2008-09-24,153.32,153.32,151.81,151.93,2500,148.86
FXS,2008-09-23,153.97,154.13,152.20,153.02,21700,149.92
FXS,2008-09-22,153.75,155.32,153.65,155.03,63100,151.89
FXS,2008-09-19,151.19,152.03,150.57,151.93,2100,148.86
FXS,2008-09-18,150.08,150.53,149.57,149.57,2600,146.54
FXS,2008-09-17,146.84,149.83,146.84,149.48,3700,146.46
FXS,2008-09-16,147.24,147.55,121.45,146.87,1600,143.90
FXS,2008-09-15,148.82,148.82,147.83,148.47,1200,145.47
FXS,2008-09-12,148.23,149.49,148.22,149.49,1200,146.47
FXS,2008-09-11,146.12,146.66,146.06,146.66,3700,143.69
FXS,2008-09-10,147.80,148.14,147.48,147.80,2700,144.81
FXS,2008-09-09,148.15,149.66,147.65,148.73,3900,145.72
FXS,2008-09-08,151.99,151.99,148.86,149.67,5200,146.64
FXS,2008-09-05,150.78,151.10,150.43,150.43,7700,147.39
FXS,2008-09-04,152.07,152.86,151.09,151.10,53400,148.04
FXS,2008-09-03,152.87,152.93,152.16,152.70,20200,149.61
FXS,2008-09-02,153.10,153.89,153.10,153.54,1500,150.43
FXS,2008-08-29,155.98,156.02,155.43,155.73,1000,152.58
FXS,2008-08-28,156.78,156.78,156.33,156.47,1600,153.30
FXS,2008-08-27,157.00,157.00,156.40,156.74,3300,153.57
FXS,2008-08-26,156.89,156.89,156.51,156.51,1900,153.34
FXS,2008-08-25,157.87,157.87,157.87,157.87,300,154.68
FXS,2008-08-22,158.44,158.60,158.13,158.24,6800,155.04
FXS,2008-08-21,158.47,159.23,158.47,159.04,4000,155.82
FXS,2008-08-20,157.25,157.25,156.54,157.25,1000,154.07
FXS,2008-08-19,156.84,157.55,156.84,157.55,7200,154.36
FXS,2008-08-18,157.41,157.81,157.21,157.21,5200,154.03
FXS,2008-08-15,157.63,157.63,156.90,156.93,4200,153.75
FXS,2008-08-14,159.04,159.04,158.29,158.38,4200,155.18
FXS,2008-08-13,159.02,159.43,158.83,159.40,4200,156.17
FXS,2008-08-12,159.04,159.04,158.69,158.81,3300,155.60
FXS,2008-08-11,159.53,159.88,158.50,158.72,5800,155.51
FXS,2008-08-08,160.07,160.25,159.49,159.61,11600,156.38
FXS,2008-08-07,163.58,163.59,163.02,163.23,2500,159.93
FXS,2008-08-06,163.33,163.86,163.25,163.49,3300,160.18
FXS,2008-08-05,163.52,163.52,163.26,163.33,3900,160.03
FXS,2008-08-04,164.99,165.26,164.40,164.42,290400,161.09
FXS,2008-08-01,164.88,164.88,164.21,164.37,3400,161.04
FXS,2008-07-31,165.80,165.80,165.66,165.66,1100,161.83
FXS,2008-07-30,164.94,165.88,164.91,165.75,3000,161.92
FXS,2008-07-29,166.66,166.66,165.00,165.03,3200,161.21
FXS,2008-07-28,167.32,167.32,166.84,167.16,1200,163.29
FXS,2008-07-25,166.41,166.41,165.92,166.35,1000,162.50
FXS,2008-07-24,166.06,166.43,165.91,166.26,6000,162.42
FXS,2008-07-23,166.41,166.53,166.06,166.41,1800,162.56
FXS,2008-07-22,168.37,168.37,167.14,167.40,5300,163.53
FXS,2008-07-21,168.30,168.91,168.10,168.60,3800,164.70
FXS,2008-07-18,168.00,168.10,167.83,167.83,1100,163.95
FXS,2008-07-17,167.34,168.00,167.34,167.63,2600,163.75
FXS,2008-07-16,167.17,167.17,166.43,166.43,5900,162.58
FXS,2008-07-15,168.40,168.50,167.68,167.96,8300,164.08
FXS,2008-07-14,167.90,168.39,167.80,168.18,11900,164.29
FXS,2008-07-11,168.54,168.94,168.01,168.87,6500,164.96
FXS,2008-07-10,167.27,167.27,166.81,166.88,1200,163.02
FXS,2008-07-09,166.69,167.00,166.69,167.00,600,163.14
FXS,2008-07-08,166.43,166.52,165.96,166.33,3000,162.48
FXS,2008-07-07,166.64,167.69,166.64,167.55,9500,163.68
FXS,2008-07-03,167.82,167.89,167.26,167.26,2500,163.39
FXS,2008-07-02,167.78,168.05,167.75,167.76,4100,163.88
FXS,2008-07-01,166.74,167.54,166.74,167.49,79600,163.62
FXS,2008-06-30,167.45,167.45,166.45,166.76,1600,162.90
FXS,2008-06-27,167.57,167.88,167.57,167.88,3700,164.00
FXS,2008-06-26,167.00,167.90,167.00,167.90,2200,164.02
FXS,2008-06-25,166.35,167.00,165.96,167.00,1500,163.14
FXS,2008-06-24,165.93,165.93,165.74,165.74,1000,161.91
FXS,2008-06-23,165.16,165.75,165.16,165.75,1100,161.92
FXS,2008-06-20,166.22,166.75,166.20,166.22,2400,162.38
FXS,2008-06-19,165.21,165.57,165.21,165.51,1500,161.68
FXS,2008-06-18,165.20,165.93,165.16,165.93,5700,162.09
FXS,2008-06-17,166.07,166.07,166.01,166.05,600,162.21
FXS,2008-06-16,166.10,166.25,165.69,166.19,9700,162.35
FXS,2008-06-13,163.91,164.37,163.63,164.13,6300,160.33
FXS,2008-06-12,164.51,164.79,164.32,164.56,1600,160.75
FXS,2008-06-11,166.03,166.36,165.88,166.09,2600,162.25
FXS,2008-06-10,166.31,166.34,165.11,165.14,9200,161.32
FXS,2008-06-09,168.68,168.68,167.51,167.51,2100,163.64
FXS,2008-06-06,168.49,169.47,168.30,169.47,5100,165.55
FXS,2008-06-05,166.50,167.53,166.50,167.53,2900,163.66
FXS,2008-06-04,165.34,165.61,165.32,165.58,4300,161.75
FXS,2008-06-03,165.47,165.90,165.18,165.90,16700,162.06
FXS,2008-06-02,165.89,166.46,165.38,166.07,24900,162.23
FXS,2008-05-30,166.84,167.31,166.84,167.27,2500,163.40
FXS,2008-05-29,166.92,167.13,166.68,167.07,1700,163.21
FXS,2008-05-28,168.02,168.02,167.70,167.96,2400,164.08
FXS,2008-05-27,169.70,169.82,169.26,169.26,1900,165.35
FXS,2008-05-23,169.97,170.15,169.94,170.06,1000,166.13
FXS,2008-05-22,169.83,169.83,169.00,169.03,1100,165.12
FXS,2008-05-21,169.39,169.85,169.39,169.85,6500,165.92
FXS,2008-05-20,168.77,169.04,168.67,168.95,1000,165.04
FXS,2008-05-19,167.55,167.55,167.21,167.26,2000,163.39
FXS,2008-05-16,167.34,167.60,167.34,167.47,4700,163.60
FXS,2008-05-15,166.36,166.36,165.39,165.96,4300,162.12
FXS,2008-05-14,166.23,166.38,166.08,166.38,1300,162.53
FXS,2008-05-13,166.67,167.14,166.67,166.70,1600,162.85
FXS,2008-05-12,166.54,167.71,166.54,167.41,2700,163.54
FXS,2008-05-09,166.08,167.08,166.08,166.91,1600,163.05
FXS,2008-05-08,165.69,165.85,165.52,165.84,1300,162.00
FXS,2008-05-07,165.99,165.99,165.04,165.32,1200,161.50
FXS,2008-05-06,166.69,166.88,166.30,166.40,1900,162.55
FXS,2008-05-05,165.52,165.63,165.18,165.45,2700,161.62
FXS,2008-05-02,164.77,164.99,164.41,164.71,16100,160.90
FXS,2008-05-01,165.44,165.60,165.02,165.24,17700,161.42
FXS,2008-04-30,166.96,167.48,166.96,167.03,1600,163.17
FXS,2008-04-29,166.80,167.41,166.57,166.90,11600,163.04
FXS,2008-04-28,167.56,167.59,167.18,167.45,7200,163.58
FXS,2008-04-25,167.90,168.06,166.98,167.06,5400,163.20
FXS,2008-04-24,169.14,169.52,167.99,168.72,9000,164.82
FXS,2008-04-23,170.97,170.97,170.47,170.57,3500,166.63
FXS,2008-04-22,170.70,171.85,170.61,171.30,20900,167.34
FXS,2008-04-21,170.04,170.53,169.76,170.33,3300,166.39
FXS,2008-04-18,167.90,168.50,167.32,168.49,4500,164.59
FXS,2008-04-17,169.67,169.98,168.75,169.05,4500,165.14
FXS,2008-04-16,170.00,170.59,170.00,170.10,4400,166.17
FXS,2008-04-15,168.24,168.41,168.02,168.13,5500,164.24
FXS,2008-04-14,168.60,169.01,168.20,168.20,4100,164.31
FXS,2008-04-11,168.53,168.56,168.01,168.36,4400,164.47
FXS,2008-04-10,169.18,169.18,167.89,167.99,5600,164.11
FXS,2008-04-09,168.41,169.47,168.41,169.01,10300,165.10
FXS,2008-04-08,167.96,168.14,167.74,168.08,2200,164.19
FXS,2008-04-07,167.82,168.15,167.75,167.96,3800,164.08
FXS,2008-04-04,168.02,168.09,167.82,168.03,3400,164.14
FXS,2008-04-03,167.08,167.84,167.08,167.38,14500,163.51
FXS,2008-04-02,167.01,167.83,166.72,167.80,3100,163.92
FXS,2008-04-01,166.35,166.43,165.58,166.28,62600,162.43
FXS,2008-03-31,169.03,169.83,168.75,168.80,15900,164.90
FXS,2008-03-28,168.80,168.85,168.33,168.85,1800,164.95
FXS,2008-03-27,168.63,168.63,168.19,168.33,3600,164.44
FXS,2008-03-26,167.61,168.74,167.55,168.49,3200,164.59
FXS,2008-03-25,165.62,166.52,165.62,166.25,1800,162.41
FXS,2008-03-24,164.03,164.03,163.39,163.59,5800,159.81
FXS,2008-03-20,164.45,164.45,163.74,164.03,22500,160.24
FXS,2008-03-19,166.71,167.25,166.40,166.44,12900,162.59
FXS,2008-03-18,167.44,167.87,166.21,166.21,7800,162.37
FXS,2008-03-17,166.45,167.00,165.92,166.77,21400,162.91
FXS,2008-03-14,165.42,166.18,165.25,166.18,7300,162.34
FXS,2008-03-13,165.33,165.95,165.14,165.95,12500,162.11
FXS,2008-03-12,164.73,165.27,164.67,165.09,9100,161.27
FXS,2008-03-11,164.12,164.12,163.01,163.36,3700,159.58
FXS,2008-03-10,163.48,163.62,163.19,163.42,2400,159.64
FXS,2008-03-07,163.75,163.75,162.97,163.49,7300,159.71
FXS,2008-03-06,164.05,164.13,163.78,164.02,4500,160.23
FXS,2008-03-05,163.36,163.65,163.20,163.41,14600,159.63
FXS,2008-03-04,162.92,162.92,162.28,162.61,3200,158.85
FXS,2008-03-03,162.96,163.03,161.81,162.59,5800,158.83
FXS,2008-02-29,162.42,163.09,161.86,162.72,4300,158.96
FXS,2008-02-28,162.08,163.23,161.90,162.98,3100,159.21
FXS,2008-02-27,161.83,162.70,161.83,162.51,6300,158.75
FXS,2008-02-26,160.00,161.40,160.00,161.30,4500,157.57
FXS,2008-02-25,159.97,159.97,159.41,159.76,11000,156.07
FXS,2008-02-22,159.75,159.75,159.36,159.68,14100,155.99
FXS,2008-02-21,159.00,159.45,159.00,159.45,5000,155.76
FXS,2008-02-20,157.64,158.39,157.53,158.39,7700,154.73
FXS,2008-02-19,158.76,158.91,158.46,158.52,13600,154.85
FXS,2008-02-15,157.84,158.31,157.84,157.97,1300,154.32
FXS,2008-02-14,156.55,157.14,156.55,157.14,9100,153.51
FXS,2008-02-13,156.08,156.16,156.08,156.15,300,152.54
FXS,2008-02-12,155.16,155.46,154.96,155.28,8800,151.69
FXS,2008-02-11,154.20,154.33,153.71,154.14,1800,150.58
FXS,2008-02-08,154.05,154.51,154.05,154.30,6300,150.73
FXS,2008-02-07,154.18,154.52,153.51,153.51,2900,149.96
FXS,2008-02-06,155.46,155.85,155.40,155.52,3700,151.92
FXS,2008-02-05,155.50,155.68,155.22,155.35,1900,151.76
FXS,2008-02-04,157.79,158.15,157.67,157.96,8400,154.31
FXS,2008-02-01,157.10,157.35,156.56,156.94,14200,153.31
FXS,2008-01-31,157.14,157.97,156.90,157.79,9600,154.14
FXS,2008-01-30,157.46,158.84,157.41,158.60,6700,154.93
FXS,2008-01-29,156.58,156.98,156.38,156.98,1400,153.35
FXS,2008-01-28,156.21,156.88,156.16,156.85,1400,153.22
FXS,2008-01-25,156.27,156.27,155.00,155.00,2000,151.42
FXS,2008-01-24,155.55,156.38,155.52,156.32,11700,152.71
FXS,2008-01-23,153.46,154.44,153.14,154.44,3000,150.87
FXS,2008-01-22,153.18,154.62,153.18,154.56,4000,150.99
FXS,2008-01-18,155.83,155.83,155.29,155.47,3900,151.87
FXS,2008-01-17,156.48,156.48,155.79,155.79,2900,152.19
FXS,2008-01-16,157.56,157.61,155.19,156.17,4800,152.56
FXS,2008-01-15,159.10,159.10,157.90,157.92,5900,154.27
FXS,2008-01-14,158.87,158.95,158.46,158.95,36800,155.27
FXS,2008-01-11,157.80,157.81,157.66,157.79,2900,154.14
FXS,2008-01-10,157.30,158.22,157.30,158.06,8200,154.40
FXS,2008-01-09,155.98,156.35,155.64,155.78,1900,152.18
FXS,2008-01-08,156.79,156.90,156.79,156.90,600,153.27
FXS,2008-01-07,157.35,157.35,156.49,156.49,3800,152.87
FXS,2008-01-04,157.68,157.81,157.31,157.75,4100,154.10
FXS,2008-01-03,156.75,157.70,156.75,157.68,1400,154.03
FXS,2008-01-02,155.58,156.46,154.49,156.46,12700,152.84
FXS,2007-12-31,156.60,156.60,155.04,155.04,1800,151.45
FXS,2007-12-28,155.95,156.36,155.80,156.36,7100,152.74
FXS,2007-12-27,154.67,155.02,154.30,155.00,1300,151.42
FXS,2007-12-26,153.90,153.90,153.57,153.78,400,150.22
FXS,2007-12-24,152.23,152.23,152.23,152.23,100,148.71
FXS,2007-12-21,152.34,152.34,151.76,151.99,1700,148.48
FXS,2007-12-20,152.06,152.06,151.84,151.84,1100,148.33
FXS,2007-12-19,152.53,152.53,151.44,152.15,19200,148.63
FXS,2007-12-18,153.06,153.15,152.77,152.77,1500,149.24
FXS,2007-12-17,152.47,152.54,152.34,152.51,5800,148.98
FXS,2007-12-14,153.78,154.02,153.35,153.52,60400,149.97
FXS,2007-12-13,155.87,155.87,154.60,155.48,5700,151.88
FXS,2007-12-12,156.06,156.35,155.99,156.15,4700,152.54
FXS,2007-12-11,156.27,156.36,155.28,155.28,21600,151.69
FXS,2007-12-10,156.51,156.71,156.06,156.21,24000,152.60
FXS,2007-12-07,155.96,156.35,155.96,156.23,17100,152.62
FXS,2007-12-06,155.92,156.18,155.69,156.05,7700,152.44
FXS,2007-12-05,156.31,156.46,155.56,155.63,54600,152.03
FXS,2007-12-04,156.66,157.73,156.66,157.67,65400,154.02
FXS,2007-12-03,156.36,156.37,156.03,156.10,25900,152.49
FXS,2007-11-30,157.74,158.15,157.04,157.06,32200,153.02
FXS,2007-11-29,157.90,158.14,157.43,157.43,35500,153.38
FXS,2007-11-28,158.80,159.08,158.32,159.02,2800,154.93
FXS,2007-11-27,160.40,160.40,159.30,159.68,18000,155.57
FXS,2007-11-26,160.63,161.01,151.20,160.99,17800,156.85
FXS,2007-11-23,158.90,167.85,158.90,167.85,6800,163.53
FXS,2007-11-21,161.04,161.04,159.15,160.09,7300,155.97
FXS,2007-11-20,159.87,159.90,159.43,159.84,6600,155.73
FXS,2007-11-19,158.89,158.92,158.20,158.56,21100,154.48
FXS,2007-11-16,158.79,158.79,158.00,158.67,3100,154.59
FXS,2007-11-15,158.39,158.78,158.02,158.02,14200,153.95
FXS,2007-11-14,159.33,159.98,159.20,159.20,8300,155.10
FXS,2007-11-13,157.12,157.91,157.12,157.45,5100,153.40
FXS,2007-11-12,156.44,158.50,156.30,156.95,14700,152.91
FXS,2007-11-09,158.41,158.42,157.89,158.42,2800,154.34
FXS,2007-11-08,158.56,159.19,158.50,158.67,5800,154.59
FXS,2007-11-07,158.91,159.05,158.18,158.34,5600,154.27
FXS,2007-11-06,157.46,157.74,157.38,157.48,18800,153.43
FXS,2007-11-05,156.58,156.58,155.90,155.90,5300,151.89
FXS,2007-11-02,156.53,156.78,156.25,156.78,1700,152.75
FXS,2007-11-01,156.50,156.50,155.59,156.09,2700,152.07
FXS,2007-10-31,157.04,157.78,156.92,157.78,3000,153.32
FXS,2007-10-30,157.44,162.57,157.29,157.29,33000,152.85
FXS,2007-10-29,157.10,157.46,156.79,157.00,7700,152.57
FXS,2007-10-26,156.93,157.20,156.80,156.94,4100,152.51
FXS,2007-10-25,155.81,155.99,155.66,155.96,1800,151.56
FXS,2007-10-24,155.07,155.07,154.62,154.72,1800,150.35
FXS,2007-10-23,155.22,155.51,155.22,155.51,800,151.12
FXS,2007-10-22,154.30,154.50,153.83,154.09,17200,149.74
FXS,2007-10-19,156.35,156.39,155.79,156.26,3100,151.85
FXS,2007-10-18,156.42,156.61,156.30,156.33,1000,151.92
FXS,2007-10-17,155.77,155.77,155.10,155.29,1800,150.90
FXS,2007-10-16,155.19,155.19,154.80,154.96,2600,150.58
FXS,2007-10-15,156.63,156.77,155.88,156.00,2800,151.59
FXS,2007-10-12,155.87,156.07,155.79,156.07,5900,151.66
FXS,2007-10-11,155.96,156.60,155.73,155.88,4700,151.48
FXS,2007-10-10,154.90,155.12,154.90,155.12,2000,150.74
FXS,2007-10-09,153.43,154.31,153.23,154.28,3400,149.92
FXS,2007-10-08,154.07,154.08,153.48,153.49,1700,149.16
FXS,2007-10-05,154.58,154.92,154.50,154.86,5300,150.49
FXS,2007-10-04,153.08,153.97,153.08,153.76,3000,149.42
FXS,2007-10-03,154.66,154.66,153.65,153.65,3400,149.31
FXS,2007-10-02,153.70,153.76,153.48,153.48,2700,149.15
FXS,2007-10-01,154.89,155.37,154.89,155.12,10700,150.74
FXS,2007-09-28,155.01,155.86,155.00,155.65,4600,151.25
FXS,2007-09-27,153.93,154.00,153.84,154.00,900,149.65
FXS,2007-09-26,153.40,153.67,152.64,153.29,10600,148.96
FXS,2007-09-25,153.80,154.19,153.78,154.17,8300,149.82
FXS,2007-09-24,153.96,154.06,153.83,153.83,11700,149.49
FXS,2007-09-21,153.35,153.73,153.35,153.66,6600,149.32
FXS,2007-09-20,152.72,153.30,152.71,153.20,13300,148.87
FXS,2007-09-19,151.36,151.83,150.99,151.60,16100,147.32
FXS,2007-09-18,149.61,151.35,149.60,151.35,2400,147.08
FXS,2007-09-17,149.76,149.76,149.54,149.54,400,145.32
FXS,2007-09-14,149.86,150.10,149.75,150.10,2500,145.86
FXS,2007-09-13,150.09,150.32,149.98,150.19,3100,145.95
FXS,2007-09-12,149.45,150.19,149.45,150.16,3200,145.92
FXS,2007-09-11,148.41,148.53,148.35,148.51,2400,144.32
FXS,2007-09-10,147.83,147.83,147.56,147.70,800,143.53
FXS,2007-09-07,147.25,147.40,147.13,147.13,1800,142.98
FXS,2007-09-06,146.60,146.67,146.60,146.64,10500,142.50
FXS,2007-09-05,144.63,145.46,144.63,145.46,3200,141.35
FXS,2007-09-04,144.63,144.83,144.57,144.83,1400,140.74
FXS,2007-08-31,145.50,145.67,145.50,145.64,2200,141.21
FXS,2007-08-30,145.58,145.60,145.54,145.54,800,141.12
FXS,2007-08-29,145.60,145.61,145.60,145.60,1600,141.17
FXS,2007-08-28,145.71,145.71,145.45,145.45,200,141.03
FXS,2007-08-27,145.97,146.08,145.66,145.96,1900,141.52
FXS,2007-08-24,145.90,146.64,145.78,146.35,800,141.90
FXS,2007-08-23,144.79,144.95,144.77,144.95,2300,140.54
FXS,2007-08-22,144.23,144.72,144.23,144.64,1300,140.24
FXS,2007-08-21,143.97,143.97,143.57,143.69,1500,139.32
FXS,2007-08-20,144.63,144.63,144.32,144.34,1200,139.95
FXS,2007-08-17,145.63,145.63,144.66,144.66,4400,140.26
FXS,2007-08-16,142.91,143.24,142.57,143.08,5200,138.73
FXS,2007-08-15,143.84,144.16,143.79,143.94,2100,139.56
FXS,2007-08-14,145.65,145.69,145.65,145.66,1400,141.23
FXS,2007-08-13,146.86,146.86,146.21,146.29,2900,141.84
FXS,2007-08-10,147.35,147.72,147.19,147.72,2400,143.23
FXS,2007-08-09,147.85,148.13,147.64,147.64,1000,143.15
FXS,2007-08-08,149.72,149.72,149.24,149.28,700,144.74
FXS,2007-08-07,149.12,149.12,148.67,148.84,1200,144.32
FXS,2007-08-06,149.80,149.80,149.35,149.66,3200,145.11
FXS,2007-08-03,149.25,149.36,149.08,149.08,1600,144.55
FXS,2007-08-02,148.04,148.66,148.04,148.66,3700,144.14
FXS,2007-08-01,147.85,148.38,147.66,147.75,69300,143.26
FXS,2007-07-31,149.40,149.40,148.79,148.79,1800,143.94
FXS,2007-07-30,149.03,149.34,149.03,149.29,2200,144.42
FXS,2007-07-27,148.68,148.70,148.68,148.70,300,143.85
FXS,2007-07-26,148.67,148.96,148.66,148.77,5500,143.92
FXS,2007-07-25,149.38,149.38,149.03,149.03,1100,144.17
FXS,2007-07-24,150.69,150.69,150.31,150.31,1500,145.41
FXS,2007-07-23,150.97,150.97,150.47,150.47,1200,145.57
FXS,2007-07-20,150.79,151.20,150.79,150.95,2700,146.03
FXS,2007-07-19,150.68,150.81,150.68,150.68,300,145.77
FXS,2007-07-18,150.53,150.83,150.42,150.65,14400,145.74
FXS,2007-07-17,150.77,150.77,150.31,150.49,700,145.58
FXS,2007-07-16,150.97,150.97,150.68,150.79,500,145.87
FXS,2007-07-13,151.00,151.16,150.61,150.61,5200,145.70
FXS,2007-07-12,150.50,150.92,150.42,150.79,1300,145.87
FXS,2007-07-11,150.52,150.65,150.04,150.04,900,145.15
FXS,2007-07-10,149.17,149.74,149.16,149.28,1600,144.41
FXS,2007-07-09,148.57,148.57,148.57,148.57,000,143.73
FXS,2007-07-06,148.45,148.57,148.45,148.57,2100,143.73
FXS,2007-07-05,147.91,147.91,147.91,147.91,000,143.09
FXS,2007-07-03,147.67,147.91,147.50,147.91,500,143.09
FXS,2007-07-02,147.48,147.49,147.13,147.13,2200,142.33
FXS,2007-06-29,146.41,146.41,146.33,146.41,400,141.34
FXS,2007-06-28,146.00,146.11,146.00,146.00,2300,140.94
FXS,2007-06-27,145.43,145.71,145.43,145.71,1200,140.66
FXS,2007-06-26,145.25,145.43,145.25,145.43,1500,140.39
FXS,2007-06-25,145.81,145.81,145.43,145.64,700,140.59
FXS,2007-06-22,145.79,145.88,145.55,145.88,1500,140.82
FXS,2007-06-21,144.89,145.34,144.75,145.34,500,140.30
FXS,2007-06-20,144.76,145.26,144.69,144.99,3500,139.96
FXS,2007-06-19,142.76,142.79,142.58,142.58,600,137.64
FXS,2007-06-18,142.30,142.60,142.30,142.45,900,137.51
FXS,2007-06-15,141.90,142.15,141.75,142.15,4100,137.22
FXS,2007-06-14,141.55,141.55,141.30,141.30,300,136.40
FXS,2007-06-13,141.41,141.69,141.19,141.69,9200,136.78
FXS,2007-06-12,141.94,141.98,141.58,141.74,1400,136.83
FXS,2007-06-11,143.30,143.30,142.78,142.84,6800,137.89
FXS,2007-06-08,143.14,143.16,142.94,142.94,2500,137.99
FXS,2007-06-07,144.30,144.34,143.99,144.31,800,139.31
FXS,2007-06-06,144.71,144.97,144.71,144.72,1500,139.70
FXS,2007-06-05,145.15,145.39,145.00,145.13,20800,140.10
FXS,2007-06-04,144.61,144.94,144.57,144.74,15800,139.72
FXS,2007-06-01,144.63,144.63,144.01,144.29,4400,139.29
FXS,2007-05-31,144.83,144.85,144.80,144.80,1700,139.49
FXS,2007-05-30,145.02,145.02,144.06,144.44,14700,139.14
FXS,2007-05-29,146.25,146.25,145.21,145.25,13500,139.92
FXS,2007-05-25,146.64,146.64,146.55,146.59,1300,141.22
FXS,2007-05-24,146.63,146.74,146.25,146.25,3000,140.89
FXS,2007-05-23,147.02,147.03,146.43,146.43,900,141.06
FXS,2007-05-22,146.72,146.77,146.67,146.67,5200,141.29
FXS,2007-05-21,146.07,146.12,145.96,146.08,2400,140.72
FXS,2007-05-18,146.39,146.95,146.39,146.95,15200,141.56
FXS,2007-05-17,146.87,146.87,146.35,146.35,3700,140.98
FXS,2007-05-16,147.90,147.90,146.88,146.88,4900,141.49
FXS,2007-05-15,148.00,148.13,148.00,148.13,10100,142.70
FXS,2007-05-14,146.86,146.86,146.86,146.86,100,141.48
FXS,2007-05-11,146.41,146.63,146.33,146.63,500,141.25
FXS,2007-05-10,146.88,146.88,145.64,146.17,5600,140.81
FXS,2007-05-09,147.38,147.38,146.86,146.88,700,141.49
FXS,2007-05-08,147.70,147.70,147.49,147.68,1000,142.27
FXS,2007-05-07,148.68,148.84,148.39,148.39,2600,142.95
FXS,2007-05-04,148.85,148.85,148.23,148.23,2100,142.80
FXS,2007-05-03,148.78,148.78,147.94,147.94,2200,142.52
FXS,2007-05-02,148.65,149.21,148.65,149.06,2900,143.59
FXS,2007-05-01,149.89,149.91,148.95,148.97,7800,143.51
FXS,2007-04-30,149.83,150.24,149.55,149.83,3200,144.34
FXS,2007-04-27,149.05,149.81,149.05,149.81,1800,144.32
FXS,2007-04-26,149.00,149.45,147.48,149.06,4700,143.59
FXS,2007-04-25,149.00,149.44,148.91,149.15,1400,143.68
FXS,2007-04-24,147.77,148.06,147.75,148.06,1700,142.63
FXS,2007-04-23,147.54,148.16,147.54,147.88,23800,142.46
FXS,2007-04-20,148.16,148.24,148.07,148.10,2600,142.67
FXS,2007-04-19,148.00,148.24,148.00,148.06,8800,142.63
FXS,2007-04-18,147.93,147.93,147.84,147.84,900,142.42
FXS,2007-04-17,147.44,147.81,147.44,147.74,2100,142.32
FXS,2007-04-16,147.09,147.40,147.03,147.25,2700,141.85
FXS,2007-04-13,146.01,146.15,145.42,146.04,5300,140.69
FXS,2007-04-12,145.70,145.80,145.63,145.63,400,140.29
FXS,2007-04-11,145.28,145.31,145.00,145.00,1000,139.68
FXS,2007-04-10,145.19,145.23,145.10,145.11,1800,139.79
FXS,2007-04-09,144.42,144.42,144.42,144.42,100,139.12
FXS,2007-04-05,145.00,145.15,144.93,145.03,1500,139.71
FXS,2007-04-04,143.00,143.75,142.99,143.75,1200,138.48
FXS,2007-04-03,142.72,142.72,142.70,142.70,400,137.47
FXS,2007-04-02,143.14,143.24,142.75,142.83,1800,137.59
FXS,2007-03-30,142.92,143.75,141.78,143.60,4900,138.34
FXS,2007-03-29,143.28,143.54,143.28,143.51,1100,138.25
FXS,2007-03-28,143.22,143.46,142.95,143.02,4200,137.78
FXS,2007-03-27,143.50,143.75,143.46,143.75,3700,138.48
FXS,2007-03-26,143.29,143.98,143.29,143.61,1800,138.34
FXS,2007-03-23,143.60,143.85,143.31,143.36,2100,138.10
FXS,2007-03-22,143.89,144.16,143.35,143.53,5200,138.27
FXS,2007-03-21,143.15,144.14,143.15,144.14,2400,138.86
FXS,2007-03-20,143.61,143.63,143.21,143.63,10300,138.36
FXS,2007-03-19,143.54,143.54,142.87,143.31,35100,138.06
FXS,2007-03-16,144.11,144.20,143.51,143.60,3700,138.34
FXS,2007-03-15,142.80,143.21,142.80,143.14,2700,137.89
FXS,2007-03-14,142.08,142.50,142.02,142.50,3400,137.28
FXS,2007-03-13,142.48,142.62,142.19,142.19,1500,136.98
FXS,2007-03-12,141.70,142.25,141.70,142.18,1800,136.97
FXS,2007-03-09,141.00,141.28,140.85,141.00,7500,135.83
FXS,2007-03-08,141.50,141.51,140.97,141.38,14600,136.20
FXS,2007-03-07,142.06,142.49,141.91,142.31,3900,137.09
FXS,2007-03-06,141.21,141.85,141.17,141.70,17200,136.50
FXS,2007-03-05,140.45,140.94,140.42,140.67,28900,135.51
FXS,2007-03-02,141.62,142.20,141.52,142.00,13600,136.79
FXS,2007-03-01,142.27,142.27,141.25,141.79,2900,136.59
FXS,2007-02-28,142.53,143.42,142.53,143.28,10400,137.79
FXS,2007-02-27,143.74,143.92,143.23,143.27,6800,137.78
FXS,2007-02-26,142.08,142.71,142.08,142.66,24400,137.19
FXS,2007-02-23,141.42,142.02,141.42,141.78,54600,136.34
FXS,2007-02-22,141.00,141.62,141.00,141.30,800,135.88
FXS,2007-02-21,141.22,141.70,141.22,141.70,2000,136.27
FXS,2007-02-20,142.15,142.15,141.94,142.06,19200,136.61
FXS,2007-02-16,141.74,142.33,141.74,142.33,38900,136.87
FXS,2007-02-15,142.62,142.62,142.21,142.32,2600,136.86
FXS,2007-02-14,143.00,143.96,143.00,143.88,5000,138.36
FXS,2007-02-13,142.03,142.60,139.13,142.57,7600,137.10
FXS,2007-02-12,142.36,142.36,142.03,142.03,700,136.58
FXS,2007-02-09,143.01,143.07,142.76,142.79,4000,137.32
FXS,2007-02-08,143.50,143.61,143.50,143.61,200,138.10
FXS,2007-02-07,142.83,142.93,142.68,142.89,4800,137.41
FXS,2007-02-06,141.79,142.27,141.79,142.23,1500,136.78
FXS,2007-02-05,141.73,141.75,141.00,141.71,25900,136.28
FXS,2007-02-02,143.19,143.19,142.92,143.17,800,137.68
FXS,2007-02-01,144.07,144.25,143.83,143.83,600,138.32
FXS,2007-01-31,143.47,144.17,143.47,144.17,300,138.39
FXS,2007-01-30,143.61,143.67,143.55,143.55,1400,137.79
FXS,2007-01-29,143.52,143.52,143.52,143.52,100,137.76
FXS,2007-01-26,142.20,142.40,142.15,142.30,1700,136.59
FXS,2007-01-25,143.27,143.32,142.71,142.72,1800,137.00
FXS,2007-01-24,143.22,143.22,142.92,142.93,1300,137.20
FXS,2007-01-23,140.52,143.72,140.52,143.66,4400,137.90
FXS,2007-01-22,142.00,142.00,142.00,142.00,100,136.30
FXS,2007-01-19,142.21,142.58,142.21,142.56,600,136.84
FXS,2007-01-18,142.23,142.34,142.23,142.34,1300,136.63
FXS,2007-01-17,142.45,142.74,141.95,142.62,10200,136.90
FXS,2007-01-16,142.94,142.94,142.70,142.75,1100,137.02
FXS,2007-01-12,142.40,142.40,142.32,142.32,300,136.61
FXS,2007-01-11,141.88,141.88,140.94,141.11,1500,135.45
FXS,2007-01-10,142.07,142.07,141.64,141.64,1700,135.96
FXS,2007-01-09,142.91,142.91,142.91,142.91,400,137.18
FXS,2007-01-08,143.55,143.55,142.96,142.99,700,137.25
FXS,2007-01-05,143.44,143.59,143.34,143.59,1000,137.83
FXS,2007-01-04,145.00,145.00,144.02,144.05,1800,138.27
FXS,2007-01-03,146.75,146.75,145.74,145.74,600,139.89
FXS,2006-12-29,146.07,146.54,145.98,146.28,3100,140.18
FXS,2006-12-28,146.17,146.17,145.47,145.52,4600,139.45
FXS,2006-12-27,145.88,145.99,145.26,145.26,6200,139.20
FXS,2006-12-26,146.14,146.14,145.32,145.32,500,139.26
FXS,2006-12-22,146.55,146.55,145.90,146.12,2700,140.02
FXS,2006-12-21,146.88,147.17,146.88,146.98,700,140.85
FXS,2006-12-20,147.00,147.00,146.27,146.68,1500,140.56
FXS,2006-12-19,145.89,146.84,145.86,146.56,5900,140.45
FXS,2006-12-18,144.76,144.93,144.54,144.93,600,138.88
FXS,2006-12-15,145.50,145.50,144.50,144.59,2400,138.56
FXS,2006-12-14,145.80,145.80,145.27,145.40,3100,139.33
FXS,2006-12-13,146.20,146.45,145.96,146.40,1800,140.29
FXS,2006-12-12,146.79,147.29,146.79,147.22,1700,141.08
FXS,2006-12-11,145.69,146.14,145.69,146.14,1000,140.04
FXS,2006-12-08,147.55,147.55,145.67,145.69,6700,139.61
FXS,2006-12-07,147.18,147.35,146.98,146.98,2000,140.85
FXS,2006-12-06,146.58,147.13,146.58,146.61,2000,140.49
FXS,2006-12-05,147.32,147.57,146.54,147.49,3400,141.34
FXS,2006-12-04,147.51,147.91,147.35,147.59,7900,141.43
FXS,2006-12-01,146.76,148.04,146.76,147.75,20200,141.59
FXS,2006-11-30,145.99,146.70,145.98,146.31,7700,140.21
FXS,2006-11-29,145.48,145.48,144.91,145.11,600,139.06
FXS,2006-11-28,145.33,145.64,144.99,145.53,1500,139.46
FXS,2006-11-27,145.31,145.58,145.30,145.44,18600,139.37
FXS,2006-11-24,144.91,145.14,144.91,144.96,600,138.91
FXS,2006-11-22,142.54,143.05,142.54,142.96,1600,137.00
FXS,2006-11-21,140.79,141.00,140.79,141.00,1300,135.12
FXS,2006-11-20,141.44,141.44,140.97,140.97,3800,135.09
FXS,2006-11-17,141.89,141.89,141.33,141.45,3200,135.55
FXS,2006-11-16,141.68,141.82,141.43,141.66,6200,135.75
FXS,2006-11-15,141.13,141.81,141.13,141.81,800,135.89
FXS,2006-11-14,141.72,141.74,141.48,141.61,700,135.70
FXS,2006-11-13,141.23,141.23,141.00,141.07,1200,135.18
FXS,2006-11-10,141.49,141.68,141.36,141.36,2100,135.46
FXS,2006-11-09,140.52,141.58,140.52,141.21,1600,135.32
FXS,2006-11-08,140.02,140.15,140.02,140.11,300,134.26
FXS,2006-11-07,139.99,140.17,139.95,139.99,1400,134.15
FXS,2006-11-06,139.07,139.07,139.07,139.07,100,133.27
FXS,2006-11-03,138.41,138.41,138.41,138.41,100,132.64
FXS,2006-11-02,138.85,139.01,138.77,139.01,700,133.21
FXS,2006-11-01,138.96,138.98,138.96,138.98,200,133.18
FXS,2006-10-31,138.63,138.66,138.63,138.66,600,132.88
FXS,2006-10-30,138.19,138.28,138.19,138.28,200,132.51
FXS,2006-10-27,138.45,138.45,138.45,138.45,1000,132.67
FXS,2006-10-26,137.25,137.25,137.25,137.25,100,131.52
FXS,2006-10-25,136.97,136.97,136.81,136.93,2300,131.22
FXS,2006-10-24,136.41,136.41,136.41,136.41,000,130.72
FXS,2006-10-23,136.41,136.41,136.41,136.41,100,130.72
FXS,2006-10-20,135.75,135.75,135.75,135.75,000,130.09
FXS,2006-10-19,135.75,135.75,135.75,135.75,000,130.09
FXS,2006-10-18,135.75,135.75,135.75,135.75,000,130.09
FXS,2006-10-17,135.57,135.75,135.57,135.75,600,130.09
FXS,2006-10-16,135.05,135.05,135.05,135.05,100,129.42
FXS,2006-10-13,135.40,135.40,135.40,135.40,000,129.75
FXS,2006-10-12,135.40,135.40,135.40,135.40,000,129.75
FXS,2006-10-11,135.40,135.40,135.40,135.40,100,129.75
FXS,2006-10-10,135.31,135.31,135.21,135.21,1300,129.57
FXS,2006-10-09,135.71,135.71,135.37,135.38,600,129.73
FXS,2006-10-06,135.76,135.99,135.70,135.70,400,130.04
FXS,2006-10-05,136.89,137.05,136.89,137.05,1000,131.33
FXS,2006-10-04,136.00,136.00,136.00,136.00,100,130.33
FXS,2006-10-03,136.44,136.44,136.44,136.44,000,130.75
FXS,2006-10-02,136.15,136.44,136.15,136.44,400,130.75
FXS,2006-09-29,136.70,136.70,136.70,136.70,200,131.00
FXS,2006-09-28,137.42,137.54,137.40,137.54,1600,131.80
FXS,2006-09-27,137.01,137.13,136.93,136.93,400,131.22
FXS,2006-09-26,136.60,136.63,136.43,136.49,8100,130.80
FXS,2006-09-25,137.20,137.20,137.13,137.13,2400,131.41
FXS,2006-09-22,138.23,138.23,138.23,138.23,100,132.46
FXS,2006-09-21,137.84,138.60,137.84,138.60,600,132.82
FXS,2006-09-20,138.45,138.45,138.45,138.45,000,132.67
FXS,2006-09-19,138.45,138.45,138.45,138.45,100,132.67
FXS,2006-09-18,137.93,137.93,137.93,137.93,300,132.18
FXS,2006-09-15,138.63,138.87,137.48,137.62,2600,131.88
FXS,2006-09-14,138.07,138.07,138.07,138.07,100,132.31
FXS,2006-09-13,137.29,137.29,137.29,137.29,1000,131.56
FXS,2006-09-12,137.39,137.39,137.39,137.39,1000,131.66
FXS,2006-09-11,136.91,136.91,136.91,136.91,100,131.20
FXS,2006-09-08,136.05,136.11,135.98,136.11,2900,130.43
FXS,2006-09-07,136.09,136.50,136.09,136.35,500,130.66
FXS,2006-09-06,137.72,137.72,137.72,137.72,000,131.97
FXS,2006-09-05,137.72,137.72,137.72,137.72,000,131.97
FXS,2006-09-01,137.78,137.78,137.72,137.72,300,131.97
FXS,2006-08-31,138.60,138.60,138.11,138.12,3500,132.36
FXS,2006-08-30,138.85,139.00,138.85,139.00,200,133.20
FXS,2006-08-29,138.76,138.76,138.48,138.48,2200,132.70
FXS,2006-08-28,138.28,138.28,138.28,138.28,100,132.51
FXS,2006-08-25,137.99,137.99,137.99,137.99,100,132.23
FXS,2006-08-24,139.47,139.47,139.47,139.47,000,133.65
FXS,2006-08-23,139.46,139.47,139.46,139.47,200,133.65
FXS,2006-08-22,139.35,139.35,139.35,139.35,100,133.54
FXS,2006-08-21,140.58,140.58,140.53,140.53,400,134.67
FXS,2006-08-18,139.26,139.45,139.26,139.45,300,133.63
FXS,2006-08-17,140.13,140.13,139.96,139.96,200,134.12
FXS,2006-08-16,140.02,140.02,140.02,140.02,100,134.18
FXS,2006-08-15,138.82,138.98,138.82,138.91,4400,133.11
FXS,2006-08-14,138.06,138.07,138.06,138.07,300,132.31
FXS,2006-08-11,139.18,139.18,139.18,139.18,000,133.37
FXS,2006-08-10,139.70,139.70,138.89,139.18,1300,133.37
FXS,2006-08-09,140.50,140.50,140.50,140.50,2200,134.64
FXS,2006-08-08,139.91,139.91,139.91,139.91,100,134.07
FXS,2006-08-07,140.22,140.22,140.01,140.01,2200,134.17
FXS,2006-08-04,140.18,140.18,140.07,140.07,300,134.23
FXS,2006-08-03,139.26,139.34,139.26,139.34,200,133.53
FXS,2006-08-02,138.43,138.43,138.43,138.43,000,132.65
FXS,2006-08-01,138.43,138.43,138.43,138.43,000,132.65
FXS,2006-07-31,138.43,138.43,138.43,138.43,000,132.48
FXS,2006-07-28,138.22,138.43,138.22,138.43,200,132.48
FXS,2006-07-27,138.45,138.45,137.74,137.74,900,131.82
FXS,2006-07-26,136.58,136.99,136.58,136.99,400,131.10
FXS,2006-07-25,136.60,136.60,136.11,136.17,900,130.31
FXS,2006-07-24,136.75,136.75,136.59,136.59,500,130.72
FXS,2006-07-21,137.16,137.16,137.16,137.16,000,131.26
FXS,2006-07-20,137.08,137.16,137.08,137.16,200,131.26
FXS,2006-07-19,135.23,135.23,135.23,135.23,000,129.41
FXS,2006-07-18,135.45,135.45,135.03,135.23,700,129.41
FXS,2006-07-17,135.75,135.87,135.73,135.87,4100,130.03
FXS,2006-07-14,137.61,137.61,137.53,137.53,600,131.62
FXS,2006-07-13,138.77,138.77,138.77,138.77,100,132.80
FXS,2006-07-12,138.58,138.60,138.58,138.60,200,132.64
FXS,2006-07-11,138.90,138.90,138.90,138.90,4000,132.93
FXS,2006-07-10,138.77,139.02,138.77,139.02,2800,133.04
FXS,2006-07-07,140.32,140.32,140.32,140.32,300,134.29
FXS,2006-07-06,139.09,139.61,139.09,139.50,1700,133.50
FXS,2006-07-05,138.81,138.81,138.81,138.81,000,132.84
FXS,2006-07-03,138.81,138.81,138.81,138.81,300,132.84
FXS,2006-06-30,138.41,139.14,138.41,139.14,2700,133.09
FXS,2006-06-29,135.94,137.60,135.94,137.60,2000,131.62
FXS,2006-06-28,136.28,136.28,136.28,136.28,100,130.35
FXS,2006-06-27,136.42,136.42,136.08,136.08,34200,130.16
FXS,2006-06-26,136.48,137.00,136.30,136.75,26700,130.80
