JYF,2011-10-28,34.83,34.91,34.65,34.80,26200,34.80
JYF,2011-10-27,34.80,34.93,34.48,34.48,29500,34.48
JYF,2011-10-26,34.90,35.00,34.34,34.54,21400,34.54
JYF,2011-10-25,34.66,34.68,34.53,34.64,67100,34.64
JYF,2011-10-24,34.78,34.78,34.40,34.65,35800,34.65
JYF,2011-10-21,34.47,34.50,34.08,34.36,3300,34.36
JYF,2011-10-20,34.30,34.30,33.90,33.90,17700,33.90
JYF,2011-10-19,34.02,34.06,33.78,33.82,5200,33.82
JYF,2011-10-18,34.09,34.49,34.09,34.17,3600,34.17
JYF,2011-10-17,34.28,34.28,33.68,34.08,3300,34.08
JYF,2011-10-14,33.91,33.97,33.89,33.97,1000,33.97
JYF,2011-10-13,33.85,34.36,33.75,33.87,33800,33.87
JYF,2011-10-12,34.10,34.33,33.85,34.00,4800,34.00
JYF,2011-10-11,34.06,34.29,33.87,34.29,7100,34.29
JYF,2011-10-10,34.49,34.49,33.91,34.49,8300,34.49
JYF,2011-10-07,34.04,34.49,34.04,34.17,19100,34.17
JYF,2011-10-06,34.12,34.49,34.08,34.20,12000,34.20
JYF,2011-10-05,33.97,34.45,33.78,34.35,72400,34.35
JYF,2011-10-04,33.93,34.06,33.52,33.92,11300,33.92
JYF,2011-10-03,33.40,33.66,33.40,33.60,80800,33.60
JYF,2011-09-30,33.72,33.72,33.72,33.72,200,33.72
JYF,2011-09-29,33.66,33.86,33.59,33.62,1000,33.62
JYF,2011-09-28,34.01,34.01,33.79,33.88,5400,33.88
JYF,2011-09-27,33.65,33.75,33.65,33.71,700,33.71
JYF,2011-09-26,33.72,33.72,33.72,33.72,000,33.72
JYF,2011-09-23,33.74,33.79,33.72,33.72,1100,33.72
JYF,2011-09-22,33.79,33.98,33.61,33.72,41800,33.72
JYF,2011-09-21,34.14,34.14,34.14,34.14,000,34.14
JYF,2011-09-20,34.14,34.14,33.98,34.14,15700,34.14
JYF,2011-09-19,34.14,34.14,33.97,34.00,1600,34.00
JYF,2011-09-16,34.12,34.12,34.02,34.02,300,34.02
JYF,2011-09-15,33.79,34.28,33.79,34.14,1200,34.14
JYF,2011-09-14,34.03,34.03,34.03,34.03,000,34.03
JYF,2011-09-13,34.27,34.29,33.99,34.03,13900,34.03
JYF,2011-09-12,34.03,34.28,33.80,33.80,12100,33.80
JYF,2011-09-09,33.72,33.96,33.68,33.96,3500,33.96
JYF,2011-09-08,33.49,33.63,33.49,33.62,1400,33.62
JYF,2011-09-07,33.64,33.79,33.42,33.79,2500,33.79
JYF,2011-09-06,33.62,33.62,33.41,33.41,300,33.41
JYF,2011-09-02,33.69,33.99,33.69,33.99,800,33.99
JYF,2011-09-01,34.16,34.29,33.93,34.00,9100,34.00
JYF,2011-08-31,34.14,34.87,34.06,34.10,9900,34.10
JYF,2011-08-30,34.23,34.57,33.86,34.02,6400,34.02
JYF,2011-08-29,33.91,34.94,33.46,33.95,11500,33.95
JYF,2011-08-26,34.33,34.33,33.88,34.01,800,34.01
JYF,2011-08-25,33.48,33.91,33.42,33.91,500,33.91
JYF,2011-08-24,33.99,33.99,33.56,33.88,1400,33.88
JYF,2011-08-23,33.72,34.04,33.72,34.04,300,34.04
JYF,2011-08-22,33.46,33.96,33.46,33.96,3200,33.96
JYF,2011-08-19,34.78,34.98,34.25,34.42,1800,34.42
JYF,2011-08-18,34.24,35.00,33.82,34.48,19300,34.48
JYF,2011-08-17,33.99,33.99,33.99,33.99,000,33.99
JYF,2011-08-16,34.01,34.02,33.55,33.99,1800,33.99
JYF,2011-08-15,33.65,33.65,33.60,33.65,500,33.65
JYF,2011-08-12,33.77,34.00,33.45,33.62,1800,33.62
JYF,2011-08-11,34.11,34.57,33.66,34.19,9400,34.19
JYF,2011-08-10,34.87,34.87,34.20,34.66,5600,34.66
JYF,2011-08-09,35.09,35.09,33.81,33.83,2200,33.83
JYF,2011-08-08,34.05,34.12,33.47,33.47,2200,33.47
JYF,2011-08-05,32.52,34.47,31.95,34.47,113300,34.47
JYF,2011-08-04,33.15,33.15,32.50,33.05,4200,33.05
JYF,2011-08-03,34.00,34.47,33.69,33.69,2400,33.69
JYF,2011-08-02,33.79,33.83,33.39,33.40,3100,33.40
JYF,2011-08-01,33.87,34.11,33.34,33.34,94400,33.34
JYF,2011-07-29,33.84,33.97,33.62,33.68,2300,33.68
JYF,2011-07-28,33.48,33.48,33.30,33.35,500,33.35
JYF,2011-07-27,33.46,33.71,33.32,33.32,1900,33.32
JYF,2011-07-26,33.15,33.20,32.97,32.97,1000,32.97
JYF,2011-07-25,32.89,33.17,32.89,33.17,1600,33.17
JYF,2011-07-22,32.54,32.54,32.54,32.54,000,32.54
JYF,2011-07-21,32.54,32.54,32.54,32.54,000,32.54
JYF,2011-07-20,32.54,32.54,32.54,32.54,000,32.54
JYF,2011-07-19,32.80,32.80,32.54,32.54,3200,32.54
JYF,2011-07-18,32.80,32.80,32.80,32.80,000,32.80
JYF,2011-07-15,32.95,32.95,32.80,32.80,1900,32.80
JYF,2011-07-14,32.98,32.98,32.88,32.88,400,32.88
JYF,2011-07-13,32.50,32.50,32.50,32.50,000,32.50
JYF,2011-07-12,32.50,32.50,32.50,32.50,200,32.50
JYF,2011-07-11,32.12,32.12,32.12,32.12,2000,32.12
JYF,2011-07-08,31.85,31.85,31.85,31.85,000,31.85
JYF,2011-07-07,31.85,31.85,31.85,31.85,000,31.85
JYF,2011-07-06,31.85,31.85,31.85,31.85,100,31.85
JYF,2011-07-05,32.06,32.06,32.06,32.06,000,32.06
JYF,2011-07-01,32.06,32.06,32.06,32.06,000,32.06
JYF,2011-06-30,32.06,32.06,32.06,32.06,000,32.06
JYF,2011-06-29,32.06,32.06,32.06,32.06,000,32.06
JYF,2011-06-28,32.28,32.28,32.06,32.06,700,32.06
JYF,2011-06-27,32.26,32.26,32.15,32.15,600,32.15
JYF,2011-06-24,32.12,32.12,32.12,32.12,100,32.12
JYF,2011-06-23,32.00,32.00,32.00,32.00,700,32.00
JYF,2011-06-22,32.46,32.46,32.46,32.46,000,32.46
JYF,2011-06-21,32.46,32.46,32.46,32.46,100,32.46
JYF,2011-06-20,32.17,32.17,32.17,32.17,000,32.17
JYF,2011-06-17,32.17,32.17,32.17,32.17,200,32.17
JYF,2011-06-16,32.40,32.40,32.40,32.40,000,32.40
JYF,2011-06-15,32.40,32.40,32.40,32.40,000,32.40
JYF,2011-06-14,32.40,32.40,32.40,32.40,000,32.40
JYF,2011-06-13,32.40,32.40,32.40,32.40,000,32.40
JYF,2011-06-10,32.40,32.40,32.40,32.40,000,32.40
JYF,2011-06-09,32.62,32.62,32.30,32.40,16000,32.40
JYF,2011-06-08,32.44,32.44,32.43,32.44,700,32.44
JYF,2011-06-07,32.42,32.42,32.42,32.42,1100,32.42
JYF,2011-06-06,32.34,32.34,32.08,32.08,1200,32.08
JYF,2011-06-03,32.07,32.07,32.07,32.07,000,32.07
JYF,2011-06-02,32.07,32.07,32.07,32.07,500,32.07
JYF,2011-06-01,31.86,31.86,31.86,31.86,100,31.86
JYF,2011-05-31,31.71,31.71,31.71,31.71,000,31.71
JYF,2011-05-27,31.71,31.71,31.71,31.71,000,31.71
JYF,2011-05-26,31.71,31.71,31.71,31.71,000,31.71
JYF,2011-05-25,31.71,31.71,31.71,31.71,000,31.71
JYF,2011-05-24,31.71,31.71,31.71,31.71,000,31.71
JYF,2011-05-23,31.71,31.71,31.71,31.71,3300,31.71
JYF,2011-05-20,31.78,31.78,31.78,31.78,3300,31.78
JYF,2011-05-19,31.82,31.82,31.82,31.82,000,31.82
JYF,2011-05-18,31.82,31.82,31.82,31.82,000,31.82
JYF,2011-05-17,31.81,31.82,31.81,31.82,200,31.82
JYF,2011-05-16,31.84,31.84,31.84,31.84,200,31.84
JYF,2011-05-13,32.10,32.15,32.09,32.13,1000,32.13
JYF,2011-05-12,32.12,32.12,32.12,32.12,1000,32.12
JYF,2011-05-11,31.90,31.90,31.90,31.90,000,31.90
JYF,2011-05-10,32.26,32.26,31.90,31.90,600,31.90
JYF,2011-05-09,32.47,32.47,32.47,32.47,000,32.47
JYF,2011-05-06,32.47,32.47,32.47,32.47,000,32.47
JYF,2011-05-05,32.43,32.47,32.39,32.47,1200,32.47
JYF,2011-05-04,31.99,31.99,31.96,31.96,7200,31.96
JYF,2011-05-03,32.40,32.41,32.38,32.38,800,32.38
JYF,2011-05-02,32.21,32.21,32.21,32.21,1000,32.21
JYF,2011-04-29,32.10,32.10,32.08,32.08,200,32.08
JYF,2011-04-28,31.52,31.52,31.52,31.52,000,31.52
JYF,2011-04-27,31.53,31.57,31.40,31.52,25300,31.52
JYF,2011-04-26,31.27,31.27,31.27,31.27,000,31.27
JYF,2011-04-25,31.27,31.27,31.27,31.27,000,31.27
JYF,2011-04-21,31.27,31.27,31.27,31.27,000,31.27
JYF,2011-04-20,31.27,31.27,31.27,31.27,000,31.27
JYF,2011-04-19,31.27,31.27,31.27,31.27,000,31.27
JYF,2011-04-18,31.27,31.27,31.27,31.27,000,31.27
JYF,2011-04-15,31.27,31.27,31.27,31.27,100,31.27
JYF,2011-04-14,31.13,31.26,31.13,31.18,1300,31.18
JYF,2011-04-13,31.14,31.14,31.08,31.08,500,31.08
JYF,2011-04-12,30.50,30.50,30.50,30.50,000,30.50
JYF,2011-04-11,30.50,30.50,30.50,30.50,100,30.50
JYF,2011-04-08,30.70,30.70,30.61,30.66,1400,30.66
JYF,2011-04-07,30.60,30.60,30.60,30.60,100,30.60
JYF,2011-04-06,31.00,31.00,31.00,31.00,000,31.00
JYF,2011-04-05,31.00,31.00,31.00,31.00,000,31.00
JYF,2011-04-04,31.00,31.00,31.00,31.00,8800,31.00
JYF,2011-04-01,30.74,30.78,30.74,30.78,300,30.78
JYF,2011-03-31,31.28,31.28,31.28,31.28,600,31.28
JYF,2011-03-30,31.52,31.52,31.52,31.52,100,31.52
JYF,2011-03-29,31.73,31.79,31.50,31.70,24100,31.70
JYF,2011-03-28,32.06,32.06,31.95,31.95,300,31.95
JYF,2011-03-25,32.68,32.68,32.03,32.06,900,32.06
JYF,2011-03-24,32.16,32.28,32.11,32.28,500,32.28
JYF,2011-03-23,32.49,32.49,32.15,32.18,8300,32.18
JYF,2011-03-22,32.17,32.45,32.17,32.42,5200,32.42
JYF,2011-03-21,32.20,32.20,32.08,32.20,3800,32.20
JYF,2011-03-18,32.11,32.40,32.11,32.40,200,32.40
JYF,2011-03-17,33.05,33.60,32.88,32.88,3000,32.88
JYF,2011-03-16,33.36,33.36,32.23,32.40,15700,32.40
JYF,2011-03-15,32.13,33.23,32.13,33.23,6000,33.23
JYF,2011-03-14,32.86,32.86,32.23,32.23,1500,32.23
JYF,2011-03-11,31.70,32.21,31.70,32.21,3800,32.21
JYF,2011-03-10,31.85,31.85,31.85,31.85,000,31.85
JYF,2011-03-09,32.20,32.20,31.85,31.85,3000,31.85
JYF,2011-03-08,31.98,31.98,31.98,31.98,000,31.98
JYF,2011-03-07,33.99,33.99,31.98,31.98,8200,31.98
JYF,2011-03-04,31.56,31.56,31.56,31.56,200,31.56
JYF,2011-03-03,32.16,32.16,32.16,32.16,000,32.16
JYF,2011-03-02,32.00,32.16,32.00,32.16,600,32.16
JYF,2011-03-01,31.76,31.76,31.76,31.76,000,31.76
JYF,2011-02-28,32.27,32.27,31.76,31.76,600,31.76
JYF,2011-02-25,31.78,31.78,31.78,31.78,300,31.78
JYF,2011-02-24,31.83,31.83,31.83,31.83,000,31.83
JYF,2011-02-23,31.83,31.83,31.83,31.83,000,31.83
JYF,2011-02-22,31.30,31.86,31.30,31.83,5500,31.83
JYF,2011-02-18,31.27,31.27,31.27,31.27,300,31.27
JYF,2011-02-17,31.60,31.60,31.60,31.60,1100,31.60
JYF,2011-02-16,31.13,31.50,31.13,31.50,11400,31.50
JYF,2011-02-15,31.27,31.27,31.27,31.27,000,31.27
JYF,2011-02-14,31.27,31.27,31.27,31.27,000,31.27
JYF,2011-02-11,31.27,31.27,31.27,31.27,400,31.27
JYF,2011-02-10,31.38,31.38,31.38,31.38,1100,31.38
JYF,2011-02-09,31.63,31.63,31.63,31.63,100,31.63
JYF,2011-02-08,31.96,32.07,31.93,31.93,700,31.93
JYF,2011-02-07,31.77,31.77,31.74,31.74,300,31.74
JYF,2011-02-04,31.75,31.78,31.75,31.78,4100,31.78
JYF,2011-02-03,31.91,31.91,31.91,31.91,000,31.91
JYF,2011-02-02,31.84,31.91,31.71,31.91,9100,31.91
JYF,2011-02-01,31.50,31.83,31.50,31.83,800,31.83
JYF,2011-01-31,31.67,31.67,31.67,31.67,000,31.67
JYF,2011-01-28,31.67,31.68,31.67,31.67,1400,31.67
JYF,2011-01-27,31.59,31.59,31.59,31.59,200,31.59
JYF,2011-01-26,31.66,31.77,31.66,31.77,500,31.77
JYF,2011-01-25,31.50,31.50,31.50,31.50,000,31.50
JYF,2011-01-24,31.50,31.50,31.50,31.50,000,31.50
JYF,2011-01-21,31.50,31.50,31.50,31.50,000,31.50
JYF,2011-01-20,31.70,31.70,31.32,31.50,4600,31.50
JYF,2011-01-19,31.62,31.70,31.62,31.70,300,31.70
JYF,2011-01-18,31.71,31.71,31.48,31.48,900,31.48
JYF,2011-01-14,31.36,31.36,31.36,31.36,100,31.36
JYF,2011-01-13,31.36,31.44,31.36,31.44,500,31.44
JYF,2011-01-12,31.32,31.32,31.32,31.32,000,31.32
JYF,2011-01-11,31.26,31.39,31.26,31.32,700,31.32
JYF,2011-01-10,31.26,31.46,31.26,31.46,1800,31.46
JYF,2011-01-07,31.50,31.50,31.50,31.50,100,31.50
JYF,2011-01-06,31.86,31.86,31.86,31.86,000,31.86
JYF,2011-01-05,31.86,31.86,31.86,31.86,000,31.86
JYF,2011-01-04,31.86,31.86,31.86,31.86,1900,31.86
JYF,2011-01-03,31.81,31.85,31.81,31.85,200,31.85
JYF,2010-12-31,31.83,31.83,31.83,31.83,000,31.83
JYF,2010-12-30,31.93,31.93,31.83,31.83,400,31.83
JYF,2010-12-29,31.47,31.47,31.47,31.47,000,31.47
JYF,2010-12-28,31.47,31.47,31.47,31.47,000,31.47
JYF,2010-12-27,31.45,31.53,31.45,31.47,1600,31.47
JYF,2010-12-23,31.10,31.10,31.10,31.10,000,31.10
JYF,2010-12-22,31.10,31.10,31.10,31.10,000,31.10
JYF,2010-12-21,31.10,31.10,31.10,31.10,1000,31.10
JYF,2010-12-20,31.07,31.07,31.07,31.07,1400,31.07
JYF,2010-12-17,30.98,31.01,30.93,30.98,2300,30.98
JYF,2010-12-16,30.93,31.04,30.86,30.99,7300,30.99
JYF,2010-12-15,30.83,30.85,30.83,30.85,200,30.85
JYF,2010-12-14,31.11,31.11,31.08,31.08,400,31.08
JYF,2010-12-13,31.19,31.19,31.19,31.19,000,31.19
JYF,2010-12-10,31.13,31.19,31.13,31.19,400,31.19
JYF,2010-12-09,31.22,31.22,31.22,31.22,200,31.22
JYF,2010-12-08,31.02,31.02,30.92,30.97,1500,30.97
JYF,2010-12-07,31.46,31.46,31.41,31.41,10000,31.41
JYF,2010-12-06,31.41,31.41,31.41,31.41,400,31.41
JYF,2010-12-03,31.46,31.49,31.38,31.42,3500,31.42
JYF,2010-12-02,31.02,31.04,30.95,31.04,6600,31.04
JYF,2010-12-01,30.90,30.95,30.87,30.91,600,30.91
JYF,2010-11-30,31.12,31.12,31.12,31.12,000,31.12
JYF,2010-11-29,31.12,31.12,31.12,31.12,000,31.12
JYF,2010-11-26,31.12,31.12,31.12,31.12,000,31.12
JYF,2010-11-24,31.13,31.13,31.12,31.12,700,31.12
JYF,2010-11-23,31.47,31.47,31.40,31.40,1200,31.40
JYF,2010-11-22,31.16,31.16,31.16,31.16,000,31.16
JYF,2010-11-19,31.19,31.20,31.16,31.16,500,31.16
JYF,2010-11-18,31.13,31.13,31.13,31.13,200,31.13
JYF,2010-11-17,31.29,31.29,31.29,31.29,100,31.29
JYF,2010-11-16,31.25,31.25,31.25,31.25,100,31.25
JYF,2010-11-15,31.54,31.54,31.52,31.52,400,31.52
JYF,2010-11-12,31.58,31.66,31.58,31.65,2800,31.65
JYF,2010-11-11,31.64,31.64,31.64,31.64,000,31.64
JYF,2010-11-10,31.69,31.72,31.64,31.64,400,31.64
JYF,2010-11-09,32.28,32.33,31.77,31.77,1200,31.77
JYF,2010-11-08,32.06,32.09,32.06,32.09,1800,32.09
JYF,2010-11-05,32.01,32.01,32.01,32.01,200,32.01
JYF,2010-11-04,32.37,32.37,32.37,32.37,200,32.37
JYF,2010-11-03,32.00,32.04,31.99,31.99,2500,31.99
JYF,2010-11-02,32.25,32.37,32.25,32.33,2000,32.33
JYF,2010-11-01,32.40,32.40,32.40,32.40,200,32.40
JYF,2010-10-29,32.27,32.34,32.25,32.34,1300,32.34
JYF,2010-10-28,32.19,32.19,32.19,32.19,100,32.19
JYF,2010-10-27,31.88,31.90,31.84,31.87,1700,31.87
JYF,2010-10-26,32.09,32.09,32.09,32.09,000,32.09
JYF,2010-10-25,32.09,32.09,32.09,32.09,000,32.09
JYF,2010-10-22,32.09,32.09,32.09,32.09,000,32.09
JYF,2010-10-21,32.09,32.09,32.08,32.09,1100,32.09
JYF,2010-10-20,32.10,32.10,32.10,32.10,100,32.10
JYF,2010-10-19,31.94,32.03,31.93,32.03,900,32.03
JYF,2010-10-18,32.17,32.17,32.14,32.14,300,32.14
JYF,2010-10-15,32.04,32.05,31.97,32.04,2200,32.04
JYF,2010-10-14,31.96,31.96,31.96,31.96,000,31.96
JYF,2010-10-13,31.96,31.96,31.96,31.96,700,31.96
JYF,2010-10-12,31.88,31.88,31.88,31.88,000,31.88
JYF,2010-10-11,31.92,31.92,31.88,31.88,300,31.88
JYF,2010-10-08,31.86,31.94,31.74,31.74,700,31.74
JYF,2010-10-07,31.75,31.75,31.64,31.70,900,31.70
JYF,2010-10-06,31.45,31.51,31.45,31.51,1000,31.51
JYF,2010-10-05,31.27,31.27,31.27,31.27,000,31.27
JYF,2010-10-04,31.27,31.27,31.27,31.27,000,31.27
JYF,2010-10-01,31.27,31.27,31.27,31.27,100,31.27
JYF,2010-09-30,31.21,31.21,31.21,31.21,100,31.21
JYF,2010-09-29,31.25,31.26,31.25,31.26,1200,31.26
JYF,2010-09-28,31.17,31.17,31.17,31.17,1500,31.17
JYF,2010-09-27,30.91,30.91,30.91,30.91,000,30.91
JYF,2010-09-24,30.91,30.91,30.91,30.91,000,30.91
JYF,2010-09-23,30.94,30.94,30.89,30.91,2200,30.91
JYF,2010-09-22,30.82,30.95,30.81,30.87,9400,30.87
JYF,2010-09-21,30.54,30.54,30.54,30.54,1200,30.54
JYF,2010-09-20,30.51,30.51,30.37,30.37,4400,30.37
JYF,2010-09-17,30.36,30.39,30.36,30.37,2400,30.37
JYF,2010-09-16,30.38,30.38,30.38,30.38,1400,30.38
JYF,2010-09-15,30.41,30.42,30.41,30.42,400,30.42
JYF,2010-09-14,31.30,31.43,31.30,31.43,700,31.43
JYF,2010-09-13,30.99,30.99,30.99,30.99,000,30.99
JYF,2010-09-10,30.99,30.99,30.99,30.99,200,30.99
JYF,2010-09-09,31.10,31.15,31.10,31.10,600,31.10
JYF,2010-09-08,31.12,31.12,31.12,31.12,200,31.12
JYF,2010-09-07,31.13,31.20,31.13,31.20,300,31.20
JYF,2010-09-03,30.82,30.82,30.82,30.82,100,30.82
JYF,2010-09-02,30.92,30.92,30.92,30.92,100,30.92
JYF,2010-09-01,31.03,31.03,30.86,30.90,87200,30.90
JYF,2010-08-31,30.85,31.00,30.85,31.00,9000,31.00
JYF,2010-08-30,30.75,30.77,30.75,30.77,1500,30.77
JYF,2010-08-27,30.90,30.90,30.50,30.52,500,30.52
JYF,2010-08-26,30.79,30.79,30.79,30.79,400,30.79
JYF,2010-08-25,30.62,30.62,30.62,30.62,000,30.62
JYF,2010-08-24,30.62,30.62,30.62,30.62,000,30.62
JYF,2010-08-23,30.58,30.62,30.58,30.62,200,30.62
JYF,2010-08-20,30.56,30.56,30.56,30.56,000,30.56
JYF,2010-08-19,30.56,30.56,30.56,30.56,100,30.56
JYF,2010-08-18,30.52,30.52,30.52,30.52,000,30.52
JYF,2010-08-17,30.51,30.52,30.51,30.52,200,30.52
JYF,2010-08-16,30.52,30.52,30.52,30.52,200,30.52
JYF,2010-08-13,30.34,30.34,30.34,30.34,300,30.34
JYF,2010-08-12,30.68,30.68,30.68,30.68,000,30.68
JYF,2010-08-11,30.80,30.80,30.68,30.68,300,30.68
JYF,2010-08-10,30.40,30.50,30.40,30.50,700,30.50
JYF,2010-08-09,30.37,30.37,30.32,30.32,600,30.32
JYF,2010-08-06,30.61,30.61,30.50,30.50,700,30.50
JYF,2010-08-05,30.19,30.19,30.19,30.19,000,30.19
JYF,2010-08-04,30.20,30.28,30.12,30.19,2200,30.19
JYF,2010-08-03,30.13,30.13,30.13,30.13,000,30.13
JYF,2010-08-02,30.20,30.20,30.13,30.13,1500,30.13
JYF,2010-07-30,30.17,30.26,30.15,30.26,1100,30.26
JYF,2010-07-29,30.08,30.08,30.08,30.08,100,30.08
JYF,2010-07-28,29.79,29.79,29.79,29.79,100,29.79
JYF,2010-07-27,29.64,29.64,29.64,29.64,200,29.64
JYF,2010-07-26,29.96,29.96,29.96,29.96,600,29.96
JYF,2010-07-23,29.88,29.88,29.88,29.88,200,29.88
JYF,2010-07-22,29.95,30.07,29.95,29.96,2400,29.96
JYF,2010-07-21,29.94,29.94,29.94,29.94,000,29.94
JYF,2010-07-20,29.97,29.97,29.94,29.94,700,29.94
JYF,2010-07-19,30.10,30.10,30.10,30.10,000,30.10
JYF,2010-07-16,30.14,30.14,30.04,30.10,1800,30.10
JYF,2010-07-15,29.82,29.91,29.82,29.91,1000,29.91
JYF,2010-07-14,29.46,29.46,29.46,29.46,000,29.46
JYF,2010-07-13,29.46,29.46,29.46,29.46,000,29.46
JYF,2010-07-12,29.46,29.46,29.46,29.46,000,29.46
JYF,2010-07-09,29.46,29.46,29.46,29.46,000,29.46
JYF,2010-07-08,29.57,29.57,29.41,29.46,4500,29.46
JYF,2010-07-07,29.76,29.76,29.76,29.76,000,29.76
JYF,2010-07-06,29.86,29.86,29.69,29.76,25600,29.76
JYF,2010-07-02,29.72,29.88,29.70,29.73,8000,29.73
JYF,2010-07-01,29.88,29.95,29.88,29.95,91700,29.95
JYF,2010-06-30,29.52,29.52,29.52,29.52,500,29.52
JYF,2010-06-29,29.63,29.63,29.49,29.51,1100,29.51
JYF,2010-06-28,29.26,29.26,29.26,29.26,300,29.26
JYF,2010-06-25,29.24,29.25,29.24,29.25,1000,29.25
JYF,2010-06-24,29.28,29.28,29.14,29.14,1100,29.14
JYF,2010-06-23,28.61,28.61,28.61,28.61,000,28.61
JYF,2010-06-22,28.61,28.61,28.61,28.61,000,28.61
JYF,2010-06-21,28.26,28.61,28.26,28.61,2100,28.61
JYF,2010-06-18,28.59,28.59,28.59,28.59,000,28.59
JYF,2010-06-17,28.59,28.59,28.59,28.59,000,28.59
JYF,2010-06-16,28.59,28.59,28.59,28.59,000,28.59
JYF,2010-06-15,28.59,28.59,28.59,28.59,000,28.59
JYF,2010-06-14,28.59,28.59,28.59,28.59,000,28.59
JYF,2010-06-11,28.59,28.59,28.59,28.59,000,28.59
JYF,2010-06-10,28.59,28.59,28.59,28.59,200,28.59
JYF,2010-06-09,28.50,28.50,28.50,28.50,100,28.50
JYF,2010-06-08,28.69,28.69,28.69,28.69,100,28.69
JYF,2010-06-07,28.44,28.44,28.44,28.44,200,28.44
JYF,2010-06-04,28.32,28.41,28.30,28.40,700,28.40
JYF,2010-06-03,28.25,28.31,28.25,28.31,700,28.31
JYF,2010-06-02,28.32,28.32,28.32,28.32,200,28.32
JYF,2010-06-01,28.64,28.64,28.64,28.64,400,28.64
JYF,2010-05-28,28.77,28.81,28.77,28.80,900,28.80
JYF,2010-05-27,28.94,28.94,28.83,28.83,300,28.83
JYF,2010-05-26,28.97,28.99,28.97,28.99,300,28.99
JYF,2010-05-25,29.14,29.19,29.00,29.00,2600,29.00
JYF,2010-05-24,28.98,28.99,28.83,28.94,2400,28.94
JYF,2010-05-21,29.11,29.11,29.11,29.11,000,29.11
JYF,2010-05-20,29.20,29.20,28.93,29.11,7000,29.11
JYF,2010-05-19,28.46,28.53,28.43,28.52,1100,28.52
JYF,2010-05-18,28.14,28.21,28.12,28.21,700,28.21
JYF,2010-05-17,28.20,28.34,28.20,28.34,600,28.34
JYF,2010-05-14,28.41,28.41,28.41,28.41,600,28.41
JYF,2010-05-13,28.00,28.00,28.00,28.00,000,28.00
JYF,2010-05-12,28.00,28.00,28.00,28.00,200,28.00
JYF,2010-05-11,28.16,28.22,28.16,28.22,1100,28.22
JYF,2010-05-10,28.00,28.09,27.98,28.07,1300,28.07
JYF,2010-05-07,29.00,29.00,28.41,28.41,300,28.41
JYF,2010-05-06,28.33,29.10,28.33,28.94,1500,28.94
JYF,2010-05-05,27.71,27.71,27.71,27.71,000,27.71
JYF,2010-05-04,27.71,27.71,27.71,27.71,500,27.71
JYF,2010-05-03,27.77,27.77,27.77,27.77,000,27.77
JYF,2010-04-30,27.77,27.77,27.77,27.77,000,27.77
JYF,2010-04-29,27.77,27.77,27.77,27.77,300,27.77
JYF,2010-04-28,27.80,27.80,27.65,27.71,6600,27.71
JYF,2010-04-27,28.00,28.00,27.99,27.99,500,27.99
JYF,2010-04-26,28.08,28.08,28.08,28.08,000,28.08
JYF,2010-04-23,28.08,28.08,28.08,28.08,000,28.08
JYF,2010-04-22,28.08,28.08,28.08,28.08,000,28.08
JYF,2010-04-21,28.08,28.08,28.08,28.08,300,28.08
JYF,2010-04-20,28.06,28.06,28.02,28.04,800,28.04
JYF,2010-04-19,28.34,28.34,28.34,28.34,400,28.34
JYF,2010-04-16,28.26,28.46,28.24,28.38,8700,28.38
JYF,2010-04-15,28.11,28.11,28.11,28.11,100,28.11
JYF,2010-04-14,28.01,28.13,28.01,28.13,1800,28.13
JYF,2010-04-13,28.05,28.05,28.05,28.05,5000,28.05
JYF,2010-04-12,28.06,28.06,28.03,28.05,13500,28.05
JYF,2010-04-09,27.87,27.87,27.87,27.87,000,27.87
JYF,2010-04-08,27.87,27.87,27.87,27.87,000,27.87
JYF,2010-04-07,27.87,27.87,27.87,27.87,000,27.87
JYF,2010-04-06,27.88,27.88,27.87,27.87,2000,27.87
JYF,2010-04-05,27.72,27.74,27.72,27.74,7100,27.74
JYF,2010-04-01,27.84,27.85,27.84,27.85,1800,27.85
JYF,2010-03-31,28.07,28.07,27.98,27.98,200,27.98
JYF,2010-03-30,28.12,28.13,28.11,28.13,900,28.13
JYF,2010-03-29,28.25,28.25,28.25,28.25,400,28.25
JYF,2010-03-26,28.22,28.29,28.22,28.29,400,28.29
JYF,2010-03-25,28.24,28.24,28.14,28.14,200,28.14
JYF,2010-03-24,28.50,28.50,28.36,28.36,4300,28.36
JYF,2010-03-23,28.95,28.95,28.95,28.95,100,28.95
JYF,2010-03-22,29.00,29.00,29.00,29.00,100,29.00
JYF,2010-03-19,28.92,28.93,28.91,28.93,600,28.93
JYF,2010-03-18,28.94,28.94,28.94,28.94,100,28.94
JYF,2010-03-17,28.94,29.00,28.94,29.00,900,29.00
JYF,2010-03-16,28.91,28.98,28.91,28.96,800,28.96
JYF,2010-03-15,28.81,28.96,28.81,28.96,800,28.96
JYF,2010-03-12,28.72,28.74,28.69,28.69,1800,28.69
JYF,2010-03-11,28.86,28.89,28.85,28.85,1400,28.85
JYF,2010-03-10,28.93,28.93,28.93,28.93,200,28.93
JYF,2010-03-09,28.92,28.92,28.92,28.92,000,28.92
JYF,2010-03-08,28.90,28.92,28.90,28.92,700,28.92
JYF,2010-03-05,29.11,29.11,29.02,29.02,2300,29.02
JYF,2010-03-04,29.57,29.57,29.57,29.57,000,29.57
JYF,2010-03-03,29.57,29.57,29.57,29.57,100,29.57
JYF,2010-03-02,29.43,29.44,29.42,29.42,600,29.42
JYF,2010-03-01,29.33,29.33,29.33,29.33,300,29.33
JYF,2010-02-26,29.33,29.33,29.33,29.33,000,29.33
JYF,2010-02-25,29.37,29.41,29.33,29.33,1700,29.33
JYF,2010-02-24,29.04,29.04,29.01,29.01,200,29.01
JYF,2010-02-23,29.05,29.05,28.98,28.98,900,28.98
JYF,2010-02-22,28.60,28.76,28.60,28.69,900,28.69
JYF,2010-02-19,28.57,28.58,28.57,28.58,200,28.58
JYF,2010-02-18,28.65,28.66,28.59,28.60,5100,28.60
JYF,2010-02-17,28.82,28.82,28.75,28.75,500,28.75
JYF,2010-02-16,29.09,29.09,29.09,29.09,200,29.09
JYF,2010-02-12,29.03,29.11,29.03,29.11,1000,29.11
JYF,2010-02-11,29.22,29.22,29.22,29.22,200,29.22
JYF,2010-02-10,29.10,29.15,29.10,29.15,1900,29.15
JYF,2010-02-09,29.29,29.29,29.24,29.24,800,29.24
JYF,2010-02-08,29.32,29.32,29.32,29.32,200,29.32
JYF,2010-02-05,29.27,29.30,29.24,29.25,9800,29.25
JYF,2010-02-04,29.34,29.34,29.33,29.33,1700,29.33
JYF,2010-02-03,28.77,28.77,28.67,28.69,1800,28.69
JYF,2010-02-02,28.99,28.99,28.99,28.99,200,28.99
JYF,2010-02-01,29.05,29.05,28.75,28.88,2000,28.88
JYF,2010-01-29,28.81,28.97,28.81,28.97,700,28.97
JYF,2010-01-28,29.05,29.05,29.05,29.05,000,29.05
JYF,2010-01-27,29.07,29.17,29.05,29.05,1300,29.05
JYF,2010-01-26,29.17,29.17,29.14,29.17,800,29.17
JYF,2010-01-25,29.09,29.09,29.09,29.09,000,29.09
JYF,2010-01-22,29.07,29.16,29.07,29.09,1700,29.09
JYF,2010-01-21,29.01,29.01,28.94,28.97,800,28.97
JYF,2010-01-20,28.71,28.71,28.68,28.68,400,28.68
JYF,2010-01-19,28.76,28.76,28.66,28.66,1600,28.66
JYF,2010-01-15,28.74,28.84,28.74,28.84,800,28.84
JYF,2010-01-14,28.70,28.70,28.69,28.69,900,28.69
JYF,2010-01-13,28.76,28.76,28.76,28.76,000,28.76
JYF,2010-01-12,28.76,28.76,28.76,28.76,300,28.76
JYF,2010-01-11,28.41,28.41,28.38,28.38,2000,28.38
JYF,2010-01-08,28.11,28.11,28.11,28.11,000,28.11
JYF,2010-01-07,28.09,28.11,28.05,28.11,500,28.11
JYF,2010-01-06,28.25,28.37,28.25,28.35,500,28.35
JYF,2010-01-05,28.55,28.55,28.53,28.53,500,28.53
JYF,2010-01-04,28.21,28.24,28.21,28.24,800,28.24
JYF,2009-12-31,28.28,28.28,28.01,28.07,4300,28.07
JYF,2009-12-30,28.38,28.38,28.28,28.36,1400,28.36
JYF,2009-12-29,28.51,28.51,28.38,28.39,7000,28.39
JYF,2009-12-28,28.57,28.62,28.40,28.53,11500,28.53
JYF,2009-12-24,28.38,28.38,28.38,28.38,000,28.38
JYF,2009-12-23,28.56,28.62,28.38,28.38,9600,28.38
JYF,2009-12-22,28.56,28.56,28.56,28.56,200,28.56
JYF,2009-12-21,28.85,28.85,28.70,28.70,1000,28.70
JYF,2009-12-18,28.89,29.02,28.77,29.02,6700,29.02
JYF,2009-12-17,29.05,29.05,29.05,29.05,600,29.05
JYF,2009-12-16,29.22,29.31,29.22,29.24,500,29.24
JYF,2009-12-15,29.31,29.31,29.08,29.25,1400,29.25
JYF,2009-12-14,29.54,29.57,29.54,29.56,1300,29.56
JYF,2009-12-11,29.22,29.30,29.22,29.30,500,29.30
JYF,2009-12-10,29.65,29.73,29.65,29.73,500,29.73
JYF,2009-12-09,29.80,29.83,29.60,29.77,5100,29.77
JYF,2009-12-08,29.56,29.70,29.56,29.61,3100,29.61
JYF,2009-12-07,29.10,29.33,29.10,29.21,2900,29.21
JYF,2009-12-04,28.98,29.00,28.94,28.98,1500,28.98
JYF,2009-12-03,29.64,29.72,29.64,29.72,1500,29.72
JYF,2009-12-02,30.04,30.04,29.92,29.93,3200,29.93
JYF,2009-12-01,30.27,30.27,30.22,30.22,500,30.22
JYF,2009-11-30,30.30,30.41,30.24,30.35,1700,30.35
JYF,2009-11-27,30.12,30.20,30.12,30.14,1500,30.14
JYF,2009-11-25,29.91,29.96,29.87,29.96,1000,29.96
JYF,2009-11-24,29.55,29.55,29.55,29.55,300,29.55
JYF,2009-11-23,29.52,29.52,29.22,29.41,3000,29.41
JYF,2009-11-20,29.39,29.41,29.38,29.41,2600,29.41
JYF,2009-11-19,29.55,29.55,29.46,29.46,600,29.46
JYF,2009-11-18,29.33,29.40,29.32,29.35,1300,29.35
JYF,2009-11-17,29.40,29.40,29.26,29.38,3600,29.38
JYF,2009-11-16,29.29,29.51,29.29,29.51,1100,29.51
JYF,2009-11-13,29.25,29.25,29.18,29.18,2800,29.18
JYF,2009-11-12,29.02,29.02,29.02,29.02,300,29.02
JYF,2009-11-11,29.11,29.20,29.11,29.20,600,29.20
JYF,2009-11-10,29.20,29.21,29.17,29.17,900,29.17
JYF,2009-11-09,29.24,29.24,29.20,29.21,1200,29.21
JYF,2009-11-06,29.19,29.19,29.19,29.19,2200,29.19
JYF,2009-11-05,28.81,28.90,28.81,28.90,500,28.90
JYF,2009-11-04,28.89,28.89,28.78,28.78,1600,28.78
JYF,2009-11-03,28.96,28.96,28.96,28.96,000,28.96
JYF,2009-11-02,28.94,29.02,28.94,28.96,400,28.96
JYF,2009-10-30,28.80,29.06,28.76,29.06,500,29.06
JYF,2009-10-29,28.83,28.83,28.83,28.83,000,28.83
JYF,2009-10-28,28.74,28.90,28.74,28.83,1600,28.83
JYF,2009-10-27,28.43,28.43,28.42,28.42,200,28.42
JYF,2009-10-26,28.50,28.50,28.42,28.42,1500,28.42
JYF,2009-10-23,28.52,28.52,28.44,28.50,2200,28.50
JYF,2009-10-22,28.66,28.73,28.60,28.73,7300,28.73
JYF,2009-10-21,28.80,28.83,28.80,28.83,2200,28.83
JYF,2009-10-20,28.85,28.92,28.85,28.92,3400,28.92
JYF,2009-10-19,28.91,28.91,28.85,28.89,1800,28.89
JYF,2009-10-16,28.80,28.88,28.80,28.84,1400,28.84
JYF,2009-10-15,29.03,29.03,28.90,28.90,7200,28.90
JYF,2009-10-14,29.30,29.50,29.29,29.36,5700,29.36
JYF,2009-10-13,29.18,29.26,29.18,29.23,1600,29.23
JYF,2009-10-12,29.15,29.26,29.15,29.20,1400,29.20
JYF,2009-10-09,29.35,29.36,29.15,29.15,1500,29.15
JYF,2009-10-08,29.60,29.63,29.60,29.63,1900,29.63
JYF,2009-10-07,29.42,29.55,29.42,29.55,3000,29.55
JYF,2009-10-06,29.48,29.54,29.46,29.54,1800,29.54
JYF,2009-10-05,29.33,29.33,29.31,29.31,400,29.31
JYF,2009-10-02,29.39,29.39,29.15,29.15,4400,29.15
JYF,2009-10-01,29.27,29.27,29.23,29.23,1100,29.23
JYF,2009-09-30,29.26,29.26,29.26,29.26,200,29.26
JYF,2009-09-29,29.03,29.10,29.03,29.09,2300,29.09
JYF,2009-09-28,29.29,29.34,29.16,29.16,2400,29.16
JYF,2009-09-25,29.13,29.18,29.13,29.18,200,29.18
JYF,2009-09-24,28.71,28.71,28.71,28.71,000,28.71
JYF,2009-09-23,28.61,28.75,28.61,28.71,2000,28.71
JYF,2009-09-22,28.48,28.48,28.48,28.48,000,28.48
JYF,2009-09-21,28.37,28.49,28.37,28.48,400,28.48
JYF,2009-09-18,28.76,28.76,28.64,28.65,4100,28.65
JYF,2009-09-17,28.74,28.74,28.74,28.74,500,28.74
JYF,2009-09-16,28.88,28.88,28.88,28.88,400,28.88
JYF,2009-09-15,28.78,28.80,28.78,28.80,2800,28.80
JYF,2009-09-14,28.81,28.93,28.81,28.93,800,28.93
JYF,2009-09-11,28.83,28.96,28.83,28.94,3800,28.94
JYF,2009-09-10,28.60,28.60,28.60,28.60,1100,28.60
JYF,2009-09-09,28.55,28.55,28.55,28.55,2600,28.55
JYF,2009-09-08,28.46,28.46,28.43,28.43,500,28.43
JYF,2009-09-04,28.26,28.26,28.20,28.20,300,28.20
JYF,2009-09-03,28.36,28.36,28.29,28.29,600,28.29
JYF,2009-09-02,28.35,28.47,28.35,28.47,900,28.47
JYF,2009-09-01,28.21,28.21,28.20,28.20,200,28.20
JYF,2009-08-31,28.23,28.30,28.22,28.22,800,28.22
JYF,2009-08-28,27.89,27.89,27.89,27.89,000,27.89
JYF,2009-08-27,27.89,27.89,27.89,27.89,000,27.89
JYF,2009-08-26,27.89,27.89,27.89,27.89,000,27.89
JYF,2009-08-25,27.85,27.89,27.85,27.89,1200,27.89
JYF,2009-08-24,27.81,27.81,27.81,27.81,000,27.81
JYF,2009-08-21,27.81,27.81,27.81,27.81,100,27.81
JYF,2009-08-20,27.83,27.84,27.83,27.84,800,27.84
JYF,2009-08-19,27.87,27.87,27.87,27.87,200,27.87
JYF,2009-08-18,27.73,27.73,27.73,27.73,000,27.73
JYF,2009-08-17,27.74,27.74,27.73,27.73,300,27.73
JYF,2009-08-14,27.56,27.56,27.56,27.56,000,27.56
JYF,2009-08-13,27.55,27.56,27.55,27.56,400,27.56
JYF,2009-08-12,27.22,27.27,27.08,27.21,2100,27.21
JYF,2009-08-11,27.29,27.30,27.29,27.30,300,27.30
JYF,2009-08-10,26.92,26.92,26.92,26.92,000,26.92
JYF,2009-08-07,27.09,27.09,26.79,26.92,3200,26.92
JYF,2009-08-06,27.42,27.43,27.42,27.43,300,27.43
JYF,2009-08-05,27.47,27.47,27.47,27.47,300,27.47
JYF,2009-08-04,27.46,27.46,27.46,27.46,000,27.46
JYF,2009-08-03,27.56,27.56,27.46,27.46,1700,27.46
JYF,2009-07-31,27.53,27.77,27.53,27.76,3300,27.76
JYF,2009-07-30,27.54,27.54,27.54,27.54,000,27.54
JYF,2009-07-29,27.54,27.54,27.54,27.54,000,27.54
JYF,2009-07-28,27.54,27.54,27.54,27.54,000,27.54
JYF,2009-07-27,27.57,27.57,27.54,27.54,1000,27.54
JYF,2009-07-24,27.65,27.65,27.65,27.65,200,27.65
JYF,2009-07-23,27.66,27.66,27.57,27.57,1000,27.57
JYF,2009-07-22,28.15,28.15,27.96,27.99,5600,27.99
JYF,2009-07-21,27.72,27.72,27.72,27.72,000,27.72
JYF,2009-07-20,27.78,27.78,27.71,27.72,800,27.72
JYF,2009-07-17,28.01,28.01,28.01,28.01,000,28.01
JYF,2009-07-16,28.01,28.01,28.01,28.01,500,28.01
JYF,2009-07-15,27.91,27.91,27.87,27.87,900,27.87
JYF,2009-07-14,28.14,28.30,28.14,28.19,2000,28.19
JYF,2009-07-13,28.46,28.46,28.25,28.25,700,28.25
JYF,2009-07-10,28.46,28.49,28.41,28.41,3600,28.41
JYF,2009-07-09,28.19,28.29,28.19,28.24,700,28.24
JYF,2009-07-08,28.10,28.44,28.10,28.25,600,28.25
JYF,2009-07-07,27.62,27.65,27.56,27.61,1000,27.61
JYF,2009-07-06,27.66,27.66,27.66,27.66,400,27.66
JYF,2009-07-02,27.38,27.39,27.37,27.39,500,27.39
JYF,2009-07-01,27.07,27.07,27.06,27.06,1400,27.06
JYF,2009-06-30,27.17,27.17,27.17,27.17,100,27.17
JYF,2009-06-29,27.28,27.28,27.28,27.28,000,27.28
JYF,2009-06-26,27.28,27.28,27.28,27.28,000,27.28
JYF,2009-06-25,27.28,27.28,27.28,27.28,300,27.28
JYF,2009-06-24,27.56,27.56,27.54,27.54,200,27.54
JYF,2009-06-23,27.25,27.25,27.25,27.25,000,27.25
JYF,2009-06-22,27.25,27.25,27.25,27.25,000,27.25
JYF,2009-06-19,27.25,27.25,27.25,27.25,000,27.25
JYF,2009-06-18,27.25,27.25,27.25,27.25,200,27.25
JYF,2009-06-17,27.28,27.38,27.28,27.36,7200,27.36
JYF,2009-06-16,26.90,26.90,26.90,26.90,000,26.90
JYF,2009-06-15,26.84,26.90,26.84,26.90,7900,26.90
JYF,2009-06-12,26.78,26.78,26.66,26.66,1500,26.66
JYF,2009-06-11,26.67,26.85,26.66,26.85,4200,26.85
JYF,2009-06-10,26.67,26.67,26.66,26.66,300,26.66
JYF,2009-06-09,26.88,26.88,26.88,26.88,200,26.88
JYF,2009-06-08,26.68,26.68,26.68,26.68,900,26.68
JYF,2009-06-05,26.50,26.57,26.50,26.57,600,26.57
JYF,2009-06-04,27.21,27.21,27.03,27.03,4100,27.03
JYF,2009-06-03,27.42,27.42,27.42,27.42,800,27.42
JYF,2009-06-02,27.45,27.45,27.43,27.43,300,27.43
JYF,2009-06-01,27.14,27.18,27.12,27.18,4000,27.18
JYF,2009-05-29,27.41,27.49,27.17,27.49,30900,27.49
JYF,2009-05-28,27.63,27.63,27.63,27.63,000,27.63
JYF,2009-05-27,27.63,27.63,27.63,27.63,000,27.63
JYF,2009-05-26,27.63,27.63,27.63,27.63,500,27.63
JYF,2009-05-22,27.76,27.76,27.76,27.76,000,27.76
JYF,2009-05-21,27.76,27.76,27.76,27.76,300,27.76
JYF,2009-05-20,27.30,27.30,27.30,27.30,000,27.30
JYF,2009-05-19,27.30,27.30,27.30,27.30,1300,27.30
JYF,2009-05-18,27.27,27.27,27.10,27.23,8600,27.23
JYF,2009-05-15,27.65,27.65,27.65,27.65,100,27.65
JYF,2009-05-14,27.40,27.40,27.40,27.40,2200,27.40
JYF,2009-05-13,27.35,27.35,27.35,27.35,200,27.35
JYF,2009-05-12,27.00,27.25,27.00,27.15,1500,27.15
JYF,2009-05-11,26.57,26.57,26.57,26.57,000,26.57
JYF,2009-05-08,26.40,26.57,26.40,26.57,500,26.57
JYF,2009-05-07,26.41,26.48,26.41,26.48,500,26.48
JYF,2009-05-06,26.63,26.63,26.59,26.63,3600,26.63
JYF,2009-05-05,26.55,26.55,26.51,26.51,1400,26.51
JYF,2009-05-04,26.52,26.53,26.46,26.46,3900,26.46
JYF,2009-05-01,26.52,26.52,26.52,26.52,000,26.52
JYF,2009-04-30,26.64,26.64,26.52,26.52,700,26.52
JYF,2009-04-29,27.09,27.09,26.84,26.87,2700,26.87
JYF,2009-04-28,27.17,27.19,27.15,27.15,1700,27.15
JYF,2009-04-27,27.05,27.10,27.05,27.08,600,27.08
JYF,2009-04-24,26.96,26.96,26.95,26.95,1600,26.95
JYF,2009-04-23,26.70,26.70,26.70,26.70,000,26.70
JYF,2009-04-22,26.78,26.78,26.70,26.70,2500,26.70
JYF,2009-04-21,26.62,26.63,26.62,26.63,500,26.63
JYF,2009-04-20,26.69,26.69,26.69,26.69,1500,26.69
JYF,2009-04-17,26.47,26.47,26.47,26.47,000,26.47
JYF,2009-04-16,26.47,26.47,26.47,26.47,000,26.47
JYF,2009-04-15,26.38,26.47,26.38,26.47,1500,26.47
JYF,2009-04-14,26.44,26.54,26.43,26.49,4700,26.49
JYF,2009-04-13,26.34,26.34,26.34,26.34,000,26.34
JYF,2009-04-09,26.34,26.34,26.34,26.34,000,26.34
JYF,2009-04-08,26.18,26.34,26.12,26.34,8400,26.34
JYF,2009-04-07,26.11,26.11,26.00,26.08,13800,26.08
JYF,2009-04-06,25.99,25.99,25.88,25.88,29500,25.88
JYF,2009-04-03,26.12,26.30,26.09,26.16,5100,26.16
JYF,2009-04-02,26.32,26.37,26.32,26.34,5000,26.34
JYF,2009-04-01,26.50,26.57,26.50,26.57,3200,26.57
JYF,2009-03-31,26.47,26.47,26.47,26.47,500,26.47
JYF,2009-03-30,27.02,27.02,27.02,27.02,2000,27.02
JYF,2009-03-27,26.66,26.81,26.66,26.72,1300,26.72
JYF,2009-03-26,26.56,26.56,26.56,26.56,100,26.56
JYF,2009-03-25,26.87,26.97,26.82,26.95,11000,26.95
JYF,2009-03-24,26.68,26.68,26.61,26.61,600,26.61
JYF,2009-03-23,26.83,26.91,26.82,26.89,3200,26.89
JYF,2009-03-20,27.24,27.24,27.23,27.23,22400,27.23
JYF,2009-03-19,27.49,27.94,27.49,27.72,3600,27.72
JYF,2009-03-18,26.58,27.17,26.58,27.17,300,27.17
JYF,2009-03-17,26.34,26.59,26.34,26.59,400,26.59
JYF,2009-03-16,26.41,26.41,26.41,26.41,200,26.41
JYF,2009-03-13,26.63,26.73,26.62,26.71,5100,26.71
JYF,2009-03-12,26.96,26.96,26.65,26.65,500,26.65
JYF,2009-03-11,26.75,26.75,26.72,26.72,3700,26.72
JYF,2009-03-10,26.61,26.64,26.50,26.52,2400,26.52
JYF,2009-03-09,26.55,26.55,26.55,26.55,000,26.55
JYF,2009-03-06,26.55,26.55,26.55,26.55,000,26.55
JYF,2009-03-05,26.36,26.55,26.24,26.55,9700,26.55
JYF,2009-03-04,26.36,26.36,26.29,26.36,3900,26.36
JYF,2009-03-03,26.38,26.45,26.38,26.45,5600,26.45
JYF,2009-03-02,26.73,26.73,26.73,26.73,000,26.73
JYF,2009-02-27,26.73,26.73,26.73,26.73,2000,26.73
JYF,2009-02-26,26.55,26.58,26.55,26.58,400,26.58
JYF,2009-02-25,27.00,27.00,26.89,26.89,3500,26.89
JYF,2009-02-24,27.21,27.21,27.07,27.14,3100,27.14
JYF,2009-02-23,27.65,27.88,27.65,27.73,5000,27.73
JYF,2009-02-20,27.80,28.17,27.78,28.17,4900,28.17
JYF,2009-02-19,27.90,27.90,27.85,27.85,1500,27.85
JYF,2009-02-18,28.20,28.20,27.90,27.90,3500,27.90
JYF,2009-02-17,28.41,28.48,28.29,28.35,8200,28.35
JYF,2009-02-13,28.51,28.55,28.51,28.51,3500,28.51
JYF,2009-02-12,29.09,29.09,28.89,28.94,1200,28.94
JYF,2009-02-11,29.10,29.15,29.10,29.10,1300,29.10
JYF,2009-02-10,28.95,29.03,28.95,29.03,900,29.03
JYF,2009-02-09,28.67,28.73,28.65,28.72,6200,28.72
JYF,2009-02-06,28.72,28.72,28.46,28.59,7200,28.59
JYF,2009-02-05,28.83,28.83,28.66,28.66,900,28.66
JYF,2009-02-04,29.32,29.39,29.24,29.39,1600,29.39
JYF,2009-02-03,29.40,29.66,29.36,29.36,8300,29.36
JYF,2009-02-02,29.32,29.32,29.26,29.26,300,29.26
JYF,2009-01-30,29.26,29.27,29.21,29.26,800,29.26
JYF,2009-01-29,29.27,29.27,29.26,29.26,400,29.26
JYF,2009-01-28,29.25,29.30,29.02,29.02,6800,29.02
JYF,2009-01-27,29.32,29.55,29.32,29.44,2000,29.44
JYF,2009-01-26,29.46,29.61,29.35,29.51,5200,29.51
JYF,2009-01-23,29.41,29.71,29.35,29.46,28200,29.46
JYF,2009-01-22,29.57,29.57,29.41,29.41,200,29.41
JYF,2009-01-21,29.31,30.04,29.31,29.89,700,29.89
JYF,2009-01-20,28.87,29.29,28.87,29.20,15800,29.20
JYF,2009-01-16,28.96,28.98,28.87,28.94,3100,28.94
JYF,2009-01-15,29.12,29.12,28.93,28.93,400,28.93
JYF,2009-01-14,29.17,29.44,29.17,29.44,5300,29.44
JYF,2009-01-13,28.97,29.39,28.97,29.39,1300,29.39
JYF,2009-01-12,29.16,29.27,29.08,29.17,4800,29.17
JYF,2009-01-09,28.78,28.79,28.67,28.67,600,28.67
JYF,2009-01-08,28.52,28.73,28.52,28.72,1400,28.72
JYF,2009-01-07,28.00,28.10,28.00,28.04,111300,28.04
JYF,2009-01-06,27.55,27.55,27.36,27.46,3900,27.46
JYF,2009-01-05,27.72,28.03,27.72,27.73,21800,27.73
JYF,2009-01-02,28.76,28.81,28.21,28.28,6500,28.28
JYF,2008-12-31,28.78,28.78,28.76,28.76,300,28.76
JYF,2008-12-30,28.74,28.76,28.74,28.76,900,28.76
JYF,2008-12-29,28.81,28.99,28.80,28.80,2400,28.80
JYF,2008-12-26,29.01,29.01,28.64,28.85,1400,28.85
JYF,2008-12-24,28.66,28.70,28.63,28.63,1700,28.63
JYF,2008-12-23,28.55,28.77,28.53,28.53,2300,28.53
JYF,2008-12-22,28.85,28.96,28.72,28.74,2600,28.74
JYF,2008-12-19,28.80,29.29,28.80,28.97,6300,28.92
JYF,2008-12-18,29.55,29.55,28.87,29.05,18700,29.00
JYF,2008-12-17,29.66,29.99,29.66,29.99,22100,29.94
JYF,2008-12-16,29.30,29.33,29.10,29.30,6200,29.25
JYF,2008-12-15,28.91,29.06,28.78,28.89,12200,28.84
JYF,2008-12-12,28.81,28.81,28.64,28.72,1800,28.67
JYF,2008-12-11,28.62,28.63,28.57,28.58,2700,28.53
JYF,2008-12-10,28.42,28.46,28.25,28.44,4000,28.39
JYF,2008-12-09,28.31,28.60,28.31,28.60,1200,28.55
JYF,2008-12-08,28.25,28.25,28.08,28.08,4500,28.03
JYF,2008-12-05,28.50,28.64,28.11,28.11,1700,28.06
JYF,2008-12-04,28.31,28.39,28.23,28.31,900,28.26
JYF,2008-12-03,28.23,28.29,28.07,28.07,6800,28.02
JYF,2008-12-02,27.95,27.98,27.95,27.98,300,27.93
JYF,2008-12-01,27.84,28.11,27.84,28.07,1800,28.02
JYF,2008-11-28,27.47,27.57,27.47,27.56,20000,27.51
JYF,2008-11-26,27.62,27.62,27.58,27.58,5600,27.53
JYF,2008-11-25,29.29,29.29,27.41,27.52,1800,27.47
JYF,2008-11-24,27.63,27.63,27.06,27.06,1400,27.01
JYF,2008-11-21,27.78,27.78,27.42,27.42,1300,27.37
JYF,2008-11-20,27.69,27.80,27.55,27.79,1600,27.74
JYF,2008-11-19,27.10,27.10,27.09,27.09,900,27.04
JYF,2008-11-18,27.06,27.06,27.06,27.06,000,27.01
JYF,2008-11-17,27.15,27.18,27.04,27.06,22000,27.01
JYF,2008-11-14,27.22,27.22,26.98,26.98,19200,26.93
JYF,2008-11-13,27.22,27.55,27.22,27.40,17200,27.35
JYF,2008-11-12,27.46,27.64,27.46,27.59,12000,27.54
JYF,2008-11-11,26.38,26.95,26.38,26.90,7700,26.85
JYF,2008-11-10,26.52,26.85,26.52,26.78,11000,26.73
JYF,2008-11-07,26.88,26.88,26.88,26.88,2100,26.83
JYF,2008-11-06,26.79,27.89,26.79,26.91,29600,26.86
JYF,2008-11-05,26.55,26.57,25.04,26.56,14000,26.51
JYF,2008-11-04,26.47,26.47,26.43,26.47,2400,26.42
JYF,2008-11-03,26.60,26.60,26.59,26.59,5700,26.54
JYF,2008-10-31,26.81,26.85,26.81,26.81,1700,26.76
JYF,2008-10-30,26.63,26.78,25.07,26.78,20700,26.73
JYF,2008-10-29,27.09,27.16,27.09,27.16,10700,27.11
JYF,2008-10-28,30.10,30.10,26.88,26.88,8400,26.83
JYF,2008-10-27,28.29,30.40,28.24,28.24,14100,28.19
JYF,2008-10-24,30.98,31.95,27.79,27.87,100400,27.82
JYF,2008-10-23,27.06,28.01,27.05,27.17,7400,27.12
JYF,2008-10-22,26.53,30.23,26.52,26.89,28800,26.84
JYF,2008-10-21,25.87,26.28,25.87,26.17,11800,26.12
JYF,2008-10-20,25.91,25.91,25.87,25.87,2400,25.83
JYF,2008-10-17,26.09,26.09,26.09,26.09,000,26.04
JYF,2008-10-16,23.98,26.09,21.70,26.09,3900,26.04
JYF,2008-10-15,25.91,25.95,25.91,25.95,300,25.91
JYF,2008-10-14,25.55,25.64,25.55,25.64,1500,25.60
JYF,2008-10-13,26.17,26.17,26.17,26.17,300,26.12
JYF,2008-10-10,26.51,26.55,26.51,26.55,7700,26.50
JYF,2008-10-09,26.02,26.06,26.02,26.06,4600,26.02
JYF,2008-10-08,29.00,29.00,23.98,26.20,10400,26.15
JYF,2008-10-07,29.96,29.96,25.59,25.70,65200,25.66
JYF,2008-10-06,25.58,26.16,25.58,25.96,18200,25.92
JYF,2008-10-03,24.94,24.94,24.91,24.91,6000,24.87
JYF,2008-10-02,24.89,24.89,24.85,24.89,4300,24.85
JYF,2008-10-01,25.50,25.50,24.74,24.74,7100,24.70
JYF,2008-09-30,25.19,25.19,24.88,24.93,4800,24.89
JYF,2008-09-29,25.04,25.21,25.04,25.21,10100,25.17
JYF,2008-09-26,24.92,24.92,24.75,24.78,4000,24.74
JYF,2008-09-25,24.85,24.85,24.61,24.62,5000,24.58
JYF,2008-09-24,24.90,24.90,24.90,24.90,500,24.86
JYF,2008-09-23,24.91,24.91,24.91,24.91,200,24.87
JYF,2008-09-22,24.67,24.86,24.67,24.86,11800,24.82
JYF,2008-09-19,24.63,24.63,24.56,24.56,1000,24.50
JYF,2008-09-18,25.00,25.20,25.00,25.18,1300,25.12
JYF,2008-09-17,25.03,25.16,25.00,25.02,100900,24.96
JYF,2008-09-16,25.39,25.40,24.94,24.94,27700,24.88
JYF,2008-09-15,24.93,24.98,24.79,24.98,3800,24.92
JYF,2008-09-12,24.57,24.57,24.57,24.57,000,24.51
JYF,2008-09-11,24.76,24.78,24.56,24.57,6300,24.51
JYF,2008-09-10,24.40,24.40,24.40,24.40,1500,24.34
JYF,2008-09-09,24.48,24.48,24.48,24.48,300,24.42
JYF,2008-09-08,24.22,24.22,24.22,24.22,400,24.16
JYF,2008-09-05,24.69,24.69,24.69,24.69,200,24.63
JYF,2008-09-04,24.33,24.33,24.33,24.33,000,24.27
JYF,2008-09-03,24.33,24.33,24.33,24.33,200,24.27
JYF,2008-09-02,24.18,24.18,24.18,24.18,000,24.12
JYF,2008-08-29,24.18,24.18,24.18,24.18,5000,24.12
JYF,2008-08-28,23.99,23.99,23.99,23.99,000,23.93
JYF,2008-08-27,23.99,23.99,23.99,23.99,000,23.93
JYF,2008-08-26,23.99,23.99,23.99,23.99,000,23.93
JYF,2008-08-25,23.99,23.99,23.99,23.99,000,23.93
JYF,2008-08-22,23.99,23.99,23.99,23.99,000,23.93
JYF,2008-08-21,23.99,23.99,23.99,23.99,000,23.93
JYF,2008-08-20,23.99,23.99,23.99,23.99,1500,23.93
JYF,2008-08-19,23.95,23.99,23.95,23.99,300,23.93
JYF,2008-08-18,23.85,23.85,23.85,23.85,700,23.79
JYF,2008-08-15,23.82,23.82,23.82,23.82,800,23.76
JYF,2008-08-14,24.00,24.00,23.93,23.97,900,23.91
JYF,2008-08-13,24.07,24.07,24.07,24.07,000,24.01
JYF,2008-08-12,23.97,24.07,23.97,24.07,1300,24.01
JYF,2008-08-11,23.96,23.96,23.96,23.96,1200,23.90
JYF,2008-08-08,23.94,23.94,23.87,23.87,1400,23.81
JYF,2008-08-07,24.03,24.05,24.03,24.05,5200,23.99
JYF,2008-08-06,24.17,24.17,24.00,24.00,6000,23.94
JYF,2008-08-05,24.34,24.34,24.30,24.30,3300,24.24
JYF,2008-08-04,24.35,24.35,24.33,24.33,1600,24.27
JYF,2008-08-01,24.49,24.49,24.45,24.45,1000,24.39
JYF,2008-07-31,24.30,24.30,24.30,24.30,000,24.24
JYF,2008-07-30,24.30,24.30,24.30,24.30,300,24.24
JYF,2008-07-29,24.32,24.34,24.32,24.32,1400,24.26
JYF,2008-07-28,24.46,24.46,24.46,24.46,3300,24.40
JYF,2008-07-25,24.38,24.38,24.38,24.38,500,24.32
JYF,2008-07-24,24.52,24.52,24.52,24.52,500,24.46
JYF,2008-07-23,24.42,24.42,24.42,24.42,1100,24.36
JYF,2008-07-22,24.52,24.52,24.51,24.51,400,24.45
JYF,2008-07-21,24.63,24.67,24.63,24.66,3700,24.60
JYF,2008-07-18,24.66,24.70,24.66,24.69,900,24.63
JYF,2008-07-17,24.94,24.94,24.64,24.66,1400,24.60
JYF,2008-07-16,25.23,25.23,25.05,25.05,1200,24.99
JYF,2008-07-15,25.11,25.25,25.08,25.12,7200,25.06
JYF,2008-07-14,24.73,24.73,24.73,24.73,1200,24.67
JYF,2008-07-11,24.73,24.73,24.73,24.73,900,24.67
JYF,2008-07-10,24.55,24.55,24.55,24.55,000,24.49
JYF,2008-07-09,24.52,24.57,24.52,24.55,2100,24.49
JYF,2008-07-08,24.55,24.55,24.55,24.55,000,24.49
JYF,2008-07-07,24.43,24.55,24.43,24.55,1100,24.49
JYF,2008-07-03,24.63,24.66,24.63,24.66,2900,24.60
JYF,2008-07-02,24.81,24.83,24.81,24.83,4000,24.77
JYF,2008-07-01,24.83,24.90,24.80,24.80,2900,24.74
JYF,2008-06-30,24.85,24.87,24.77,24.79,5500,24.73
JYF,2008-06-27,24.30,24.30,24.30,24.30,000,24.24
JYF,2008-06-26,24.30,24.30,24.30,24.30,000,24.24
JYF,2008-06-25,24.53,24.53,24.30,24.30,500,24.24
JYF,2008-06-24,24.36,24.36,24.36,24.36,1300,24.30
JYF,2008-06-23,24.39,24.39,24.39,24.39,500,24.33
JYF,2008-06-20,24.44,24.52,24.44,24.52,22600,24.46
JYF,2008-06-19,24.34,24.34,24.34,24.34,000,24.28
JYF,2008-06-18,24.34,24.34,24.34,24.34,000,24.28
JYF,2008-06-17,24.34,24.34,24.34,24.34,000,24.28
JYF,2008-06-16,24.34,24.34,24.34,24.34,100,24.28
JYF,2008-06-13,24.29,24.29,24.29,24.29,400,24.23
JYF,2008-06-12,24.72,24.72,24.72,24.72,000,24.66
JYF,2008-06-11,24.72,24.72,24.72,24.72,000,24.66
JYF,2008-06-10,24.72,24.72,24.72,24.72,000,24.66
JYF,2008-06-09,24.79,24.79,24.72,24.72,900,24.66
JYF,2008-06-06,25.03,25.03,25.03,25.03,000,24.97
JYF,2008-06-05,25.03,25.03,25.03,25.03,000,24.97
JYF,2008-06-04,25.03,25.03,25.03,25.03,100,24.97
JYF,2008-06-03,25.00,25.00,25.00,25.00,800,24.94
JYF,2008-06-02,24.93,24.93,24.93,24.93,000,24.87
JYF,2008-05-30,24.93,24.93,24.93,24.93,100,24.87
JYF,2008-05-29,25.11,25.11,25.11,25.11,000,25.05
JYF,2008-05-28,25.11,25.11,25.11,25.11,100,25.05
JYF,2008-05-27,25.40,25.40,25.17,25.18,6300,25.12
JYF,2008-05-23,25.47,25.47,25.45,25.45,300,25.39
JYF,2008-05-22,25.26,25.26,25.21,25.21,600,25.15
