TLO,2011-10-28,64.79,65.06,64.79,64.86,9900,64.86
TLO,2011-10-27,65.49,65.51,64.13,64.32,25600,64.32
TLO,2011-10-26,66.84,67.28,65.87,66.32,53900,66.32
TLO,2011-10-25,66.12,67.37,65.04,67.37,6400,67.37
TLO,2011-10-24,66.15,66.18,65.69,65.74,14600,65.74
TLO,2011-10-21,66.07,66.62,65.79,65.91,43800,65.91
TLO,2011-10-20,66.62,66.97,66.26,66.53,41000,66.53
TLO,2011-10-19,66.38,66.89,66.36,66.73,55300,66.73
TLO,2011-10-18,67.39,67.40,66.52,66.75,21600,66.75
TLO,2011-10-17,66.27,67.09,66.27,67.08,9100,67.08
TLO,2011-10-14,66.03,66.37,66.00,66.08,10600,66.08
TLO,2011-10-13,66.69,67.39,66.68,66.87,39200,66.87
TLO,2011-10-12,66.47,66.63,65.84,66.41,62900,66.41
TLO,2011-10-11,67.73,67.73,67.10,67.31,44100,67.31
TLO,2011-10-10,67.54,67.57,67.03,67.57,7000,67.57
TLO,2011-10-07,67.97,68.59,67.54,68.49,56600,68.49
TLO,2011-10-06,69.23,69.24,68.75,68.78,24100,68.78
TLO,2011-10-05,70.02,70.02,69.57,69.84,14200,69.84
TLO,2011-10-04,71.52,71.72,70.29,70.73,22100,70.73
TLO,2011-10-03,70.14,71.10,69.91,71.09,186000,71.09
TLO,2011-09-30,69.38,69.69,68.86,69.67,11600,69.50
TLO,2011-09-29,67.92,68.65,67.92,68.26,3800,68.10
TLO,2011-09-28,67.85,67.85,67.29,67.80,10800,67.64
TLO,2011-09-27,67.71,68.15,67.47,67.91,142600,67.75
TLO,2011-09-26,69.35,69.62,68.69,68.76,14800,68.60
TLO,2011-09-23,71.05,71.05,69.75,69.87,17000,69.70
TLO,2011-09-22,70.26,71.18,70.15,70.86,30200,70.69
TLO,2011-09-21,66.91,74.31,66.87,68.86,53600,68.69
TLO,2011-09-20,66.95,67.11,66.63,67.04,10100,66.88
TLO,2011-09-19,66.88,67.30,66.88,67.19,6600,67.03
TLO,2011-09-16,65.36,65.93,65.21,65.83,6900,65.67
TLO,2011-09-15,65.78,65.97,65.40,65.40,29200,65.24
TLO,2011-09-14,65.82,66.32,65.74,66.22,6300,66.06
TLO,2011-09-13,66.56,66.56,65.86,66.00,8900,65.84
TLO,2011-09-12,67.18,68.00,66.42,66.70,39600,66.54
TLO,2011-09-09,66.04,66.67,65.88,66.53,46600,66.37
TLO,2011-09-08,65.90,66.04,65.47,65.98,3600,65.82
TLO,2011-09-07,65.89,65.89,65.26,65.69,3800,65.53
TLO,2011-09-06,66.80,67.02,66.33,66.33,8500,66.17
TLO,2011-09-02,65.42,65.79,65.38,65.78,4800,65.62
TLO,2011-09-01,63.49,64.15,62.99,64.15,4400,64.00
TLO,2011-08-31,64.13,64.13,63.65,63.73,6300,63.40
TLO,2011-08-30,63.79,64.11,63.79,63.98,1900,63.65
TLO,2011-08-29,62.93,63.15,62.87,63.05,7300,62.72
TLO,2011-08-26,63.71,63.85,63.61,63.77,5200,63.44
TLO,2011-08-25,62.95,63.48,62.95,63.44,8800,63.11
TLO,2011-08-24,63.75,63.81,62.84,62.84,2200,62.51
TLO,2011-08-23,64.63,65.04,64.46,64.90,2000,64.56
TLO,2011-08-22,64.88,65.32,64.88,65.13,10300,64.79
TLO,2011-08-19,65.12,65.39,64.90,64.95,10100,64.61
TLO,2011-08-18,64.84,65.09,64.46,64.80,2700,64.46
TLO,2011-08-17,63.03,63.79,62.91,63.79,1700,63.46
TLO,2011-08-16,62.11,63.08,62.11,62.87,2400,62.54
TLO,2011-08-15,62.34,62.38,62.15,62.15,3700,61.82
TLO,2011-08-12,62.42,62.59,62.17,62.51,10900,62.18
TLO,2011-08-11,63.54,65.11,61.52,61.79,10900,61.47
TLO,2011-08-10,63.46,64.36,63.35,64.22,12900,63.88
TLO,2011-08-09,62.05,64.01,60.84,62.38,66500,62.05
TLO,2011-08-08,61.16,62.44,60.95,62.44,4400,62.11
TLO,2011-08-05,61.12,62.00,60.80,60.94,4600,60.62
TLO,2011-08-04,60.57,62.02,60.57,62.02,7000,61.70
TLO,2011-08-03,60.79,60.79,60.09,60.33,42000,60.01
TLO,2011-08-02,59.63,61.06,59.63,60.08,6700,59.77
TLO,2011-08-01,58.73,58.73,58.73,58.73,600,58.42
TLO,2011-07-29,57.88,59.19,57.88,58.35,39200,57.86
TLO,2011-07-28,57.40,57.53,57.32,57.32,7200,56.84
TLO,2011-07-27,57.08,57.16,56.96,57.16,1400,56.68
TLO,2011-07-26,57.15,57.25,57.15,57.20,2800,56.72
TLO,2011-07-25,56.77,57.00,56.77,56.98,4000,56.50
TLO,2011-07-22,57.12,57.32,57.12,57.32,6300,56.84
TLO,2011-07-21,56.97,57.11,56.76,56.97,19100,56.49
TLO,2011-07-20,57.37,57.55,57.32,57.32,35300,56.84
TLO,2011-07-19,57.07,57.64,57.00,57.64,2100,57.16
TLO,2011-07-18,57.38,57.40,57.08,57.11,3300,56.63
TLO,2011-07-15,57.20,57.41,57.20,57.41,3500,56.93
TLO,2011-07-14,57.61,57.74,57.35,57.35,5400,56.87
TLO,2011-07-13,57.67,58.09,57.35,58.05,61000,57.57
TLO,2011-07-12,57.96,57.96,57.50,57.79,8300,57.31
TLO,2011-07-11,57.21,57.61,57.21,57.54,2800,57.06
TLO,2011-07-08,56.80,56.98,56.80,56.96,3100,56.48
TLO,2011-07-07,55.99,56.12,55.88,56.12,2000,55.65
TLO,2011-07-06,56.24,56.37,56.22,56.36,1600,55.89
TLO,2011-07-05,56.09,56.10,56.02,56.02,600,55.55
TLO,2011-07-01,56.10,56.10,55.72,55.72,800,55.25
TLO,2011-06-30,56.19,56.27,55.82,56.15,7300,55.50
TLO,2011-06-29,56.51,56.51,56.30,56.30,1500,55.65
TLO,2011-06-28,57.02,57.05,56.71,56.71,3700,56.05
TLO,2011-06-27,57.79,57.79,57.16,57.16,1100,56.50
TLO,2011-06-24,57.88,58.04,57.88,57.96,13200,57.29
TLO,2011-06-23,57.86,57.99,57.83,57.96,11000,57.29
TLO,2011-06-22,57.76,57.76,57.47,57.47,4600,56.80
TLO,2011-06-21,57.47,57.52,57.35,57.52,3300,56.85
TLO,2011-06-20,57.86,57.86,57.59,57.72,10800,57.05
TLO,2011-06-17,57.67,57.73,57.60,57.69,9200,57.02
TLO,2011-06-16,57.75,57.96,57.62,57.89,25700,57.22
TLO,2011-06-15,57.38,57.51,57.38,57.42,8500,56.75
TLO,2011-06-14,56.97,57.03,56.97,56.99,600,56.33
TLO,2011-06-13,57.70,57.79,57.57,57.57,1600,56.90
TLO,2011-06-10,57.70,57.81,57.64,57.75,3000,57.08
TLO,2011-06-09,57.84,57.84,57.44,57.44,1800,56.77
TLO,2011-06-08,57.46,57.62,57.46,57.59,1500,56.92
TLO,2011-06-07,56.86,56.88,56.86,56.87,700,56.21
TLO,2011-06-06,56.90,57.06,56.90,57.06,300,56.40
TLO,2011-06-03,57.50,57.50,56.97,57.36,7400,56.69
TLO,2011-06-02,57.47,57.66,57.18,57.18,900,56.52
TLO,2011-06-01,57.89,58.04,57.86,58.04,1600,57.37
TLO,2011-05-31,57.21,57.36,57.18,57.36,800,56.51
TLO,2011-05-27,57.12,57.28,57.08,57.22,1800,56.37
TLO,2011-05-26,57.27,57.37,57.22,57.37,2400,56.52
TLO,2011-05-25,57.21,57.25,56.94,56.94,16500,56.10
TLO,2011-05-24,56.82,57.12,56.82,57.11,1300,56.26
TLO,2011-05-23,56.94,57.13,56.94,57.05,16800,56.20
TLO,2011-05-20,56.64,56.64,56.64,56.64,700,55.80
TLO,2011-05-19,56.44,56.76,56.44,56.76,3700,55.92
TLO,2011-05-18,56.97,56.97,56.73,56.81,800,55.97
TLO,2011-05-17,57.06,57.20,57.06,57.13,1200,56.28
TLO,2011-05-16,56.65,56.89,56.53,56.89,2400,56.05
TLO,2011-05-13,56.59,56.59,56.59,56.59,200,55.75
TLO,2011-05-12,56.52,56.52,56.04,56.04,1800,55.21
TLO,2011-05-11,56.19,56.55,56.12,56.46,3300,55.62
TLO,2011-05-10,56.44,56.50,56.27,56.32,1800,55.48
TLO,2011-05-09,56.45,56.52,56.45,56.48,1400,55.64
TLO,2011-05-06,56.15,56.25,56.15,56.20,2600,55.37
TLO,2011-05-05,56.67,56.69,56.67,56.67,1200,55.83
TLO,2011-05-04,56.17,56.29,56.15,56.20,7100,55.37
TLO,2011-05-03,55.98,55.98,55.92,55.92,500,55.09
TLO,2011-05-02,55.56,55.77,55.53,55.53,7300,54.71
TLO,2011-04-29,55.64,55.73,55.63,55.73,2400,54.72
TLO,2011-04-28,55.55,55.64,55.52,55.59,1200,54.59
TLO,2011-04-27,55.59,55.59,55.59,55.59,200,54.59
TLO,2011-04-26,55.47,55.78,55.47,55.75,2200,54.74
TLO,2011-04-25,55.13,55.13,55.12,55.12,200,54.12
TLO,2011-04-21,55.22,55.31,55.11,55.12,9900,54.12
TLO,2011-04-20,55.40,55.40,55.20,55.26,800,54.26
TLO,2011-04-19,55.29,55.41,55.29,55.41,1800,54.41
TLO,2011-04-18,55.25,55.27,55.22,55.22,2700,54.22
TLO,2011-04-15,54.94,55.10,54.82,55.06,2000,54.07
TLO,2011-04-14,54.50,54.62,54.50,54.56,1200,53.57
TLO,2011-04-13,54.44,54.44,54.32,54.32,1300,53.34
TLO,2011-04-12,54.38,54.38,54.36,54.38,700,53.40
TLO,2011-04-11,53.69,53.93,53.69,53.70,1700,52.73
TLO,2011-04-08,53.71,53.76,53.60,53.76,81500,52.79
TLO,2011-04-07,54.04,54.09,51.12,53.84,23100,52.87
TLO,2011-04-06,54.64,54.64,54.09,54.20,93200,53.22
TLO,2011-04-05,54.85,54.88,54.67,54.74,1600,53.75
TLO,2011-04-04,55.06,55.06,54.88,54.88,700,53.89
TLO,2011-04-01,54.50,54.95,54.50,54.95,1300,53.96
TLO,2011-03-31,55.13,55.15,54.82,54.86,9500,53.68
TLO,2011-03-30,54.84,54.93,54.84,54.91,900,53.73
TLO,2011-03-29,54.79,54.79,54.71,54.74,2000,53.57
TLO,2011-03-28,54.85,54.97,54.85,54.97,1700,53.79
TLO,2011-03-25,55.00,55.00,54.84,54.84,1400,53.67
TLO,2011-03-24,55.31,55.31,55.16,55.18,3000,54.00
TLO,2011-03-23,55.59,55.59,55.55,55.55,1300,54.36
TLO,2011-03-22,55.54,55.56,55.54,55.56,600,54.37
TLO,2011-03-21,55.40,55.56,55.40,55.41,1000,54.22
TLO,2011-03-18,55.32,55.65,55.32,55.51,2000,54.32
TLO,2011-03-17,55.57,55.81,55.48,55.76,1500,54.57
TLO,2011-03-16,55.71,56.29,55.67,55.98,3000,54.78
TLO,2011-03-15,55.41,55.41,55.14,55.20,6600,54.02
TLO,2011-03-14,54.70,54.95,54.70,54.81,1800,53.64
TLO,2011-03-11,54.97,54.97,54.60,54.72,4800,53.55
TLO,2011-03-10,54.41,54.89,54.35,54.89,4700,53.71
TLO,2011-03-09,53.92,54.30,53.92,54.24,3400,53.08
TLO,2011-03-08,53.98,53.98,53.67,53.67,600,52.52
TLO,2011-03-07,53.75,54.30,53.75,54.17,5600,53.01
TLO,2011-03-04,53.88,54.31,53.88,54.22,61700,53.06
TLO,2011-03-03,54.07,54.07,53.81,53.92,15200,52.76
TLO,2011-03-02,54.49,54.51,54.49,54.51,1300,53.34
TLO,2011-03-01,54.63,54.75,54.63,54.70,700,53.53
TLO,2011-02-28,55.02,55.17,54.97,55.11,2000,53.77
TLO,2011-02-25,54.81,54.97,54.81,54.94,800,53.60
TLO,2011-02-24,54.79,54.85,54.66,54.66,3500,53.33
TLO,2011-02-23,54.47,54.47,54.34,54.38,2500,53.05
TLO,2011-02-22,53.99,54.30,53.99,54.30,3700,52.98
TLO,2011-02-18,53.48,53.65,53.48,53.64,2700,52.33
TLO,2011-02-17,53.86,53.91,53.70,53.84,2200,52.53
TLO,2011-02-16,53.71,53.73,53.59,53.73,1500,52.42
TLO,2011-02-15,53.75,53.84,53.53,53.79,1900,52.48
TLO,2011-02-14,53.49,53.79,53.49,53.79,1600,52.48
TLO,2011-02-11,53.29,53.54,53.14,53.37,9000,52.07
TLO,2011-02-10,53.17,53.19,53.03,53.03,2900,51.74
TLO,2011-02-09,53.05,53.38,53.00,53.32,15600,52.02
TLO,2011-02-08,53.38,53.39,53.30,53.35,7400,52.05
TLO,2011-02-07,53.04,53.37,53.04,53.37,20900,52.07
TLO,2011-02-04,53.51,53.51,53.05,53.22,11000,51.92
TLO,2011-02-03,53.87,53.95,53.72,53.72,2700,52.41
TLO,2011-02-02,54.35,54.35,53.81,53.93,2100,52.61
TLO,2011-02-01,54.23,54.28,54.09,54.09,1500,52.77
TLO,2011-01-31,54.87,54.87,54.56,54.74,8000,53.23
TLO,2011-01-28,55.00,55.00,55.00,55.00,2100,53.48
TLO,2011-01-27,54.36,54.83,54.14,54.66,8200,53.15
TLO,2011-01-26,54.80,54.80,54.48,54.48,2400,52.97
TLO,2011-01-25,54.85,55.25,54.69,55.10,2800,53.58
TLO,2011-01-24,54.65,54.80,54.48,54.52,5000,53.01
TLO,2011-01-21,54.25,54.52,54.24,54.52,2400,53.01
TLO,2011-01-20,54.43,54.51,54.12,54.12,1900,52.62
TLO,2011-01-19,54.45,54.99,54.45,54.98,3200,53.46
TLO,2011-01-18,54.45,54.59,54.45,54.59,1000,53.08
TLO,2011-01-14,55.33,55.33,54.69,54.76,21100,53.25
TLO,2011-01-13,54.57,55.07,54.50,55.07,3700,53.55
TLO,2011-01-12,54.73,54.94,54.52,54.61,4300,53.10
TLO,2011-01-11,54.78,54.95,54.78,54.93,2300,53.41
TLO,2011-01-10,55.02,55.20,54.95,55.20,3100,53.67
TLO,2011-01-07,54.75,55.02,54.75,55.02,2400,53.50
TLO,2011-01-06,54.52,54.74,54.40,54.72,3500,53.21
TLO,2011-01-05,54.73,54.73,54.26,54.26,1600,52.76
TLO,2011-01-04,55.33,55.52,55.27,55.36,3500,53.83
TLO,2011-01-03,55.14,55.74,55.14,55.39,4800,53.86
TLO,2010-12-31,55.58,56.62,55.55,55.55,1800,54.01
TLO,2010-12-30,55.03,55.40,54.99,55.37,4900,53.84
TLO,2010-12-29,54.38,55.45,54.37,55.28,6800,53.75
TLO,2010-12-28,55.42,55.42,54.58,54.77,25000,53.07
TLO,2010-12-27,55.33,55.33,55.33,55.33,400,53.62
TLO,2010-12-23,55.13,55.13,55.10,55.10,400,53.39
TLO,2010-12-22,55.50,55.50,55.20,55.33,9300,53.62
TLO,2010-12-21,55.36,55.50,54.97,55.49,13200,53.77
TLO,2010-12-20,55.51,55.72,55.09,55.34,2500,53.63
TLO,2010-12-17,54.70,55.45,54.70,55.37,6500,53.66
TLO,2010-12-16,54.06,54.44,54.01,54.44,5800,52.76
TLO,2010-12-15,54.71,54.71,53.89,54.13,4700,52.45
TLO,2010-12-14,54.97,54.97,54.37,54.45,4200,52.76
TLO,2010-12-13,55.25,55.66,55.18,55.59,2800,53.87
TLO,2010-12-10,55.51,55.61,55.31,55.31,6700,53.60
TLO,2010-12-09,55.66,55.74,55.22,55.63,3100,53.91
TLO,2010-12-08,55.61,55.61,55.01,55.42,4800,53.70
TLO,2010-12-07,56.43,56.43,55.22,55.87,33200,54.14
TLO,2010-12-06,56.84,57.14,56.76,57.14,4600,55.37
TLO,2010-12-03,56.98,56.98,56.47,56.53,4300,54.78
TLO,2010-12-02,56.96,57.08,56.83,56.83,16400,55.07
TLO,2010-12-01,57.33,57.40,57.04,57.04,24200,55.27
TLO,2010-11-30,58.51,58.56,58.20,58.20,2200,56.23
TLO,2010-11-29,57.98,58.14,57.72,58.00,16300,56.03
TLO,2010-11-26,57.51,57.69,57.51,57.67,1500,55.72
TLO,2010-11-24,57.57,57.57,57.04,57.04,1700,55.11
TLO,2010-11-23,57.93,58.06,57.93,58.06,3600,56.09
TLO,2010-11-22,57.70,57.74,57.53,57.53,1000,55.58
TLO,2010-11-19,57.26,57.34,57.26,57.34,5800,55.40
TLO,2010-11-18,57.01,57.11,56.68,57.03,4400,55.10
TLO,2010-11-17,57.23,57.35,57.20,57.20,1300,55.26
TLO,2010-11-16,56.77,57.34,56.38,57.34,5300,55.40
TLO,2010-11-15,57.00,57.20,56.35,56.35,6800,54.44
TLO,2010-11-12,57.65,57.69,57.26,57.26,97900,55.32
TLO,2010-11-11,57.66,57.82,57.59,57.59,1100,55.64
TLO,2010-11-10,57.75,57.85,57.01,57.60,12000,55.65
TLO,2010-11-09,58.44,58.44,57.68,57.76,11300,55.80
TLO,2010-11-08,58.78,58.95,58.56,58.75,29100,56.76
TLO,2010-11-05,58.72,58.83,58.50,58.50,2500,56.52
TLO,2010-11-04,59.14,59.32,58.97,59.29,134400,57.28
TLO,2010-11-03,60.21,60.38,58.40,58.72,4400,56.73
TLO,2010-11-02,59.64,59.87,59.55,59.80,9400,57.77
TLO,2010-11-01,59.69,59.77,58.85,59.22,18300,57.21
TLO,2010-10-29,59.21,59.49,59.21,59.44,4400,57.26
TLO,2010-10-28,59.02,59.26,58.79,59.13,4500,56.96
TLO,2010-10-27,59.00,59.22,58.82,58.85,8800,56.69
TLO,2010-10-26,59.66,59.76,59.30,59.30,4900,57.12
TLO,2010-10-25,60.34,60.47,60.05,60.09,4300,57.88
TLO,2010-10-22,59.55,59.94,59.53,59.94,6900,57.74
TLO,2010-10-21,60.07,60.18,59.80,59.80,2300,57.60
TLO,2010-10-20,59.95,60.44,59.95,60.26,7900,58.04
TLO,2010-10-19,59.69,60.30,59.63,60.24,7200,58.03
TLO,2010-10-18,59.92,60.07,59.86,59.94,5100,57.74
TLO,2010-10-15,59.55,59.71,59.29,59.53,8200,57.34
TLO,2010-10-14,60.90,60.92,60.03,60.03,5000,57.82
TLO,2010-10-13,60.38,60.67,60.22,60.67,11800,58.44
TLO,2010-10-12,61.41,61.51,60.87,60.87,4700,58.63
TLO,2010-10-11,61.21,61.46,61.09,61.43,7600,59.17
TLO,2010-10-08,61.63,61.76,61.25,61.25,15500,59.00
TLO,2010-10-07,61.55,61.64,61.54,61.54,11000,59.28
TLO,2010-10-06,61.51,62.06,61.51,61.92,8100,59.64
TLO,2010-10-05,61.39,61.42,61.00,61.21,10400,58.96
TLO,2010-10-04,61.30,61.40,61.25,61.29,4500,59.04
TLO,2010-10-01,60.95,61.42,60.95,61.26,28900,59.01
TLO,2010-09-30,61.50,61.65,60.89,61.59,10600,59.16
TLO,2010-09-29,61.87,61.95,61.52,61.71,25200,59.27
TLO,2010-09-28,61.47,61.99,61.47,61.86,18300,59.42
TLO,2010-09-27,61.04,61.62,60.92,61.47,46800,59.04
TLO,2010-09-24,60.75,60.84,60.61,60.61,7400,58.22
TLO,2010-09-23,61.60,61.60,61.18,61.22,11200,58.80
TLO,2010-09-22,61.11,61.36,60.92,61.06,7200,58.65
TLO,2010-09-21,60.21,60.63,60.12,60.63,3700,58.23
TLO,2010-09-20,59.94,60.05,59.76,59.94,8200,57.57
TLO,2010-09-17,59.69,59.84,59.57,59.63,6000,57.27
TLO,2010-09-16,59.64,59.70,59.35,59.57,17100,57.22
TLO,2010-09-15,60.50,60.50,59.96,59.98,24400,57.61
TLO,2010-09-14,60.35,60.76,60.35,60.72,8100,58.32
TLO,2010-09-13,59.60,60.15,59.60,60.15,2400,57.77
TLO,2010-09-10,59.80,60.03,59.79,59.90,5200,57.53
TLO,2010-09-09,60.50,60.57,59.97,60.15,30600,57.77
TLO,2010-09-08,61.30,61.31,60.99,61.22,9500,58.80
TLO,2010-09-07,61.33,61.63,61.18,61.60,9900,59.17
TLO,2010-09-03,60.05,60.66,60.05,60.52,16400,58.13
TLO,2010-09-02,61.27,61.27,60.98,61.15,18900,58.73
TLO,2010-09-01,62.28,62.28,61.40,61.74,30800,59.30
TLO,2010-08-31,62.88,62.99,62.55,62.90,15200,60.24
TLO,2010-08-30,61.96,62.34,61.82,62.31,28000,59.68
TLO,2010-08-27,62.49,62.86,61.27,61.34,22400,58.75
TLO,2010-08-26,62.45,62.90,62.39,62.90,30300,60.24
TLO,2010-08-25,63.11,63.11,62.10,62.26,19500,59.63
TLO,2010-08-24,62.27,62.65,62.07,62.50,16900,59.86
TLO,2010-08-23,61.55,61.84,61.35,61.72,7900,59.11
TLO,2010-08-20,61.93,62.12,61.60,61.76,71800,59.15
TLO,2010-08-19,61.30,62.13,61.15,61.85,26500,59.24
TLO,2010-08-18,61.40,61.49,61.10,61.18,22800,58.59
TLO,2010-08-17,61.26,61.26,60.78,60.99,30600,58.41
TLO,2010-08-16,61.06,61.43,60.97,61.38,40400,58.79
TLO,2010-08-13,59.70,60.20,59.70,60.18,21200,57.64
TLO,2010-08-12,59.77,59.93,59.45,59.54,13300,57.02
TLO,2010-08-11,59.50,59.81,59.45,59.59,6600,57.07
TLO,2010-08-10,59.04,59.44,58.94,59.15,21500,56.65
TLO,2010-08-09,58.90,58.97,58.83,58.87,14000,56.38
TLO,2010-08-06,58.92,59.03,58.82,58.94,6500,56.45
TLO,2010-08-05,58.56,58.61,58.35,58.54,9400,56.07
TLO,2010-08-04,58.54,58.54,58.29,58.29,2600,55.83
TLO,2010-08-03,58.46,58.56,58.40,58.49,11300,56.02
TLO,2010-08-02,58.39,58.44,58.31,58.31,1700,55.85
TLO,2010-07-30,58.75,59.09,58.71,59.09,3300,56.41
TLO,2010-07-29,57.88,59.30,57.88,57.95,28900,55.32
TLO,2010-07-28,57.97,58.23,57.82,58.23,5800,55.59
TLO,2010-07-27,58.17,58.19,58.00,58.06,6400,55.43
TLO,2010-07-26,58.39,58.52,58.15,58.42,8800,55.77
TLO,2010-07-23,58.93,58.93,58.58,58.58,1300,55.93
TLO,2010-07-22,59.13,59.17,59.05,59.05,1500,56.37
TLO,2010-07-21,59.06,59.59,58.99,59.59,4700,56.89
TLO,2010-07-20,58.97,58.97,58.79,58.83,3200,56.16
TLO,2010-07-19,58.92,58.93,58.62,58.72,12200,56.06
TLO,2010-07-16,58.95,59.05,58.81,58.95,5200,56.28
TLO,2010-07-15,58.44,58.83,58.44,58.61,4200,55.95
TLO,2010-07-14,57.85,58.32,57.70,58.24,4800,55.60
TLO,2010-07-13,57.95,57.95,57.58,57.73,16100,55.11
TLO,2010-07-12,58.19,58.35,58.10,58.10,2800,55.47
TLO,2010-07-09,58.15,58.15,58.12,58.12,500,55.49
TLO,2010-07-08,58.32,58.49,58.29,58.44,4900,55.79
TLO,2010-07-07,59.06,59.14,58.59,58.61,6900,55.95
TLO,2010-07-06,58.79,59.23,58.72,59.20,24500,56.52
TLO,2010-07-02,58.91,59.00,58.91,58.97,2900,56.30
TLO,2010-07-01,59.16,59.60,59.02,59.09,47200,56.41
TLO,2010-06-30,59.10,59.62,58.90,59.11,22400,56.26
TLO,2010-06-29,58.68,58.97,58.62,58.97,2200,56.12
TLO,2010-06-28,58.44,58.46,58.25,58.44,5200,55.62
TLO,2010-06-25,57.69,58.00,57.69,57.90,2000,55.11
TLO,2010-06-24,58.09,58.09,57.70,57.70,1200,54.92
TLO,2010-06-23,57.94,57.96,57.86,57.96,3000,55.16
TLO,2010-06-22,57.22,57.59,57.22,57.59,2100,54.81
TLO,2010-06-21,56.61,57.22,56.58,57.19,4000,54.43
TLO,2010-06-18,57.37,57.42,57.10,57.17,3200,54.41
TLO,2010-06-17,57.07,57.50,57.07,57.37,1600,54.60
TLO,2010-06-16,56.96,56.98,56.68,56.98,9600,54.23
TLO,2010-06-15,56.94,56.96,56.58,56.68,34900,53.94
TLO,2010-06-14,56.65,56.96,56.59,56.95,11600,54.20
TLO,2010-06-11,56.98,57.23,56.75,57.23,3500,54.47
TLO,2010-06-10,57.08,57.08,56.48,56.50,5200,53.77
TLO,2010-06-09,57.09,57.48,57.09,57.48,1700,54.71
TLO,2010-06-08,57.55,57.61,57.40,57.40,4500,54.63
TLO,2010-06-07,57.25,57.45,57.25,57.45,500,54.68
TLO,2010-06-04,56.71,57.18,56.71,57.18,1100,54.42
TLO,2010-06-03,56.00,56.24,55.99,56.23,4900,53.52
TLO,2010-06-02,56.82,56.90,56.42,56.43,7500,53.71
TLO,2010-06-01,56.60,56.69,56.39,56.69,800,53.95
TLO,2010-05-28,56.74,56.74,56.56,56.61,2600,53.70
TLO,2010-05-27,56.96,56.96,56.48,56.51,8700,53.60
TLO,2010-05-26,57.56,57.56,57.17,57.49,2500,54.53
TLO,2010-05-25,58.15,58.19,57.73,57.98,1900,55.00
TLO,2010-05-24,57.74,57.74,57.41,57.41,1700,54.46
TLO,2010-05-21,58.24,58.24,57.47,57.70,4800,54.73
TLO,2010-05-20,57.25,57.56,56.79,57.37,7100,54.42
TLO,2010-05-19,56.65,56.82,56.35,56.35,2000,53.45
TLO,2010-05-18,56.04,56.52,56.04,56.49,800,53.58
TLO,2010-05-17,55.85,56.23,55.79,55.79,4500,52.92
TLO,2010-05-14,55.86,56.19,55.83,55.83,8300,52.96
TLO,2010-05-13,55.26,55.31,54.84,54.90,1600,52.08
TLO,2010-05-12,55.16,55.19,54.94,54.94,15100,52.11
TLO,2010-05-11,55.51,55.51,55.02,55.27,2200,52.43
TLO,2010-05-10,55.57,55.65,55.20,55.49,3100,52.64
TLO,2010-05-07,56.25,56.99,55.74,55.80,9500,52.93
TLO,2010-05-06,55.55,57.35,55.55,56.02,5000,53.14
TLO,2010-05-05,55.47,55.74,54.99,55.17,8400,52.33
TLO,2010-05-04,54.85,55.01,54.82,55.01,2300,52.18
TLO,2010-05-03,54.16,54.39,54.16,54.37,3700,51.57
TLO,2010-04-30,54.31,54.50,54.31,54.50,900,51.52
TLO,2010-04-29,53.92,54.00,53.83,54.00,30900,51.05
TLO,2010-04-28,54.00,54.00,53.92,53.92,400,50.97
TLO,2010-04-27,53.91,54.45,53.81,54.35,2900,51.38
TLO,2010-04-26,53.65,53.65,53.65,53.65,000,50.72
TLO,2010-04-23,53.65,53.65,53.65,53.65,000,50.72
TLO,2010-04-22,53.65,53.65,53.65,53.65,100,50.72
TLO,2010-04-21,53.63,53.97,53.63,53.81,800,50.87
TLO,2010-04-20,53.48,53.56,53.48,53.56,500,50.63
TLO,2010-04-19,53.55,53.55,53.48,53.51,500,50.59
TLO,2010-04-16,53.56,53.56,53.41,53.53,1300,50.60
TLO,2010-04-15,52.96,53.31,52.96,53.25,2300,50.34
TLO,2010-04-14,53.35,53.35,53.16,53.16,1100,50.26
TLO,2010-04-13,53.46,53.52,53.46,53.52,900,50.60
TLO,2010-04-12,53.05,53.20,53.05,53.20,1200,50.29
TLO,2010-04-09,52.74,52.74,52.74,52.74,200,49.86
TLO,2010-04-08,53.00,53.03,52.93,52.95,2500,50.06
TLO,2010-04-07,52.67,52.99,52.67,52.99,600,50.09
TLO,2010-04-06,52.29,52.37,52.27,52.27,900,49.41
TLO,2010-04-05,52.99,52.99,52.12,52.29,4100,49.43
TLO,2010-04-01,53.35,53.35,53.35,53.35,000,50.43
TLO,2010-03-31,53.35,53.35,53.35,53.35,200,50.26
TLO,2010-03-30,52.91,53.07,52.71,53.07,1200,49.99
TLO,2010-03-29,52.70,52.91,52.70,52.91,900,49.84
TLO,2010-03-26,52.93,52.99,52.88,52.96,1600,49.89
TLO,2010-03-25,53.01,53.01,52.80,52.94,800,49.87
TLO,2010-03-24,53.54,53.54,53.24,53.24,1200,50.15
TLO,2010-03-23,54.18,54.18,54.10,54.10,1400,50.96
TLO,2010-03-22,54.25,54.25,54.25,54.25,200,51.10
TLO,2010-03-19,54.12,54.33,54.12,54.31,5800,51.16
TLO,2010-03-18,54.33,54.33,54.07,54.18,6500,51.04
TLO,2010-03-17,54.28,54.33,54.24,54.33,1600,51.18
TLO,2010-03-16,53.71,54.12,53.71,54.12,1600,50.98
TLO,2010-03-15,53.79,53.79,53.51,53.71,4100,50.59
TLO,2010-03-12,53.68,53.81,53.68,53.81,1900,50.69
TLO,2010-03-11,53.30,53.60,53.30,53.60,900,50.49
TLO,2010-03-10,53.31,53.31,53.28,53.28,900,50.19
TLO,2010-03-09,53.46,53.54,53.33,53.46,1900,50.36
TLO,2010-03-08,53.38,53.52,53.37,53.42,1700,50.32
TLO,2010-03-05,53.82,53.82,53.38,53.62,25700,50.51
TLO,2010-03-04,54.25,54.25,54.09,54.20,1500,51.06
TLO,2010-03-03,53.88,53.88,53.84,53.84,300,50.72
TLO,2010-03-02,53.93,54.01,53.91,54.01,600,50.88
TLO,2010-03-01,54.09,54.13,54.09,54.13,1400,50.99
TLO,2010-02-26,54.27,54.40,54.21,54.34,3100,51.03
TLO,2010-02-25,53.96,54.09,53.94,54.06,2100,50.77
TLO,2010-02-24,53.84,53.93,53.59,53.59,1200,50.33
TLO,2010-02-23,53.20,53.66,53.20,53.66,3900,50.39
TLO,2010-02-22,52.98,53.07,52.98,53.07,500,49.84
TLO,2010-02-19,53.01,53.10,52.94,53.10,2200,49.87
TLO,2010-02-18,53.21,53.22,52.80,53.00,5600,49.77
TLO,2010-02-17,53.49,53.64,53.18,53.18,1900,49.94
TLO,2010-02-16,53.37,53.68,53.37,53.68,3400,50.41
TLO,2010-02-12,53.54,53.59,53.49,53.51,6100,50.25
TLO,2010-02-11,53.66,53.66,53.24,53.49,3500,50.23
TLO,2010-02-10,54.00,54.00,53.70,53.75,1000,50.48
TLO,2010-02-09,54.40,54.57,54.06,54.08,12300,50.79
TLO,2010-02-08,54.30,54.48,54.30,54.35,8200,51.04
TLO,2010-02-05,54.20,54.58,54.08,54.51,49700,51.19
TLO,2010-02-04,53.92,54.33,53.92,54.32,7700,51.01
TLO,2010-02-03,53.81,53.96,53.60,53.73,2600,50.46
TLO,2010-02-02,54.04,54.04,54.04,54.04,000,50.75
TLO,2010-02-01,54.31,54.31,53.99,54.04,4200,50.75
TLO,2010-01-29,54.23,54.23,54.22,54.22,500,50.75
TLO,2010-01-28,54.10,54.31,53.99,54.25,900,50.78
TLO,2010-01-27,54.45,54.56,54.29,54.29,2500,50.81
TLO,2010-01-26,54.61,54.61,54.31,54.31,10300,50.83
TLO,2010-01-25,54.34,54.40,54.16,54.36,6900,50.88
TLO,2010-01-22,54.54,57.93,54.38,54.57,54700,51.08
TLO,2010-01-21,54.05,54.67,54.04,54.57,6200,51.08
TLO,2010-01-20,54.12,54.33,54.08,54.20,12500,50.73
TLO,2010-01-19,53.82,53.89,53.67,53.89,4200,50.44
TLO,2010-01-15,54.00,54.13,54.00,54.03,2200,50.57
TLO,2010-01-14,53.36,53.72,53.36,53.68,1600,50.24
TLO,2010-01-13,53.48,53.60,53.28,53.28,1600,49.87
TLO,2010-01-12,53.63,53.67,53.37,53.63,3800,50.20
TLO,2010-01-11,53.01,53.01,52.76,52.80,3200,49.42
TLO,2010-01-08,53.02,53.11,52.74,53.06,5500,49.66
TLO,2010-01-07,52.86,53.24,52.86,52.97,8200,49.58
TLO,2010-01-06,53.41,53.41,53.14,53.14,200,49.74
TLO,2010-01-05,53.29,53.58,53.24,53.51,1200,50.08
TLO,2010-01-04,53.10,53.14,52.92,53.02,1700,49.62
TLO,2009-12-31,53.10,53.12,53.06,53.07,800,49.67
TLO,2009-12-30,53.30,53.49,53.30,53.47,8000,50.05
TLO,2009-12-29,53.06,53.22,53.06,53.22,600,49.81
TLO,2009-12-28,53.15,53.15,53.15,53.15,800,49.57
TLO,2009-12-24,53.39,53.39,53.21,53.21,2900,49.63
TLO,2009-12-23,54.02,54.02,53.65,53.65,5500,50.04
TLO,2009-12-22,53.61,53.72,53.61,53.70,1400,50.08
TLO,2009-12-21,54.21,54.29,54.00,54.00,1800,50.36
TLO,2009-12-18,55.01,55.01,54.58,54.58,300,50.91
TLO,2009-12-17,54.26,54.26,54.26,54.26,000,50.61
TLO,2009-12-16,54.26,54.26,54.26,54.26,000,50.61
TLO,2009-12-15,54.22,54.31,54.22,54.26,800,50.61
TLO,2009-12-14,54.55,54.56,54.45,54.50,1200,50.83
TLO,2009-12-11,54.29,54.50,54.29,54.45,10000,50.78
TLO,2009-12-10,54.77,54.77,54.67,54.67,6400,50.99
TLO,2009-12-09,55.34,55.34,54.93,54.93,300,51.23
TLO,2009-12-08,55.55,55.55,55.18,55.27,1500,51.55
TLO,2009-12-07,55.10,55.10,54.93,55.00,600,51.30
TLO,2009-12-04,54.99,55.03,54.80,55.03,1300,51.32
TLO,2009-12-03,55.60,55.70,55.54,55.65,1200,51.90
TLO,2009-12-02,56.24,56.24,56.11,56.11,700,52.33
TLO,2009-12-01,56.28,56.30,56.20,56.20,2100,52.42
TLO,2009-11-30,56.72,56.72,56.72,56.72,000,52.73
TLO,2009-11-27,56.64,56.72,56.64,56.72,500,52.73
TLO,2009-11-25,55.97,55.97,55.96,55.96,400,52.02
TLO,2009-11-24,55.82,56.20,55.82,56.20,25300,52.24
TLO,2009-11-23,55.57,55.60,55.57,55.60,1100,51.69
TLO,2009-11-20,55.74,55.75,55.66,55.67,1200,51.75
TLO,2009-11-19,56.00,56.05,55.72,55.72,1500,51.80
TLO,2009-11-18,55.84,55.84,55.65,55.65,600,51.73
TLO,2009-11-17,55.70,56.05,55.62,55.90,1800,51.96
TLO,2009-11-16,55.57,55.90,55.52,55.70,8200,51.78
TLO,2009-11-13,55.18,55.18,55.18,55.18,400,51.29
TLO,2009-11-12,54.64,54.64,54.64,54.64,100,50.79
TLO,2009-11-11,54.87,54.87,54.87,54.87,400,51.01
TLO,2009-11-10,55.04,55.18,55.04,55.18,500,51.29
TLO,2009-11-09,54.71,54.91,54.66,54.76,3700,50.90
TLO,2009-11-06,54.53,54.53,54.32,54.32,1200,50.50
TLO,2009-11-05,54.51,54.63,54.51,54.63,5300,50.78
TLO,2009-11-04,54.93,55.30,54.56,54.56,3300,50.72
TLO,2009-11-03,55.68,55.68,55.07,55.07,1900,51.19
TLO,2009-11-02,55.86,55.86,55.66,55.74,18000,51.82
TLO,2009-10-30,55.63,56.00,55.61,55.98,6200,51.87
TLO,2009-10-29,55.27,55.30,54.99,55.30,17000,51.24
TLO,2009-10-28,55.77,55.80,55.77,55.80,400,51.70
TLO,2009-10-27,55.01,55.50,54.97,55.50,7300,51.43
TLO,2009-10-26,54.98,55.13,54.72,54.78,8200,50.76
TLO,2009-10-23,55.40,55.56,55.40,55.45,3400,51.38
TLO,2009-10-22,55.79,55.83,55.75,55.77,3300,51.68
TLO,2009-10-21,55.80,55.98,55.78,55.98,2200,51.87
TLO,2009-10-20,55.70,55.70,55.70,55.70,000,51.61
TLO,2009-10-19,55.68,55.81,55.63,55.70,900,51.61
TLO,2009-10-16,55.48,55.69,55.46,55.63,2500,51.55
TLO,2009-10-15,55.28,55.52,55.20,55.22,2300,51.17
TLO,2009-10-14,55.63,55.94,55.47,55.47,50100,51.40
TLO,2009-10-13,56.10,56.35,56.10,56.25,3100,52.12
TLO,2009-10-12,55.87,56.06,55.80,55.95,14400,51.84
TLO,2009-10-09,56.66,56.66,55.70,55.79,600,51.70
TLO,2009-10-08,57.48,57.48,56.70,56.90,16300,52.72
TLO,2009-10-07,57.24,57.37,57.19,57.37,1100,53.16
TLO,2009-10-06,56.97,57.03,56.36,56.82,219100,52.65
TLO,2009-10-05,57.28,57.34,57.26,57.26,2200,53.06
TLO,2009-10-02,57.47,57.47,57.13,57.23,2100,53.03
TLO,2009-10-01,57.27,57.44,57.27,57.43,2500,53.21
TLO,2009-09-30,56.94,57.16,56.94,57.16,400,52.81
TLO,2009-09-29,57.03,57.14,57.03,57.14,400,52.79
TLO,2009-09-28,56.83,56.95,56.78,56.93,1500,52.59
TLO,2009-09-25,56.43,56.67,56.22,56.67,600,52.35
TLO,2009-09-24,56.18,56.18,56.09,56.11,800,51.84
TLO,2009-09-23,55.72,55.96,55.72,55.96,1500,51.70
TLO,2009-09-22,55.71,55.71,55.71,55.71,100,51.47
TLO,2009-09-21,55.92,55.92,55.60,55.60,2200,51.37
TLO,2009-09-18,55.83,56.03,55.54,55.54,5300,51.31
TLO,2009-09-17,55.90,55.90,55.90,55.90,200,51.64
TLO,2009-09-16,55.69,55.69,55.38,55.69,500,51.45
TLO,2009-09-15,55.56,55.77,55.51,55.51,500,51.28
TLO,2009-09-14,56.11,56.17,56.00,56.00,2200,51.74
TLO,2009-09-11,56.62,56.73,56.46,56.46,1200,52.16
TLO,2009-09-10,55.38,56.25,55.38,56.00,2000,51.74
TLO,2009-09-09,55.15,55.15,55.15,55.15,1100,50.95
TLO,2009-09-08,55.14,55.56,55.06,55.06,1700,50.87
TLO,2009-09-04,55.97,55.97,55.60,55.60,4400,51.37
TLO,2009-09-03,56.23,56.41,56.20,56.28,2000,51.99
TLO,2009-09-02,56.08,56.27,56.08,56.27,5400,51.98
TLO,2009-09-01,55.68,56.01,55.45,56.01,4700,51.74
TLO,2009-08-31,55.90,56.17,55.90,55.98,8000,51.54
TLO,2009-08-28,55.45,55.94,55.45,55.84,7000,51.41
TLO,2009-08-27,55.90,55.90,55.69,55.73,4300,51.31
TLO,2009-08-26,55.80,55.91,55.80,55.91,2600,51.48
TLO,2009-08-25,55.50,55.80,55.29,55.73,14000,51.31
TLO,2009-08-24,54.92,55.53,54.92,55.53,5200,51.13
TLO,2009-08-21,55.55,55.55,54.90,54.90,3000,50.55
TLO,2009-08-20,55.56,55.76,55.54,55.65,9300,51.24
TLO,2009-08-19,55.58,58.00,55.10,55.54,2800,51.14
TLO,2009-08-18,55.30,55.30,55.08,55.14,3700,50.77
TLO,2009-08-17,55.00,55.25,55.00,55.23,400,50.85
TLO,2009-08-14,54.65,55.04,54.65,54.75,14700,50.41
TLO,2009-08-13,53.90,54.61,53.90,54.37,5000,50.06
TLO,2009-08-12,53.98,54.06,53.85,54.06,1100,49.77
TLO,2009-08-11,54.12,54.30,54.01,54.30,3200,49.99
TLO,2009-08-10,53.50,53.50,53.50,53.50,200,49.26
TLO,2009-08-07,53.03,53.20,52.99,52.99,4200,48.79
TLO,2009-08-06,53.39,53.67,53.38,53.67,1600,49.41
TLO,2009-08-05,53.52,54.13,53.47,53.47,2400,49.23
TLO,2009-08-04,54.65,55.12,53.79,53.89,2700,49.62
TLO,2009-08-03,54.45,54.45,54.13,54.23,2200,49.93
TLO,2009-07-31,54.70,55.12,54.65,55.00,35500,50.46
TLO,2009-07-30,53.81,54.37,53.72,54.37,1800,49.88
TLO,2009-07-29,54.11,54.11,53.98,53.98,1400,49.52
TLO,2009-07-28,53.50,54.09,53.50,53.74,7300,49.30
TLO,2009-07-27,53.14,53.50,53.14,53.31,2300,48.91
TLO,2009-07-24,53.48,53.48,53.48,53.48,200,49.06
TLO,2009-07-23,54.33,54.33,53.49,53.49,2900,49.07
TLO,2009-07-22,54.47,54.51,54.40,54.51,1000,50.01
TLO,2009-07-21,54.19,54.79,54.19,54.79,700,50.27
TLO,2009-07-20,53.40,54.05,53.40,54.05,2000,49.59
TLO,2009-07-17,53.98,54.06,53.61,53.61,8900,49.18
TLO,2009-07-16,54.40,54.53,54.40,54.53,400,50.03
TLO,2009-07-15,54.34,54.34,54.02,54.15,1000,49.68
TLO,2009-07-14,55.25,55.37,54.73,54.75,8300,50.23
TLO,2009-07-13,56.00,56.00,55.95,55.95,700,51.33
TLO,2009-07-10,55.62,55.97,55.62,55.96,2400,51.34
TLO,2009-07-09,55.54,55.59,55.20,55.20,900,50.64
TLO,2009-07-08,55.22,56.06,55.22,56.06,14900,51.43
TLO,2009-07-07,54.95,55.11,54.84,55.03,2400,50.49
TLO,2009-07-06,54.66,54.96,54.66,54.96,2200,50.42
TLO,2009-07-02,54.76,55.05,54.75,55.02,3700,50.48
TLO,2009-07-01,54.50,54.75,54.44,54.61,3800,50.10
TLO,2009-06-30,54.85,55.15,54.85,55.11,2000,50.40
TLO,2009-06-29,55.32,55.32,55.29,55.29,300,50.56
TLO,2009-06-26,55.00,55.15,54.95,55.15,8200,50.44
TLO,2009-06-25,54.31,54.87,54.08,54.82,10300,50.13
TLO,2009-06-24,54.38,54.44,54.38,54.44,400,49.79
TLO,2009-06-23,54.00,54.52,54.00,54.32,3200,49.68
TLO,2009-06-22,54.05,54.05,53.88,53.88,1500,49.27
TLO,2009-06-19,52.94,53.28,52.91,53.28,600,48.73
TLO,2009-06-18,53.49,53.49,53.01,53.01,2200,48.48
TLO,2009-06-17,54.02,54.30,53.84,53.87,4000,49.27
TLO,2009-06-16,53.31,53.87,53.27,53.85,2500,49.25
TLO,2009-06-15,53.26,53.45,53.25,53.41,3600,48.84
TLO,2009-06-12,52.70,53.13,52.67,53.13,3600,48.59
TLO,2009-06-11,51.95,52.71,51.95,52.70,17400,48.20
TLO,2009-06-10,52.42,52.43,52.06,52.08,2200,47.63
TLO,2009-06-09,52.89,52.89,52.48,52.70,34800,48.20
TLO,2009-06-08,52.93,52.93,52.56,52.56,900,48.07
TLO,2009-06-05,52.73,52.99,52.51,52.66,16600,48.16
TLO,2009-06-04,53.65,53.65,53.21,53.21,3400,48.66
TLO,2009-06-03,53.75,53.96,53.63,53.90,2500,49.29
TLO,2009-06-02,53.49,53.49,53.26,53.39,3100,48.83
TLO,2009-06-01,53.97,53.97,53.05,53.14,44200,48.60
TLO,2009-05-29,53.90,55.00,53.90,55.00,7600,50.12
TLO,2009-05-28,54.10,54.11,53.42,53.94,12800,49.15
TLO,2009-05-27,54.41,54.41,53.33,53.39,7800,48.65
TLO,2009-05-26,55.18,55.18,54.06,54.06,1200,49.26
TLO,2009-05-22,54.86,55.25,54.86,54.89,2300,50.02
TLO,2009-05-21,56.75,56.75,55.35,55.35,2500,50.44
TLO,2009-05-20,55.80,56.22,55.80,56.21,3400,51.22
TLO,2009-05-19,56.05,56.05,55.76,55.78,4500,50.83
TLO,2009-05-18,56.55,56.69,56.00,56.03,3000,51.06
TLO,2009-05-15,56.52,56.74,56.30,56.46,17700,51.45
TLO,2009-05-14,56.51,56.79,56.27,56.79,3600,51.75
TLO,2009-05-13,56.63,56.80,56.59,56.74,8500,51.70
TLO,2009-05-12,55.88,56.17,55.88,56.17,2100,51.18
TLO,2009-05-11,55.78,55.98,55.76,55.98,1400,51.01
TLO,2009-05-08,55.30,55.61,55.13,55.23,11100,50.33
TLO,2009-05-07,55.66,55.89,55.01,55.32,3100,50.41
TLO,2009-05-06,56.15,56.30,56.06,56.14,3000,51.16
TLO,2009-05-05,56.20,56.37,56.09,56.17,19400,51.18
TLO,2009-05-04,56.12,56.34,56.06,56.10,1900,51.12
TLO,2009-05-01,56.19,56.25,56.15,56.15,1300,51.17
TLO,2009-04-30,56.37,56.86,56.37,56.72,7300,51.52
TLO,2009-04-29,57.39,57.39,57.39,57.39,000,52.13
TLO,2009-04-28,57.92,57.92,57.10,57.39,7100,52.13
TLO,2009-04-27,57.59,57.74,57.35,57.74,10500,52.45
TLO,2009-04-24,57.42,57.42,57.26,57.26,700,52.01
TLO,2009-04-23,57.75,57.97,57.62,57.88,2000,52.57
TLO,2009-04-22,58.06,58.06,57.98,57.98,700,52.66
TLO,2009-04-21,58.78,58.84,58.28,58.35,5000,53.00
TLO,2009-04-20,58.52,58.63,58.52,58.58,1100,53.21
TLO,2009-04-17,58.12,58.12,57.70,57.70,600,52.41
TLO,2009-04-16,58.49,58.61,58.49,58.59,700,53.22
TLO,2009-04-15,58.87,58.92,58.79,58.79,700,53.40
TLO,2009-04-14,58.52,59.10,58.52,59.10,3100,53.68
TLO,2009-04-13,58.23,58.51,58.23,58.48,3500,53.12
TLO,2009-04-09,57.92,57.92,57.81,57.91,2300,52.60
TLO,2009-04-08,58.55,58.83,58.55,58.83,1700,53.44
TLO,2009-04-07,58.24,58.46,58.24,58.30,3200,52.95
TLO,2009-04-06,58.35,58.67,58.30,58.33,1400,52.98
TLO,2009-04-03,59.36,59.36,58.44,58.57,1000,53.20
TLO,2009-04-02,60.04,60.04,59.43,59.67,800,54.20
TLO,2009-04-01,60.33,60.33,59.85,60.28,2000,54.75
TLO,2009-03-31,59.80,59.92,59.71,59.73,2400,54.06
TLO,2009-03-30,60.09,60.09,59.55,59.61,900,53.96
TLO,2009-03-27,59.57,59.62,59.39,59.56,1700,53.91
TLO,2009-03-26,58.99,59.32,58.99,59.32,1300,53.69
TLO,2009-03-25,59.21,59.22,58.59,58.59,4200,53.03
TLO,2009-03-24,59.01,59.57,58.74,59.47,3800,53.83
TLO,2009-03-23,59.59,59.67,59.12,59.12,6800,53.51
TLO,2009-03-20,59.93,59.96,59.34,59.34,2100,53.71
TLO,2009-03-19,60.23,62.80,59.75,59.83,3200,54.16
TLO,2009-03-18,57.27,61.49,57.27,59.56,21500,53.91
TLO,2009-03-17,57.61,57.99,57.36,57.36,4000,51.92
TLO,2009-03-16,57.62,57.70,57.06,57.70,22100,52.23
TLO,2009-03-13,58.22,58.41,58.22,58.24,2000,52.72
TLO,2009-03-12,58.15,58.54,58.15,58.23,3600,52.71
TLO,2009-03-11,57.43,58.04,57.33,58.04,1300,52.54
TLO,2009-03-10,57.88,57.88,57.57,57.67,2000,52.20
TLO,2009-03-09,58.66,58.66,58.10,58.33,2200,52.80
TLO,2009-03-06,58.72,58.87,58.50,58.50,1400,52.95
TLO,2009-03-05,58.06,58.96,58.06,58.96,9600,53.37
TLO,2009-03-04,57.75,57.75,57.75,57.75,000,52.27
TLO,2009-03-03,57.18,58.18,57.18,57.75,3400,52.27
TLO,2009-03-02,57.45,58.12,57.45,58.12,2300,52.61
TLO,2009-02-27,57.47,57.47,57.13,57.39,1300,51.79
TLO,2009-02-26,57.94,57.94,57.87,57.87,700,52.23
TLO,2009-02-25,59.07,59.07,58.05,58.11,9900,52.44
TLO,2009-02-24,59.39,59.43,58.88,58.88,3300,53.14
TLO,2009-02-23,57.93,58.73,57.93,58.73,2600,53.00
TLO,2009-02-20,58.57,59.13,58.42,58.42,1200,52.72
TLO,2009-02-19,58.20,58.44,58.20,58.26,1000,52.58
TLO,2009-02-18,59.06,59.29,58.67,58.67,2500,52.95
TLO,2009-02-17,58.38,59.41,58.38,59.40,3100,53.61
TLO,2009-02-13,57.99,57.99,57.53,57.53,1600,51.92
TLO,2009-02-12,59.24,59.24,58.72,59.13,23500,53.37
TLO,2009-02-11,59.13,59.27,58.95,58.95,2000,53.20
TLO,2009-02-10,58.74,58.74,58.09,58.43,3700,52.73
TLO,2009-02-09,57.78,57.78,57.13,57.44,3300,51.84
TLO,2009-02-06,57.36,57.65,57.36,57.40,1300,51.80
TLO,2009-02-05,57.89,58.18,57.89,57.93,2800,52.28
TLO,2009-02-04,57.57,57.89,57.50,57.89,3000,52.25
TLO,2009-02-03,58.25,58.26,57.78,57.78,1200,52.15
TLO,2009-02-02,58.20,58.90,58.20,58.90,300,53.16
TLO,2009-01-30,58.05,58.27,58.05,58.27,1600,52.39
TLO,2009-01-29,58.62,59.15,58.17,58.17,6400,52.30
TLO,2009-01-28,60.48,60.48,58.95,59.23,3300,53.25
TLO,2009-01-27,59.17,60.30,59.17,60.15,4700,54.08
TLO,2009-01-26,59.08,59.29,58.90,59.25,5100,53.27
TLO,2009-01-23,59.23,59.51,59.03,59.51,3600,53.50
TLO,2009-01-22,60.06,60.33,59.56,59.90,13700,53.85
TLO,2009-01-21,61.09,61.17,60.78,60.84,3600,54.70
TLO,2009-01-20,60.65,61.82,60.65,61.69,10100,55.46
TLO,2009-01-16,62.23,62.75,61.91,62.54,7100,56.22
TLO,2009-01-15,63.44,63.45,62.93,62.93,3400,56.58
TLO,2009-01-14,62.59,63.01,62.58,63.01,7800,56.65
TLO,2009-01-13,62.24,62.24,61.53,61.93,7500,55.68
TLO,2009-01-12,61.14,62.04,61.14,62.02,6800,55.76
TLO,2009-01-09,60.93,61.52,60.84,61.20,3100,55.02
TLO,2009-01-08,60.85,61.25,60.65,61.25,7700,55.07
TLO,2009-01-07,60.63,60.98,60.59,60.86,3600,54.71
TLO,2009-01-06,61.00,61.00,60.07,60.76,33300,54.62
TLO,2009-01-05,62.02,62.40,60.93,61.15,77300,54.98
TLO,2009-01-02,64.17,64.17,62.15,62.16,85500,55.88
TLO,2008-12-31,65.29,65.29,63.59,63.59,11400,57.17
TLO,2008-12-30,64.29,65.23,64.29,65.03,10100,58.46
TLO,2008-12-29,64.75,65.41,64.64,64.82,9200,58.27
TLO,2008-12-26,65.03,65.10,65.03,65.10,800,58.34
TLO,2008-12-24,65.16,65.16,64.71,64.72,6200,58.00
TLO,2008-12-23,64.85,64.99,64.64,64.85,4800,58.12
TLO,2008-12-22,65.54,65.54,64.67,65.07,5400,58.31
TLO,2008-12-19,65.17,65.42,65.00,65.21,8000,58.44
TLO,2008-12-18,64.96,65.56,64.72,65.31,29400,58.53
TLO,2008-12-17,64.96,64.96,63.69,63.95,30200,57.31
TLO,2008-12-16,62.93,62.93,61.61,62.93,5500,56.40
TLO,2008-12-15,60.87,61.93,60.87,61.69,3300,55.28
TLO,2008-12-12,61.11,61.21,60.26,61.21,2700,54.85
TLO,2008-12-11,61.03,61.08,60.77,61.06,14000,54.72
TLO,2008-12-10,61.00,61.01,60.62,61.01,60100,54.67
TLO,2008-12-09,60.66,60.88,60.14,60.88,3800,54.56
TLO,2008-12-08,60.14,60.59,60.10,60.41,18200,54.14
TLO,2008-12-05,61.31,61.44,60.34,60.34,13000,54.07
TLO,2008-12-04,61.03,61.18,60.44,61.18,13500,54.83
TLO,2008-12-03,60.09,60.48,59.83,60.48,7000,54.20
TLO,2008-12-02,59.83,60.10,59.55,60.10,3400,53.86
TLO,2008-12-01,59.53,60.40,59.31,60.05,8200,53.81
TLO,2008-11-28,58.65,58.75,58.42,58.75,1000,52.47
TLO,2008-11-26,58.25,58.77,58.16,58.77,4300,52.48
TLO,2008-11-25,57.90,58.14,57.76,58.14,6700,51.92
TLO,2008-11-24,57.01,57.31,57.01,57.05,4100,50.95
TLO,2008-11-21,57.83,57.83,56.90,57.58,3900,51.42
TLO,2008-11-20,57.62,58.27,57.05,58.27,14300,52.04
TLO,2008-11-19,55.70,56.20,55.24,56.20,3800,50.19
TLO,2008-11-18,54.46,55.02,54.46,55.02,4900,49.14
TLO,2008-11-17,54.15,54.48,54.15,54.36,1400,48.55
TLO,2008-11-14,53.72,54.30,53.72,54.19,9900,48.39
TLO,2008-11-13,54.01,54.03,53.25,53.25,3100,47.55
TLO,2008-11-12,54.20,54.23,54.05,54.13,3500,48.34
TLO,2008-11-11,53.67,54.20,53.67,53.98,4300,48.21
TLO,2008-11-10,53.67,53.67,53.33,53.59,1400,47.86
TLO,2008-11-07,53.47,53.47,53.32,53.34,1100,47.64
TLO,2008-11-06,53.89,53.96,52.97,53.60,7200,47.87
TLO,2008-11-05,53.77,54.32,53.44,54.32,13400,48.51
TLO,2008-11-04,52.20,53.33,52.07,53.33,11600,47.63
TLO,2008-11-03,52.88,52.88,52.11,52.50,9900,46.89
TLO,2008-10-31,52.90,53.36,52.24,52.34,40800,46.55
TLO,2008-10-30,53.34,53.34,52.68,53.15,6900,47.28
TLO,2008-10-29,54.06,59.79,53.40,53.63,11700,47.70
TLO,2008-10-28,54.10,54.10,53.76,53.76,2600,47.82
TLO,2008-10-27,54.95,54.95,54.05,54.05,2800,48.08
TLO,2008-10-24,55.03,55.03,54.28,54.28,3100,48.28
TLO,2008-10-23,54.92,55.31,54.36,54.95,15400,48.88
TLO,2008-10-22,53.97,54.39,53.75,54.39,5500,48.38
TLO,2008-10-21,53.80,53.92,53.40,53.92,3100,47.96
TLO,2008-10-20,52.85,53.07,52.85,52.94,3000,47.09
TLO,2008-10-17,53.11,53.11,52.30,52.86,15900,47.02
TLO,2008-10-16,53.20,53.47,53.12,53.25,8000,47.36
TLO,2008-10-15,52.88,53.08,52.68,53.08,11600,47.21
TLO,2008-10-14,53.36,53.87,53.21,53.21,7700,47.33
TLO,2008-10-13,52.73,54.42,52.73,53.45,3500,47.54
TLO,2008-10-10,53.65,54.04,53.30,54.04,5100,48.07
TLO,2008-10-09,54.03,55.25,54.03,54.34,8000,48.33
TLO,2008-10-08,56.25,56.42,54.88,55.13,9800,49.04
TLO,2008-10-07,55.86,56.33,55.86,56.12,4300,49.92
TLO,2008-10-06,56.29,56.74,55.89,56.25,27400,50.03
TLO,2008-10-03,55.36,55.60,54.62,55.51,20400,49.37
TLO,2008-10-02,55.54,55.54,55.00,55.38,9000,49.26
TLO,2008-10-01,55.47,55.78,54.73,54.93,18400,48.86
TLO,2008-09-30,56.26,56.26,54.40,54.40,8000,48.22
TLO,2008-09-29,54.88,64.15,54.88,55.66,11500,49.34
TLO,2008-09-26,54.63,54.63,53.65,54.32,7100,48.15
TLO,2008-09-25,54.15,54.36,53.80,54.32,80900,48.15
TLO,2008-09-24,54.53,54.54,54.17,54.17,5100,48.02
TLO,2008-09-23,54.30,54.30,54.01,54.09,9700,47.95
TLO,2008-09-22,53.79,53.96,53.55,53.96,2900,47.83
TLO,2008-09-19,53.99,54.58,53.72,54.45,8700,48.27
TLO,2008-09-18,56.04,56.41,55.22,55.22,22000,48.95
TLO,2008-09-17,56.49,56.86,56.39,56.43,7200,50.02
TLO,2008-09-16,57.14,57.29,56.51,56.51,4500,50.09
TLO,2008-09-15,55.28,56.27,55.28,56.25,12100,49.86
TLO,2008-09-12,55.42,55.42,54.79,54.79,3400,48.57
TLO,2008-09-11,55.66,55.66,55.37,55.50,14700,49.20
TLO,2008-09-10,55.08,55.46,55.08,55.22,1500,48.95
TLO,2008-09-09,55.21,55.21,55.21,55.21,300,48.94
TLO,2008-09-08,54.67,54.94,54.67,54.94,1400,48.70
TLO,2008-09-05,55.38,55.38,55.01,55.01,1400,48.77
TLO,2008-09-04,54.65,54.65,54.65,54.65,000,48.45
TLO,2008-09-03,54.52,54.65,54.52,54.65,9400,48.45
TLO,2008-09-02,54.26,54.57,54.26,54.57,8400,48.37
TLO,2008-08-29,54.41,54.46,54.24,54.24,7000,47.90
TLO,2008-08-28,54.31,54.42,54.27,54.38,3700,48.03
TLO,2008-08-27,54.21,54.55,54.21,54.52,3400,48.15
TLO,2008-08-26,54.40,54.51,54.30,54.30,1600,47.96
TLO,2008-08-25,54.51,54.51,54.41,54.41,800,48.05
TLO,2008-08-22,53.94,53.99,53.89,53.99,800,47.68
TLO,2008-08-21,54.05,54.08,54.01,54.01,600,47.70
TLO,2008-08-20,54.29,54.29,54.13,54.19,2300,47.86
TLO,2008-08-19,54.22,54.22,53.95,54.00,4600,47.69
TLO,2008-08-18,54.00,54.20,54.00,54.20,3200,47.87
TLO,2008-08-15,53.85,53.95,53.81,53.95,2900,47.65
TLO,2008-08-14,53.51,53.64,53.51,53.57,800,47.31
TLO,2008-08-13,53.56,53.56,53.29,53.29,300,47.06
TLO,2008-08-12,53.45,53.45,53.45,53.45,400,47.21
TLO,2008-08-11,53.20,53.20,52.79,53.06,5600,46.86
TLO,2008-08-08,53.34,53.34,53.16,53.25,5200,47.03
TLO,2008-08-07,53.00,53.43,53.00,53.43,7800,47.19
TLO,2008-08-06,52.49,52.56,52.49,52.56,300,46.42
TLO,2008-08-05,53.03,53.03,52.71,52.71,900,46.55
TLO,2008-08-04,53.18,53.18,53.18,53.18,100,46.97
TLO,2008-08-01,53.49,53.49,53.14,53.18,9400,46.97
TLO,2008-07-31,53.45,53.45,53.31,53.31,500,46.90
TLO,2008-07-30,53.05,53.05,53.00,53.00,300,46.63
TLO,2008-07-29,52.70,52.85,52.70,52.85,5200,46.50
TLO,2008-07-28,52.81,52.81,52.81,52.81,100,46.46
TLO,2008-07-25,52.78,52.80,52.59,52.59,2400,46.27
TLO,2008-07-24,52.30,52.30,52.30,52.30,000,46.01
TLO,2008-07-23,52.39,52.39,52.21,52.30,900,46.01
TLO,2008-07-22,52.70,52.70,52.39,52.39,17200,46.09
TLO,2008-07-21,52.61,52.61,52.57,52.57,2100,46.25
TLO,2008-07-18,52.62,52.62,52.62,52.62,1500,46.30
TLO,2008-07-17,53.10,53.10,52.73,52.80,16800,46.45
TLO,2008-07-16,53.26,53.26,53.03,53.03,5500,46.66
TLO,2008-07-15,53.74,54.08,53.74,53.86,9500,47.39
TLO,2008-07-14,53.52,53.86,53.51,53.72,19300,47.26
TLO,2008-07-11,54.22,54.22,53.25,53.26,3100,46.86
TLO,2008-07-10,54.07,54.11,53.94,54.06,5000,47.56
TLO,2008-07-09,53.78,54.09,53.78,54.09,35000,47.59
TLO,2008-07-08,53.55,53.78,53.55,53.68,3300,47.23
TLO,2008-07-07,53.22,53.22,53.18,53.18,200,46.79
TLO,2008-07-03,53.18,53.18,53.18,53.18,000,46.79
TLO,2008-07-02,53.18,53.18,53.18,53.18,300,46.79
TLO,2008-07-01,53.45,53.51,53.24,53.25,7800,46.85
TLO,2008-06-30,53.52,53.52,53.52,53.52,1000,46.90
TLO,2008-06-27,53.23,53.50,53.00,53.46,5400,46.85
TLO,2008-06-26,52.93,53.04,52.93,52.93,2100,46.38
TLO,2008-06-25,52.31,52.35,52.27,52.35,2700,45.87
TLO,2008-06-24,52.65,52.70,52.65,52.70,400,46.18
TLO,2008-06-23,52.36,52.55,52.30,52.30,11400,45.83
TLO,2008-06-20,52.32,52.36,52.32,52.36,2400,45.88
TLO,2008-06-19,52.08,52.09,51.91,52.00,4200,45.57
TLO,2008-06-18,51.99,52.32,51.99,52.32,3500,45.85
TLO,2008-06-17,51.83,51.88,51.82,51.88,2300,45.46
TLO,2008-06-16,51.67,51.82,51.67,51.74,19800,45.34
TLO,2008-06-13,51.75,51.82,51.61,51.61,800,45.23
TLO,2008-06-12,52.25,52.25,52.25,52.25,000,45.79
TLO,2008-06-11,52.21,52.25,52.21,52.25,2900,45.79
TLO,2008-06-10,52.56,52.61,52.34,52.36,800,45.88
TLO,2008-06-09,52.64,52.72,52.64,52.66,2600,46.15
TLO,2008-06-06,52.61,52.88,52.61,52.78,7300,46.25
TLO,2008-06-05,52.42,52.42,52.20,52.20,2000,45.74
TLO,2008-06-04,52.92,52.93,52.49,52.56,8200,46.06
TLO,2008-06-03,52.57,52.65,52.52,52.52,4200,46.02
TLO,2008-06-02,52.56,52.75,51.98,52.70,7300,46.18
TLO,2008-05-30,52.50,52.69,52.50,52.63,1600,45.94
TLO,2008-05-29,52.29,52.29,52.19,52.29,6300,45.64
TLO,2008-05-28,52.80,52.85,52.74,52.74,1400,46.03
TLO,2008-05-27,53.28,53.28,53.28,53.28,100,46.50
TLO,2008-05-23,53.46,54.05,53.36,54.05,1000,47.18
TLO,2008-05-22,53.40,53.40,53.18,53.18,1200,46.42
TLO,2008-05-21,53.66,53.77,53.58,53.76,8700,46.92
TLO,2008-05-20,53.81,53.81,53.81,53.81,100,46.97
TLO,2008-05-19,53.31,53.48,53.31,53.48,1200,46.68
TLO,2008-05-16,53.48,53.49,53.46,53.47,500,46.67
TLO,2008-05-15,53.20,53.23,53.20,53.23,800,46.46
TLO,2008-05-14,53.23,53.24,53.03,53.03,5100,46.29
TLO,2008-05-13,53.31,53.31,53.23,53.23,1600,46.46
TLO,2008-05-12,53.97,54.08,53.97,54.06,1500,47.18
TLO,2008-05-09,53.83,53.83,53.73,53.73,600,46.90
TLO,2008-05-08,53.35,53.58,53.35,53.58,500,46.77
TLO,2008-05-07,53.00,53.08,52.96,53.08,2700,46.33
TLO,2008-05-06,53.20,53.20,53.02,53.02,500,46.28
TLO,2008-05-05,53.33,53.33,53.31,53.31,800,46.53
TLO,2008-05-02,53.42,53.47,53.25,53.26,1400,46.49
TLO,2008-05-01,54.18,54.24,53.84,53.85,2000,47.00
TLO,2008-04-30,53.73,53.99,52.52,53.99,29900,46.95
TLO,2008-04-29,53.86,53.87,53.66,53.66,7900,46.66
TLO,2008-04-28,53.25,53.41,53.25,53.41,4200,46.44
TLO,2008-04-25,53.35,53.48,53.30,53.30,1700,46.35
TLO,2008-04-24,53.65,53.69,53.57,53.58,2600,46.59
TLO,2008-04-23,53.95,53.95,53.85,53.86,13500,46.83
TLO,2008-04-22,54.15,54.17,54.15,54.17,5500,47.10
TLO,2008-04-21,53.67,53.96,53.60,53.96,5800,46.92
TLO,2008-04-18,53.58,53.80,53.34,53.80,37900,46.78
TLO,2008-04-17,54.10,54.10,53.67,53.85,16400,46.82
TLO,2008-04-16,54.25,54.35,53.92,53.98,38600,46.94
TLO,2008-04-15,54.57,54.57,54.57,54.57,300,47.45
TLO,2008-04-14,55.08,55.22,55.00,55.00,1500,47.82
TLO,2008-04-11,55.14,55.27,55.14,55.27,300,48.06
TLO,2008-04-10,55.11,55.11,54.78,54.87,5600,47.71
TLO,2008-04-09,54.75,55.05,54.75,55.05,200,47.87
TLO,2008-04-08,54.80,54.86,54.50,54.57,147600,47.45
TLO,2008-04-07,55.03,55.03,55.03,55.03,000,47.85
TLO,2008-04-04,54.95,55.03,54.95,55.03,6200,47.85
TLO,2008-04-03,54.72,54.72,54.47,54.47,4200,47.36
TLO,2008-04-02,54.47,54.61,54.47,54.61,300,47.48
TLO,2008-04-01,53.32,54.69,49.82,54.38,2500,47.28
TLO,2008-03-31,55.47,55.62,55.32,55.32,1900,47.91
TLO,2008-03-28,54.93,55.24,54.92,55.24,20000,47.84
TLO,2008-03-27,55.06,55.06,55.06,55.06,000,47.69
TLO,2008-03-26,55.30,55.30,55.06,55.06,1100,47.69
TLO,2008-03-25,55.21,55.21,55.13,55.13,200,47.75
TLO,2008-03-24,55.40,55.40,55.13,55.20,3500,47.81
TLO,2008-03-20,55.89,56.00,55.89,55.99,1300,48.49
TLO,2008-03-19,55.14,55.89,55.14,55.86,2500,48.38
TLO,2008-03-18,55.51,55.51,55.22,55.38,2600,47.96
TLO,2008-03-17,55.70,55.70,55.54,55.57,500,48.13
TLO,2008-03-14,55.23,55.45,55.23,55.45,600,48.03
TLO,2008-03-13,55.23,55.38,54.58,54.58,8600,47.27
TLO,2008-03-12,54.42,54.70,54.42,54.70,2700,47.38
TLO,2008-03-11,54.15,54.17,54.07,54.08,2000,46.84
TLO,2008-03-10,54.37,54.70,54.37,54.70,2300,47.38
TLO,2008-03-07,54.26,54.26,54.26,54.26,300,46.99
TLO,2008-03-06,53.97,53.97,53.94,53.95,3100,46.73
TLO,2008-03-05,53.92,53.99,53.82,53.99,800,46.76
TLO,2008-03-04,54.69,54.74,54.33,54.33,1400,47.06
TLO,2008-03-03,54.63,54.71,54.54,54.71,9000,47.38
TLO,2008-02-29,55.00,55.00,55.00,55.00,200,47.46
TLO,2008-02-28,54.05,54.08,54.00,54.08,800,46.67
TLO,2008-02-27,53.12,53.37,53.12,53.36,2700,46.05
TLO,2008-02-26,53.19,53.27,53.16,53.20,3000,45.91
TLO,2008-02-25,53.71,53.71,53.16,53.16,5300,45.88
TLO,2008-02-22,54.05,54.05,54.05,54.05,200,46.64
TLO,2008-02-21,53.55,53.97,53.55,53.87,5200,46.49
TLO,2008-02-20,53.17,53.30,53.17,53.23,4600,45.94
TLO,2008-02-19,53.32,53.50,53.13,53.13,2100,45.85
TLO,2008-02-15,53.69,53.84,53.56,53.84,3100,46.46
TLO,2008-02-14,53.68,53.70,53.43,53.43,6300,46.11
TLO,2008-02-13,54.12,54.37,54.12,54.29,2000,46.85
TLO,2008-02-12,54.28,54.43,54.28,54.43,1600,46.97
TLO,2008-02-11,54.72,54.81,54.63,54.70,1900,47.21
TLO,2008-02-08,54.28,54.42,54.18,54.35,10600,46.90
TLO,2008-02-07,54.70,54.70,54.04,54.04,5900,46.64
TLO,2008-02-06,54.75,54.85,54.70,54.70,3700,47.21
TLO,2008-02-05,55.17,55.26,55.03,55.03,1300,47.49
TLO,2008-02-04,54.77,54.77,54.62,54.66,45500,47.17
TLO,2008-02-01,55.01,55.02,54.82,54.94,2500,47.41
TLO,2008-01-31,55.04,55.04,54.88,54.96,1600,47.26
TLO,2008-01-30,54.74,54.76,54.43,54.57,18500,46.92
TLO,2008-01-29,54.86,54.98,54.64,54.78,6400,47.10
TLO,2008-01-28,55.21,55.28,55.02,55.15,11800,47.42
TLO,2008-01-25,54.51,54.89,54.51,54.89,3300,47.20
TLO,2008-01-24,55.09,55.21,54.64,54.65,7800,46.99
TLO,2008-01-23,56.44,56.44,55.36,55.41,32600,47.64
TLO,2008-01-22,55.60,55.66,55.15,55.56,9200,47.77
TLO,2008-01-18,55.08,55.15,54.95,55.14,13300,47.41
TLO,2008-01-17,54.97,55.41,54.97,55.32,70600,47.57
TLO,2008-01-16,55.04,55.04,54.70,54.78,7300,47.10
TLO,2008-01-15,54.96,55.14,54.80,55.01,9100,47.30
TLO,2008-01-14,54.35,54.64,54.35,54.64,2700,46.98
TLO,2008-01-11,54.16,54.31,54.10,54.31,1800,46.70
TLO,2008-01-10,54.45,54.49,53.92,54.01,6200,46.44
TLO,2008-01-09,54.55,54.66,54.48,54.48,1900,46.84
TLO,2008-01-08,54.28,54.28,54.20,54.20,400,46.60
TLO,2008-01-07,54.28,54.37,54.28,54.37,1200,46.75
TLO,2008-01-04,54.32,54.32,54.26,54.26,1400,46.66
TLO,2008-01-03,53.96,54.04,53.91,53.97,2800,46.41
TLO,2008-01-02,53.63,54.07,53.63,54.07,3800,46.49
TLO,2007-12-31,53.44,53.68,53.36,53.65,8700,46.13
TLO,2007-12-28,52.91,53.36,52.91,53.19,5900,45.74
TLO,2007-12-27,52.82,52.82,52.82,52.82,200,45.23
TLO,2007-12-26,52.61,52.61,52.37,52.37,1700,44.85
TLO,2007-12-24,52.84,52.89,52.84,52.89,500,45.29
TLO,2007-12-21,53.30,53.30,53.06,53.06,6400,45.44
TLO,2007-12-20,53.75,53.91,53.60,53.60,3100,45.90
TLO,2007-12-19,53.14,53.81,53.11,53.68,12200,45.97
TLO,2007-12-18,53.12,53.12,53.12,53.12,1000,45.49
TLO,2007-12-17,52.67,52.88,52.62,52.88,10400,45.29
TLO,2007-12-14,52.62,52.62,52.50,52.50,3400,44.96
TLO,2007-12-13,52.94,52.98,52.68,52.68,11300,45.11
TLO,2007-12-12,53.02,53.40,52.84,53.39,8600,45.72
TLO,2007-12-11,53.10,53.31,53.10,53.31,300,45.65
TLO,2007-12-10,53.00,53.01,52.91,52.91,8800,45.31
TLO,2007-12-07,53.25,53.25,52.99,53.01,7000,45.40
TLO,2007-12-06,53.73,53.76,53.51,53.62,12400,45.92
TLO,2007-12-05,54.24,54.27,54.02,54.02,2900,46.26
TLO,2007-12-04,54.55,54.55,54.27,54.27,300,46.48
TLO,2007-12-03,54.53,54.53,54.25,54.43,13900,46.61
TLO,2007-11-30,54.12,54.13,54.12,54.13,4800,46.20
TLO,2007-11-29,54.34,54.75,54.32,54.75,5800,46.73
TLO,2007-11-28,54.19,54.19,53.90,53.90,4100,46.00
TLO,2007-11-27,54.81,54.81,54.15,54.25,4700,46.30
TLO,2007-11-26,54.10,55.12,54.10,55.06,2700,46.99
TLO,2007-11-23,53.99,54.25,53.88,53.88,9000,45.99
TLO,2007-11-21,53.77,53.85,53.77,53.82,800,45.93
TLO,2007-11-20,53.55,53.70,53.50,53.55,1900,45.70
TLO,2007-11-19,53.65,53.81,53.34,53.81,9900,45.93
TLO,2007-11-16,53.35,53.35,53.35,53.35,200,45.53
TLO,2007-11-15,52.94,52.95,52.94,52.95,7600,45.19
TLO,2007-11-14,52.79,53.00,52.75,52.87,136400,45.12
TLO,2007-11-13,52.88,52.88,52.88,52.88,10000,45.13
TLO,2007-11-12,52.81,52.81,52.81,52.81,000,45.07
TLO,2007-11-09,52.64,52.81,52.64,52.81,1700,45.07
TLO,2007-11-08,52.44,52.44,52.44,52.44,500,44.76
TLO,2007-11-07,52.39,52.40,52.39,52.40,300,44.72
TLO,2007-11-06,52.31,52.47,52.31,52.38,3300,44.71
TLO,2007-11-05,52.73,52.73,52.55,52.64,1800,44.93
TLO,2007-11-02,52.49,52.49,52.49,52.49,000,44.80
TLO,2007-11-01,52.47,52.49,52.46,52.49,2300,44.80
TLO,2007-10-31,52.14,52.30,52.14,52.30,300,44.46
TLO,2007-10-30,52.46,52.55,52.46,52.55,600,44.67
TLO,2007-10-29,52.44,52.44,52.44,52.44,900,44.58
TLO,2007-10-26,52.41,52.42,52.41,52.42,1000,44.56
TLO,2007-10-25,52.65,52.65,52.65,52.65,000,44.76
TLO,2007-10-24,52.59,52.65,52.55,52.65,2800,44.76
TLO,2007-10-23,52.19,52.22,52.19,52.22,1000,44.39
TLO,2007-10-22,52.24,52.24,52.11,52.11,1400,44.30
TLO,2007-10-19,52.00,52.00,52.00,52.00,200,44.21
TLO,2007-10-18,51.62,51.62,51.55,51.55,200,43.82
TLO,2007-10-17,51.10,51.50,51.10,51.50,2300,43.78
TLO,2007-10-16,50.96,50.96,50.92,50.95,1400,43.31
TLO,2007-10-15,50.79,50.87,50.66,50.87,1300,43.25
TLO,2007-10-12,50.95,50.95,50.95,50.95,000,43.31
TLO,2007-10-11,50.85,50.95,50.82,50.95,2500,43.31
TLO,2007-10-10,50.89,50.99,50.85,50.99,4200,43.35
TLO,2007-10-09,51.18,51.18,51.18,51.18,000,43.51
TLO,2007-10-08,51.18,51.18,51.18,51.18,1000,43.51
TLO,2007-10-05,51.46,51.46,51.46,51.46,000,43.75
TLO,2007-10-04,51.46,51.46,51.46,51.46,000,43.75
TLO,2007-10-03,51.67,51.67,51.45,51.46,4200,43.75
TLO,2007-10-02,51.20,51.52,51.20,51.52,4000,43.80
TLO,2007-10-01,51.44,51.54,51.20,51.54,7900,43.82
TLO,2007-09-28,51.43,51.55,51.27,51.48,1700,43.60
TLO,2007-09-27,51.23,51.32,51.21,51.32,2300,43.46
TLO,2007-09-26,50.88,50.92,50.88,50.92,2200,43.12
TLO,2007-09-25,51.20,51.20,51.20,51.20,000,43.36
TLO,2007-09-24,50.94,51.20,50.94,51.20,6100,43.36
TLO,2007-09-21,51.00,51.14,50.60,51.14,2200,43.31
TLO,2007-09-20,51.24,51.24,50.69,50.69,1200,42.93
TLO,2007-09-19,51.24,51.47,49.24,51.47,25300,43.59
TLO,2007-09-18,51.99,51.99,51.99,51.99,000,44.03
TLO,2007-09-17,51.99,51.99,51.98,51.99,700,44.03
TLO,2007-09-14,52.28,52.42,52.08,52.10,2200,44.12
TLO,2007-09-13,52.40,52.40,51.93,51.93,3800,43.98
TLO,2007-09-12,52.53,52.53,52.26,52.26,2100,44.26
TLO,2007-09-11,52.46,52.47,52.46,52.47,2100,44.43
TLO,2007-09-10,52.28,52.71,52.28,52.61,11100,44.55
TLO,2007-09-07,51.90,52.00,51.90,51.99,700,44.03
TLO,2007-09-06,51.75,51.75,51.58,51.58,5100,43.68
TLO,2007-09-05,51.48,51.66,51.48,51.64,48800,43.73
TLO,2007-09-04,51.37,51.37,51.20,51.33,3600,43.47
TLO,2007-08-31,51.38,52.19,51.38,52.02,3400,43.88
TLO,2007-08-30,51.55,51.55,51.54,51.54,700,43.47
TLO,2007-08-29,51.35,51.35,51.31,51.31,1100,43.28
TLO,2007-08-28,51.42,51.42,51.42,51.42,100,43.37
TLO,2007-08-27,51.31,51.31,51.25,51.25,200,43.23
TLO,2007-08-24,50.97,51.07,50.97,51.07,1100,43.08
TLO,2007-08-23,50.75,50.75,50.75,50.75,800,42.81
TLO,2007-08-22,50.73,50.73,50.54,50.56,9100,42.65
TLO,2007-08-21,50.86,50.86,50.72,50.72,500,42.78
TLO,2007-08-20,50.58,50.58,50.56,50.56,400,42.65
TLO,2007-08-17,50.60,50.60,50.56,50.56,300,42.65
TLO,2007-08-16,50.63,50.96,50.63,50.81,13500,42.86
TLO,2007-08-15,50.57,50.57,50.35,50.38,400,42.49
TLO,2007-08-14,50.49,50.49,50.49,50.49,200,42.59
TLO,2007-08-13,50.42,50.42,50.28,50.28,1600,42.41
TLO,2007-08-10,50.47,50.47,50.42,50.42,800,42.53
TLO,2007-08-09,50.48,50.48,50.48,50.48,000,42.58
TLO,2007-08-08,50.48,50.48,50.48,50.48,4000,42.58
TLO,2007-08-07,50.75,50.75,50.75,50.75,000,42.81
TLO,2007-08-06,50.75,50.75,50.75,50.75,100,42.81
TLO,2007-08-03,50.72,50.72,50.72,50.72,500,42.78
TLO,2007-08-02,50.53,50.55,50.52,50.52,900,42.61
TLO,2007-08-01,50.52,50.61,50.52,50.61,800,42.69
TLO,2007-07-31,50.62,50.79,50.62,50.77,900,42.65
TLO,2007-07-30,50.57,50.58,50.56,50.58,800,42.49
TLO,2007-07-27,50.70,50.70,50.70,50.70,400,42.59
TLO,2007-07-26,50.44,50.61,50.44,50.61,500,42.51
TLO,2007-07-25,50.12,50.16,50.12,50.16,1400,42.14
TLO,2007-07-24,50.04,50.06,49.97,49.97,2600,41.98
TLO,2007-07-23,49.96,49.96,49.96,49.96,200,41.97
TLO,2007-07-20,49.62,50.03,49.62,49.98,2500,41.98
TLO,2007-07-19,49.34,49.52,49.34,49.52,6400,41.60
TLO,2007-07-18,49.72,49.74,49.67,49.67,1100,41.72
TLO,2007-07-17,49.30,49.30,49.30,49.30,300,41.41
TLO,2007-07-16,49.19,49.19,49.19,49.19,000,41.32
TLO,2007-07-13,49.28,49.28,49.19,49.19,1300,41.32
TLO,2007-07-12,49.17,49.17,49.01,49.01,1200,41.17
TLO,2007-07-11,49.53,49.53,49.23,49.23,900,41.35
TLO,2007-07-10,49.36,49.36,49.36,49.36,200,41.46
TLO,2007-07-09,48.92,48.92,48.92,48.92,1500,41.09
TLO,2007-07-06,49.07,49.07,49.07,49.07,000,41.22
TLO,2007-07-05,49.17,49.19,49.05,49.07,130200,41.22
TLO,2007-07-03,49.55,49.55,49.55,49.55,100,41.62
TLO,2007-07-02,49.48,49.48,49.48,49.48,000,41.56
TLO,2007-06-29,49.48,49.48,49.48,49.48,10000,41.38
TLO,2007-06-28,48.97,48.97,48.97,48.97,000,40.95
TLO,2007-06-27,48.97,48.97,48.97,48.97,000,40.95
TLO,2007-06-26,48.97,48.97,48.97,48.97,000,40.95
TLO,2007-06-25,48.97,48.97,48.97,48.97,000,40.95
TLO,2007-06-22,48.97,48.97,48.97,48.97,000,40.95
TLO,2007-06-21,48.97,48.97,48.97,48.97,000,40.95
TLO,2007-06-20,48.97,48.97,48.97,48.97,000,40.95
TLO,2007-06-19,48.97,48.97,48.97,48.97,000,40.95
TLO,2007-06-18,48.97,48.97,48.97,48.97,000,40.95
TLO,2007-06-15,48.97,48.97,48.97,48.97,300,40.95
TLO,2007-06-14,48.74,48.74,48.74,48.74,000,40.76
TLO,2007-06-13,48.74,48.74,48.74,48.74,200,40.76
TLO,2007-06-12,49.00,49.00,49.00,49.00,000,40.98
TLO,2007-06-11,48.84,49.00,48.84,49.00,8200,40.98
TLO,2007-06-08,49.91,49.91,49.91,49.91,000,41.74
TLO,2007-06-07,49.91,49.91,49.91,49.91,000,41.74
TLO,2007-06-06,49.86,49.91,49.86,49.91,2600,41.74
TLO,2007-06-05,49.91,49.91,49.91,49.91,000,41.74
TLO,2007-06-04,49.91,49.91,49.91,49.91,000,41.74
TLO,2007-06-01,49.90,49.91,49.90,49.91,200,41.74
TLO,2007-05-31,50.29,50.29,50.29,50.29,000,42.06
TLO,2007-05-30,50.29,50.29,50.29,50.29,100,42.06
